2025-11-25 14:21:22.883 | DEBUG    | train.trainer:train_and_evaluation:113 - train_loss:0.24221566687648496,index:0
2025-11-25 14:21:22.883 | DEBUG    | train.trainer:train_and_evaluation:115 - validation_loss:0.05392875807980697,index:0
2025-11-25 14:26:14.453 | DEBUG    | train.trainer:train_and_evaluation:113 - train_loss:0.24221566687648496,index:0
2025-11-25 14:26:14.454 | DEBUG    | train.trainer:train_and_evaluation:115 - validation_loss:0.05392875807980697,index:0
2025-11-25 14:26:14.454 | DEBUG    | train.trainer:train_and_evaluation:117 - location_rmse:138.51372042569247,index:0
2025-11-25 14:26:14.454 | DEBUG    | train.trainer:train_and_evaluation:119 - velocity_rmse:14.311537190639612,index:0
2025-11-25 14:27:38.248 | DEBUG    | train.trainer:train_and_evaluation:113 - train_loss:0.02551588350624749,index:1
2025-11-25 14:27:38.248 | DEBUG    | train.trainer:train_and_evaluation:115 - validation_loss:0.011101461326788095,index:1
2025-11-25 14:27:38.248 | DEBUG    | train.trainer:train_and_evaluation:117 - location_rmse:73.8137139753862,index:1
2025-11-25 14:27:38.248 | DEBUG    | train.trainer:train_and_evaluation:119 - velocity_rmse:5.272967441154249,index:1
2025-11-25 14:29:09.112 | DEBUG    | train.trainer:train_and_evaluation:113 - train_loss:0.013972801064056429,index:2
2025-11-25 14:29:09.114 | DEBUG    | train.trainer:train_and_evaluation:115 - validation_loss:0.007332665651020679,index:2
2025-11-25 14:29:09.114 | DEBUG    | train.trainer:train_and_evaluation:117 - location_rmse:53.086569826530685,index:2
2025-11-25 14:29:09.115 | DEBUG    | train.trainer:train_and_evaluation:119 - velocity_rmse:4.7533293319470955,index:2
2025-11-25 14:30:21.879 | DEBUG    | train.trainer:train_and_evaluation:113 - train_loss:0.011608764438071486,index:3
2025-11-25 14:30:21.879 | DEBUG    | train.trainer:train_and_evaluation:115 - validation_loss:0.007682444413446567,index:3
2025-11-25 14:30:21.879 | DEBUG    | train.trainer:train_and_evaluation:117 - location_rmse:61.2960350152218,index:3
2025-11-25 14:30:21.880 | DEBUG    | train.trainer:train_and_evaluation:119 - velocity_rmse:4.614863339337435,index:3
2025-11-25 14:31:35.159 | DEBUG    | train.trainer:train_and_evaluation:113 - train_loss:0.009590929182189883,index:4
2025-11-25 14:31:35.160 | DEBUG    | train.trainer:train_and_evaluation:115 - validation_loss:0.015139180204520623,index:4
2025-11-25 14:31:35.160 | DEBUG    | train.trainer:train_and_evaluation:117 - location_rmse:94.26970876057943,index:4
2025-11-25 14:31:35.160 | DEBUG    | train.trainer:train_and_evaluation:119 - velocity_rmse:5.414800373713176,index:4
2025-11-25 14:32:48.529 | DEBUG    | train.trainer:train_and_evaluation:113 - train_loss:0.010176767542549042,index:5
2025-11-25 14:32:48.529 | DEBUG    | train.trainer:train_and_evaluation:115 - validation_loss:0.007891580898484046,index:5
2025-11-25 14:32:48.529 | DEBUG    | train.trainer:train_and_evaluation:117 - location_rmse:51.561836046161076,index:5
2025-11-25 14:32:48.529 | DEBUG    | train.trainer:train_and_evaluation:119 - velocity_rmse:5.1616262016874375,index:5
2025-11-25 14:34:13.607 | DEBUG    | train.trainer:train_and_evaluation:113 - train_loss:0.007409651432835469,index:6
2025-11-25 14:34:13.608 | DEBUG    | train.trainer:train_and_evaluation:115 - validation_loss:0.005782861123567052,index:6
2025-11-25 14:34:13.608 | DEBUG    | train.trainer:train_and_evaluation:117 - location_rmse:39.21191039229884,index:6
2025-11-25 14:34:13.608 | DEBUG    | train.trainer:train_and_evaluation:119 - velocity_rmse:4.438852714769768,index:6
2025-11-25 14:35:40.136 | DEBUG    | train.trainer:train_and_evaluation:113 - train_loss:0.00682906254999001,index:7
2025-11-25 14:35:40.137 | DEBUG    | train.trainer:train_and_evaluation:115 - validation_loss:0.004524403193852666,index:7
2025-11-25 14:35:40.137 | DEBUG    | train.trainer:train_and_evaluation:117 - location_rmse:32.580243255152844,index:7
2025-11-25 14:35:40.137 | DEBUG    | train.trainer:train_and_evaluation:119 - velocity_rmse:4.34196263515588,index:7
2025-11-25 14:37:07.475 | DEBUG    | train.trainer:train_and_evaluation:113 - train_loss:0.006288646013391289,index:8
2025-11-25 14:37:07.476 | DEBUG    | train.trainer:train_and_evaluation:115 - validation_loss:0.004366611485425947,index:8
2025-11-25 14:37:07.476 | DEBUG    | train.trainer:train_and_evaluation:117 - location_rmse:32.6124600612756,index:8
2025-11-25 14:37:07.476 | DEBUG    | train.trainer:train_and_evaluation:119 - velocity_rmse:4.28787634155967,index:8
2025-11-25 14:38:32.326 | DEBUG    | train.trainer:train_and_evaluation:113 - train_loss:0.0059718088263815096,index:9
2025-11-25 14:38:32.327 | DEBUG    | train.trainer:train_and_evaluation:115 - validation_loss:0.004215164609592069,index:9
2025-11-25 14:38:32.327 | DEBUG    | train.trainer:train_and_evaluation:117 - location_rmse:31.308711647264886,index:9
2025-11-25 14:38:32.327 | DEBUG    | train.trainer:train_and_evaluation:119 - velocity_rmse:4.229325329173695,index:9
2025-11-25 14:39:48.752 | DEBUG    | train.trainer:train_and_evaluation:113 - train_loss:0.005798532696243263,index:10
2025-11-25 14:39:48.752 | DEBUG    | train.trainer:train_and_evaluation:115 - validation_loss:0.005748377096923915,index:10
2025-11-25 14:39:48.752 | DEBUG    | train.trainer:train_and_evaluation:117 - location_rmse:47.1485146262429,index:10
2025-11-25 14:39:48.753 | DEBUG    | train.trainer:train_and_evaluation:119 - velocity_rmse:4.523775295777754,index:10
2025-11-25 14:41:12.610 | DEBUG    | train.trainer:train_and_evaluation:113 - train_loss:0.0057521714480368025,index:11
2025-11-25 14:41:12.610 | DEBUG    | train.trainer:train_and_evaluation:115 - validation_loss:0.004245153662155975,index:11
2025-11-25 14:41:12.610 | DEBUG    | train.trainer:train_and_evaluation:117 - location_rmse:35.36629890673088,index:11
2025-11-25 14:41:12.610 | DEBUG    | train.trainer:train_and_evaluation:119 - velocity_rmse:4.0717798536474055,index:11
2025-11-25 14:43:16.786 | DEBUG    | train.trainer:train_and_evaluation:113 - train_loss:0.005713367028246549,index:12
2025-11-25 14:43:16.787 | DEBUG    | train.trainer:train_and_evaluation:115 - validation_loss:0.004016538299479042,index:12
2025-11-25 14:43:16.788 | DEBUG    | train.trainer:train_and_evaluation:117 - location_rmse:31.801268843448522,index:12
2025-11-25 14:43:16.789 | DEBUG    | train.trainer:train_and_evaluation:119 - velocity_rmse:4.055012465968277,index:12
2025-11-25 14:44:56.632 | DEBUG    | train.trainer:train_and_evaluation:113 - train_loss:0.005417284752298711,index:13
2025-11-25 14:44:56.632 | DEBUG    | train.trainer:train_and_evaluation:115 - validation_loss:0.003799298791581708,index:13
2025-11-25 14:44:56.632 | DEBUG    | train.trainer:train_and_evaluation:117 - location_rmse:30.360883967081705,index:13
2025-11-25 14:44:56.633 | DEBUG    | train.trainer:train_and_evaluation:119 - velocity_rmse:3.9646654519167814,index:13
2025-11-25 14:46:36.777 | DEBUG    | train.trainer:train_and_evaluation:113 - train_loss:0.005368458417554696,index:14
2025-11-25 14:46:36.777 | DEBUG    | train.trainer:train_and_evaluation:115 - validation_loss:0.003932408742239755,index:14
2025-11-25 14:46:36.777 | DEBUG    | train.trainer:train_and_evaluation:117 - location_rmse:32.06812345331365,index:14
2025-11-25 14:46:36.777 | DEBUG    | train.trainer:train_and_evaluation:119 - velocity_rmse:3.9745436762318467,index:14
2025-11-25 14:47:59.770 | DEBUG    | train.trainer:train_and_evaluation:113 - train_loss:0.005174976021940397,index:15
2025-11-25 14:47:59.771 | DEBUG    | train.trainer:train_and_evaluation:115 - validation_loss:0.004041057597902236,index:15
2025-11-25 14:47:59.771 | DEBUG    | train.trainer:train_and_evaluation:117 - location_rmse:29.979415986032198,index:15
2025-11-25 14:47:59.771 | DEBUG    | train.trainer:train_and_evaluation:119 - velocity_rmse:4.154561903259971,index:15
2025-11-25 14:49:31.888 | DEBUG    | train.trainer:train_and_evaluation:113 - train_loss:0.005093769424552606,index:16
2025-11-25 14:49:31.889 | DEBUG    | train.trainer:train_and_evaluation:115 - validation_loss:0.00391837387402175,index:16
2025-11-25 14:49:31.889 | DEBUG    | train.trainer:train_and_evaluation:117 - location_rmse:28.679292927366316,index:16
2025-11-25 14:49:31.889 | DEBUG    | train.trainer:train_and_evaluation:119 - velocity_rmse:4.112627822702581,index:16
2025-11-25 14:51:05.769 | DEBUG    | train.trainer:train_and_evaluation:113 - train_loss:0.004996460167634668,index:17
2025-11-25 14:51:05.770 | DEBUG    | train.trainer:train_and_evaluation:115 - validation_loss:0.004527773326403941,index:17
2025-11-25 14:51:05.770 | DEBUG    | train.trainer:train_and_evaluation:117 - location_rmse:33.66572058706573,index:17
2025-11-25 14:51:05.770 | DEBUG    | train.trainer:train_and_evaluation:119 - velocity_rmse:4.298679398045396,index:17
2025-11-25 14:52:40.469 | DEBUG    | train.trainer:train_and_evaluation:113 - train_loss:0.004988666129100955,index:18
2025-11-25 14:52:40.470 | DEBUG    | train.trainer:train_and_evaluation:115 - validation_loss:0.004367092089501746,index:18
2025-11-25 14:52:40.470 | DEBUG    | train.trainer:train_and_evaluation:117 - location_rmse:32.37098605994022,index:18
2025-11-25 14:52:40.470 | DEBUG    | train.trainer:train_and_evaluation:119 - velocity_rmse:4.267574194705848,index:18
2025-11-25 14:54:24.297 | DEBUG    | train.trainer:train_and_evaluation:113 - train_loss:0.004921988902867517,index:19
2025-11-25 14:54:24.298 | DEBUG    | train.trainer:train_and_evaluation:115 - validation_loss:0.0037422672806618116,index:19
2025-11-25 14:54:24.298 | DEBUG    | train.trainer:train_and_evaluation:117 - location_rmse:29.048893148248847,index:19
2025-11-25 14:54:24.298 | DEBUG    | train.trainer:train_and_evaluation:119 - velocity_rmse:3.9929979360464847,index:19
2025-11-25 14:56:14.134 | DEBUG    | train.trainer:train_and_evaluation:113 - train_loss:0.004836124020812073,index:20
2025-11-25 14:56:14.135 | DEBUG    | train.trainer:train_and_evaluation:115 - validation_loss:0.0036629238254108436,index:20
2025-11-25 14:56:14.135 | DEBUG    | train.trainer:train_and_evaluation:117 - location_rmse:28.74870842442368,index:20
2025-11-25 14:56:14.135 | DEBUG    | train.trainer:train_and_evaluation:119 - velocity_rmse:3.9395219932902945,index:20
2025-11-25 14:58:01.777 | DEBUG    | train.trainer:train_and_evaluation:113 - train_loss:0.005138655400933754,index:21
2025-11-25 14:58:01.777 | DEBUG    | train.trainer:train_and_evaluation:115 - validation_loss:0.003686924076244009,index:21
2025-11-25 14:58:01.778 | DEBUG    | train.trainer:train_and_evaluation:117 - location_rmse:31.094147352738815,index:21
2025-11-25 14:58:01.778 | DEBUG    | train.trainer:train_and_evaluation:119 - velocity_rmse:3.844915163155758,index:21
2025-11-25 14:59:48.753 | DEBUG    | train.trainer:train_and_evaluation:113 - train_loss:0.004802930782774858,index:22
2025-11-25 14:59:48.753 | DEBUG    | train.trainer:train_and_evaluation:115 - validation_loss:0.004278119772700875,index:22
2025-11-25 14:59:48.753 | DEBUG    | train.trainer:train_and_evaluation:117 - location_rmse:36.300763205325964,index:22
2025-11-25 14:59:48.753 | DEBUG    | train.trainer:train_and_evaluation:119 - velocity_rmse:4.027902949217594,index:22
2025-11-25 15:01:25.152 | DEBUG    | train.trainer:train_and_evaluation:113 - train_loss:0.004878229794417028,index:23
2025-11-25 15:01:25.152 | DEBUG    | train.trainer:train_and_evaluation:115 - validation_loss:0.003839292622058455,index:23
2025-11-25 15:01:25.152 | DEBUG    | train.trainer:train_and_evaluation:117 - location_rmse:31.661912045334326,index:23
2025-11-25 15:01:25.152 | DEBUG    | train.trainer:train_and_evaluation:119 - velocity_rmse:3.968244621247956,index:23
2025-11-25 15:03:06.232 | DEBUG    | train.trainer:train_and_evaluation:113 - train_loss:0.004682474075746017,index:24
2025-11-25 15:03:06.233 | DEBUG    | train.trainer:train_and_evaluation:115 - validation_loss:0.003838509546987938,index:24
2025-11-25 15:03:06.233 | DEBUG    | train.trainer:train_and_evaluation:117 - location_rmse:29.498314817024,index:24
2025-11-25 15:03:06.233 | DEBUG    | train.trainer:train_and_evaluation:119 - velocity_rmse:3.9608758333957557,index:24
2025-11-25 15:04:49.823 | DEBUG    | train.trainer:train_and_evaluation:113 - train_loss:0.0048459055718514275,index:25
2025-11-25 15:04:49.824 | DEBUG    | train.trainer:train_and_evaluation:115 - validation_loss:0.003974250869148157,index:25
2025-11-25 15:04:49.824 | DEBUG    | train.trainer:train_and_evaluation:117 - location_rmse:33.91602321971546,index:25
2025-11-25 15:04:49.824 | DEBUG    | train.trainer:train_and_evaluation:119 - velocity_rmse:3.930727878483859,index:25
2025-11-25 15:06:47.107 | DEBUG    | train.trainer:train_and_evaluation:113 - train_loss:0.004789626147301699,index:26
2025-11-25 15:06:47.107 | DEBUG    | train.trainer:train_and_evaluation:115 - validation_loss:0.004019546729978174,index:26
2025-11-25 15:06:47.107 | DEBUG    | train.trainer:train_and_evaluation:117 - location_rmse:31.682584496700404,index:26
2025-11-25 15:06:47.107 | DEBUG    | train.trainer:train_and_evaluation:119 - velocity_rmse:4.082729344656973,index:26
2025-11-25 15:08:45.442 | DEBUG    | train.trainer:train_and_evaluation:113 - train_loss:0.004738300875196177,index:27
2025-11-25 15:08:45.442 | DEBUG    | train.trainer:train_and_evaluation:115 - validation_loss:0.004478638570501723,index:27
2025-11-25 15:08:45.443 | DEBUG    | train.trainer:train_and_evaluation:117 - location_rmse:39.2448460781213,index:27
2025-11-25 15:08:45.443 | DEBUG    | train.trainer:train_and_evaluation:119 - velocity_rmse:3.931350739074476,index:27
2025-11-25 15:10:17.142 | DEBUG    | train.trainer:train_and_evaluation:113 - train_loss:0.004629005174025555,index:28
2025-11-25 15:10:17.143 | DEBUG    | train.trainer:train_and_evaluation:115 - validation_loss:0.005677599520563628,index:28
2025-11-25 15:10:17.143 | DEBUG    | train.trainer:train_and_evaluation:117 - location_rmse:46.20420390620376,index:28
2025-11-25 15:10:17.143 | DEBUG    | train.trainer:train_and_evaluation:119 - velocity_rmse:4.536626271045569,index:28
2025-11-25 15:11:50.546 | DEBUG    | train.trainer:train_and_evaluation:113 - train_loss:0.0048910970254236776,index:29
2025-11-25 15:11:50.546 | DEBUG    | train.trainer:train_and_evaluation:115 - validation_loss:0.00576313523730884,index:29
2025-11-25 15:11:50.546 | DEBUG    | train.trainer:train_and_evaluation:117 - location_rmse:43.703762516830906,index:29
2025-11-25 15:11:50.546 | DEBUG    | train.trainer:train_and_evaluation:119 - velocity_rmse:4.584929591236692,index:29
2025-11-25 15:13:33.563 | DEBUG    | train.trainer:train_and_evaluation:113 - train_loss:0.004670514029055608,index:30
2025-11-25 15:13:33.563 | DEBUG    | train.trainer:train_and_evaluation:115 - validation_loss:0.0036415717239971414,index:30
2025-11-25 15:13:33.564 | DEBUG    | train.trainer:train_and_evaluation:117 - location_rmse:30.624817067926582,index:30
2025-11-25 15:13:33.564 | DEBUG    | train.trainer:train_and_evaluation:119 - velocity_rmse:3.832525261965665,index:30
2025-11-25 15:15:18.323 | DEBUG    | train.trainer:train_and_evaluation:113 - train_loss:0.004688800673113402,index:31
2025-11-25 15:15:18.323 | DEBUG    | train.trainer:train_and_evaluation:115 - validation_loss:0.003690888205627826,index:31
2025-11-25 15:15:18.324 | DEBUG    | train.trainer:train_and_evaluation:117 - location_rmse:30.51294525608872,index:31
2025-11-25 15:15:18.324 | DEBUG    | train.trainer:train_and_evaluation:119 - velocity_rmse:3.862546922943809,index:31
2025-11-25 15:16:52.113 | DEBUG    | train.trainer:train_and_evaluation:113 - train_loss:0.004427560033121457,index:32
2025-11-25 15:16:52.113 | DEBUG    | train.trainer:train_and_evaluation:115 - validation_loss:0.003563316473666804,index:32
2025-11-25 15:16:52.113 | DEBUG    | train.trainer:train_and_evaluation:117 - location_rmse:29.101251631072074,index:32
2025-11-25 15:16:52.113 | DEBUG    | train.trainer:train_and_evaluation:119 - velocity_rmse:3.8731497901858707,index:32
2025-11-25 15:18:19.171 | DEBUG    | train.trainer:train_and_evaluation:113 - train_loss:0.004478127391317464,index:33
2025-11-25 15:18:19.171 | DEBUG    | train.trainer:train_and_evaluation:115 - validation_loss:0.0035564507241360845,index:33
2025-11-25 15:18:19.172 | DEBUG    | train.trainer:train_and_evaluation:117 - location_rmse:30.34059559215199,index:33
2025-11-25 15:18:19.172 | DEBUG    | train.trainer:train_and_evaluation:119 - velocity_rmse:3.79167945095987,index:33
2025-11-25 15:19:44.148 | DEBUG    | train.trainer:train_and_evaluation:113 - train_loss:0.004407762736152632,index:34
2025-11-25 15:19:44.148 | DEBUG    | train.trainer:train_and_evaluation:115 - validation_loss:0.0036099171900952406,index:34
2025-11-25 15:19:44.148 | DEBUG    | train.trainer:train_and_evaluation:117 - location_rmse:30.461826104828805,index:34
2025-11-25 15:19:44.149 | DEBUG    | train.trainer:train_and_evaluation:119 - velocity_rmse:3.8178106011766375,index:34
2025-12-09 12:02:17.829 | DEBUG    | train.trainer:train_and_evaluation:113 - train_loss:0.07458782029047495,index:0
2025-12-09 12:02:17.831 | DEBUG    | train.trainer:train_and_evaluation:115 - validation_loss:0.01692498290454122,index:0
2025-12-09 12:02:17.831 | DEBUG    | train.trainer:train_and_evaluation:117 - location_rmse:73.69517001481489,index:0
2025-12-09 12:02:17.831 | DEBUG    | train.trainer:train_and_evaluation:119 - velocity_rmse:7.655564683047208,index:0
2025-12-09 12:09:25.990 | DEBUG    | train.trainer:train_and_evaluation:113 - train_loss:0.015813739564777777,index:1
2025-12-09 12:09:25.990 | DEBUG    | train.trainer:train_and_evaluation:115 - validation_loss:0.011881093778224154,index:1
2025-12-09 12:09:25.991 | DEBUG    | train.trainer:train_and_evaluation:117 - location_rmse:54.6519430361661,index:1
2025-12-09 12:09:25.991 | DEBUG    | train.trainer:train_and_evaluation:119 - velocity_rmse:6.616022881161083,index:1
2025-12-09 12:17:06.032 | DEBUG    | train.trainer:train_and_evaluation:113 - train_loss:0.01313711181026178,index:2
2025-12-09 12:17:06.032 | DEBUG    | train.trainer:train_and_evaluation:115 - validation_loss:0.010956661804833196,index:2
2025-12-09 12:17:06.032 | DEBUG    | train.trainer:train_and_evaluation:117 - location_rmse:47.88808794125644,index:2
2025-12-09 12:17:06.032 | DEBUG    | train.trainer:train_and_evaluation:119 - velocity_rmse:6.498687672528353,index:2
2025-12-09 12:24:47.630 | DEBUG    | train.trainer:train_and_evaluation:113 - train_loss:0.012652569008793569,index:3
2025-12-09 12:24:47.631 | DEBUG    | train.trainer:train_and_evaluation:115 - validation_loss:0.01141520745781335,index:3
2025-12-09 12:24:47.631 | DEBUG    | train.trainer:train_and_evaluation:117 - location_rmse:48.359196092085405,index:3
2025-12-09 12:24:47.631 | DEBUG    | train.trainer:train_and_evaluation:119 - velocity_rmse:6.679736618041992,index:3
2025-12-09 12:32:28.256 | DEBUG    | train.trainer:train_and_evaluation:113 - train_loss:0.013991388277094247,index:4
2025-12-09 12:32:28.256 | DEBUG    | train.trainer:train_and_evaluation:115 - validation_loss:0.011722232026894661,index:4
2025-12-09 12:32:28.256 | DEBUG    | train.trainer:train_and_evaluation:117 - location_rmse:51.66821378673207,index:4
2025-12-09 12:32:28.256 | DEBUG    | train.trainer:train_and_evaluation:119 - velocity_rmse:6.623334863229231,index:4
2025-12-09 12:43:26.924 | DEBUG    | train.trainer:train_and_evaluation:113 - train_loss:0.01222083966569467,index:5
2025-12-09 12:43:26.925 | DEBUG    | train.trainer:train_and_evaluation:115 - validation_loss:0.010909753058698367,index:5
2025-12-09 12:43:26.925 | DEBUG    | train.trainer:train_and_evaluation:117 - location_rmse:48.29503359153054,index:5
2025-12-09 12:43:26.925 | DEBUG    | train.trainer:train_and_evaluation:119 - velocity_rmse:6.472575294668024,index:5
2025-12-09 13:01:48.232 | DEBUG    | train.trainer:train_and_evaluation:113 - train_loss:0.011848627902073503,index:6
2025-12-09 13:01:48.233 | DEBUG    | train.trainer:train_and_evaluation:115 - validation_loss:0.010723533099771223,index:6
2025-12-09 13:01:48.233 | DEBUG    | train.trainer:train_and_evaluation:117 - location_rmse:48.90472382701527,index:6
2025-12-09 13:01:48.233 | DEBUG    | train.trainer:train_and_evaluation:119 - velocity_rmse:6.35036759298498,index:6
2025-12-09 13:11:35.584 | DEBUG    | train.trainer:train_and_evaluation:113 - train_loss:0.011783641109751029,index:7
2025-12-09 13:11:35.585 | DEBUG    | train.trainer:train_and_evaluation:115 - validation_loss:0.010617613245563751,index:7
2025-12-09 13:11:35.585 | DEBUG    | train.trainer:train_and_evaluation:117 - location_rmse:46.52760290527344,index:7
2025-12-09 13:11:35.585 | DEBUG    | train.trainer:train_and_evaluation:119 - velocity_rmse:6.447565930539912,index:7
2025-12-09 13:21:04.537 | DEBUG    | train.trainer:train_and_evaluation:113 - train_loss:0.011336811459905496,index:8
2025-12-09 13:21:04.537 | DEBUG    | train.trainer:train_and_evaluation:115 - validation_loss:0.010616991793736815,index:8
2025-12-09 13:21:04.537 | DEBUG    | train.trainer:train_and_evaluation:117 - location_rmse:48.30657771439986,index:8
2025-12-09 13:21:04.537 | DEBUG    | train.trainer:train_and_evaluation:119 - velocity_rmse:6.358065291231329,index:8
2025-12-09 13:30:28.997 | DEBUG    | train.trainer:train_and_evaluation:113 - train_loss:0.011015872776508331,index:9
2025-12-09 13:30:28.998 | DEBUG    | train.trainer:train_and_evaluation:115 - validation_loss:0.01047809026077051,index:9
2025-12-09 13:30:28.998 | DEBUG    | train.trainer:train_and_evaluation:117 - location_rmse:46.457895877491346,index:9
2025-12-09 13:30:28.999 | DEBUG    | train.trainer:train_and_evaluation:119 - velocity_rmse:6.41750453896956,index:9
2025-12-09 13:40:09.348 | DEBUG    | train.trainer:train_and_evaluation:113 - train_loss:0.010975772107104686,index:10
2025-12-09 13:40:09.348 | DEBUG    | train.trainer:train_and_evaluation:115 - validation_loss:0.010042784494432536,index:10
2025-12-09 13:40:09.348 | DEBUG    | train.trainer:train_and_evaluation:117 - location_rmse:43.5819218118841,index:10
2025-12-09 13:40:09.349 | DEBUG    | train.trainer:train_and_evaluation:119 - velocity_rmse:6.290012122934515,index:10
2025-12-09 13:52:22.011 | DEBUG    | train.trainer:train_and_evaluation:113 - train_loss:0.01075792779702919,index:11
2025-12-09 13:52:22.011 | DEBUG    | train.trainer:train_and_evaluation:115 - validation_loss:0.01009539296863262,index:11
2025-12-09 13:52:22.011 | DEBUG    | train.trainer:train_and_evaluation:117 - location_rmse:43.172971327348186,index:11
2025-12-09 13:52:22.011 | DEBUG    | train.trainer:train_and_evaluation:119 - velocity_rmse:6.400136854865334,index:11
2025-12-09 14:10:08.268 | DEBUG    | train.trainer:train_and_evaluation:113 - train_loss:0.010548855975326715,index:12
2025-12-09 14:10:08.268 | DEBUG    | train.trainer:train_and_evaluation:115 - validation_loss:0.009666114664382556,index:12
2025-12-09 14:10:08.268 | DEBUG    | train.trainer:train_and_evaluation:117 - location_rmse:43.07959629405629,index:12
2025-12-09 14:10:08.269 | DEBUG    | train.trainer:train_and_evaluation:119 - velocity_rmse:6.188641409527172,index:12
2025-12-09 14:17:17.578 | DEBUG    | train.trainer:train_and_evaluation:113 - train_loss:0.010456316332502122,index:13
2025-12-09 14:17:17.578 | DEBUG    | train.trainer:train_and_evaluation:115 - validation_loss:0.00989137642441148,index:13
2025-12-09 14:17:17.578 | DEBUG    | train.trainer:train_and_evaluation:117 - location_rmse:42.59041939267245,index:13
2025-12-09 14:17:17.578 | DEBUG    | train.trainer:train_and_evaluation:119 - velocity_rmse:6.2781786481683906,index:13
2025-12-09 14:25:10.737 | DEBUG    | train.trainer:train_and_evaluation:113 - train_loss:0.010357618716630069,index:14
2025-12-09 14:25:10.738 | DEBUG    | train.trainer:train_and_evaluation:115 - validation_loss:0.009586348073599352,index:14
2025-12-09 14:25:10.738 | DEBUG    | train.trainer:train_and_evaluation:117 - location_rmse:42.200184685447,index:14
2025-12-09 14:25:10.738 | DEBUG    | train.trainer:train_and_evaluation:119 - velocity_rmse:6.246790924852545,index:14
2025-12-09 14:33:29.662 | DEBUG    | train.trainer:train_and_evaluation:113 - train_loss:0.010255967566179055,index:15
2025-12-09 14:33:29.662 | DEBUG    | train.trainer:train_and_evaluation:115 - validation_loss:0.009543140672570602,index:15
2025-12-09 14:33:29.663 | DEBUG    | train.trainer:train_and_evaluation:117 - location_rmse:42.912148601185194,index:15
2025-12-09 14:33:29.663 | DEBUG    | train.trainer:train_and_evaluation:119 - velocity_rmse:6.1906754767678,index:15
2025-12-09 14:42:46.524 | DEBUG    | train.trainer:train_and_evaluation:113 - train_loss:0.0100301185169356,index:16
2025-12-09 14:42:46.524 | DEBUG    | train.trainer:train_and_evaluation:115 - validation_loss:0.009435389504810288,index:16
2025-12-09 14:42:46.525 | DEBUG    | train.trainer:train_and_evaluation:117 - location_rmse:41.62662113328413,index:16
2025-12-09 14:42:46.525 | DEBUG    | train.trainer:train_and_evaluation:119 - velocity_rmse:6.185155041954734,index:16
2025-12-09 14:54:50.967 | DEBUG    | train.trainer:train_and_evaluation:113 - train_loss:0.009987209408205341,index:17
2025-12-09 14:54:50.969 | DEBUG    | train.trainer:train_and_evaluation:115 - validation_loss:0.009602359651333906,index:17
2025-12-09 14:54:50.969 | DEBUG    | train.trainer:train_and_evaluation:117 - location_rmse:41.19003852289373,index:17
2025-12-09 14:54:50.969 | DEBUG    | train.trainer:train_and_evaluation:119 - velocity_rmse:6.272716257615523,index:17
2025-12-09 15:15:26.189 | DEBUG    | train.trainer:train_and_evaluation:113 - train_loss:0.009914559779575829,index:18
2025-12-09 15:15:26.190 | DEBUG    | train.trainer:train_and_evaluation:115 - validation_loss:0.009479960241693664,index:18
2025-12-09 15:15:26.190 | DEBUG    | train.trainer:train_and_evaluation:117 - location_rmse:41.5876575310447,index:18
2025-12-09 15:15:26.190 | DEBUG    | train.trainer:train_and_evaluation:119 - velocity_rmse:6.1686932249936195,index:18
2025-12-09 15:28:02.748 | DEBUG    | train.trainer:train_and_evaluation:113 - train_loss:0.009887144336406367,index:19
2025-12-09 15:28:02.748 | DEBUG    | train.trainer:train_and_evaluation:115 - validation_loss:0.00937269699099389,index:19
2025-12-09 15:28:02.748 | DEBUG    | train.trainer:train_and_evaluation:117 - location_rmse:41.12478962291371,index:19
2025-12-09 15:28:02.749 | DEBUG    | train.trainer:train_and_evaluation:119 - velocity_rmse:6.16002815471996,index:19
2025-12-09 15:37:09.022 | DEBUG    | train.trainer:train_and_evaluation:113 - train_loss:0.009816501464807626,index:20
2025-12-09 15:37:09.023 | DEBUG    | train.trainer:train_and_evaluation:115 - validation_loss:0.009708841816860844,index:20
2025-12-09 15:37:09.023 | DEBUG    | train.trainer:train_and_evaluation:117 - location_rmse:41.530166040593926,index:20
2025-12-09 15:37:09.023 | DEBUG    | train.trainer:train_and_evaluation:119 - velocity_rmse:6.260888446287676,index:20
2025-12-09 15:46:53.803 | DEBUG    | train.trainer:train_and_evaluation:113 - train_loss:0.009800758095599259,index:21
2025-12-09 15:46:53.803 | DEBUG    | train.trainer:train_and_evaluation:115 - validation_loss:0.009451914864719253,index:21
2025-12-09 15:46:53.804 | DEBUG    | train.trainer:train_and_evaluation:117 - location_rmse:44.92367008070512,index:21
2025-12-09 15:46:53.804 | DEBUG    | train.trainer:train_and_evaluation:119 - velocity_rmse:6.092695016687567,index:21
2025-12-10 09:59:20.287 | DEBUG    | train.trainer:train_and_evaluation:113 - train_loss:0.20231647945982828,index:0
2025-12-10 09:59:20.288 | DEBUG    | train.trainer:train_and_evaluation:115 - validation_loss:0.023065656923096287,index:0
2025-12-10 09:59:20.288 | DEBUG    | train.trainer:train_and_evaluation:117 - location_rmse:107.02489309137518,index:0
2025-12-10 09:59:20.288 | DEBUG    | train.trainer:train_and_evaluation:119 - velocity_rmse:10.683512529026379,index:0
2025-12-10 10:01:35.795 | DEBUG    | train.trainer:train_and_evaluation:113 - train_loss:0.020166593306507406,index:1
2025-12-10 10:01:35.795 | DEBUG    | train.trainer:train_and_evaluation:115 - validation_loss:0.006062843726778572,index:1
2025-12-10 10:01:35.795 | DEBUG    | train.trainer:train_and_evaluation:117 - location_rmse:59.444302680275655,index:1
2025-12-10 10:01:35.795 | DEBUG    | train.trainer:train_and_evaluation:119 - velocity_rmse:4.262949888922951,index:1
2025-12-10 10:04:05.213 | DEBUG    | train.trainer:train_and_evaluation:113 - train_loss:0.008877381672447717,index:2
2025-12-10 10:04:05.214 | DEBUG    | train.trainer:train_and_evaluation:115 - validation_loss:0.0037773856541819194,index:2
2025-12-10 10:04:05.214 | DEBUG    | train.trainer:train_and_evaluation:117 - location_rmse:44.345123842412775,index:2
2025-12-10 10:04:05.215 | DEBUG    | train.trainer:train_and_evaluation:119 - velocity_rmse:3.880984423377297,index:2
2025-12-10 10:06:57.184 | DEBUG    | train.trainer:train_and_evaluation:113 - train_loss:0.007223940581369045,index:3
2025-12-10 10:06:57.184 | DEBUG    | train.trainer:train_and_evaluation:115 - validation_loss:0.0027720081389204345,index:3
2025-12-10 10:06:57.184 | DEBUG    | train.trainer:train_and_evaluation:117 - location_rmse:36.11915961178866,index:3
2025-12-10 10:06:57.185 | DEBUG    | train.trainer:train_and_evaluation:119 - velocity_rmse:3.5785135958411476,index:3
2025-12-10 16:16:06.743 | DEBUG    | train.trainer:train_and_evaluation:115 - train_loss:0.05078635669328893,index:0
2025-12-10 16:16:06.747 | DEBUG    | train.trainer:train_and_evaluation:117 - validation_loss:0.00377492020605132,index:0
2025-12-10 16:16:06.747 | DEBUG    | train.trainer:train_and_evaluation:119 - location_rmse:44.997146244395864,index:0
2025-12-10 16:16:06.747 | DEBUG    | train.trainer:train_and_evaluation:121 - velocity_rmse:3.7910522089004517,index:0
2025-12-10 16:29:03.044 | DEBUG    | train.trainer:train_and_evaluation:115 - train_loss:0.0035517272675254694,index:1
2025-12-10 16:29:03.045 | DEBUG    | train.trainer:train_and_evaluation:117 - validation_loss:0.0025828802634072913,index:1
2025-12-10 16:29:03.045 | DEBUG    | train.trainer:train_and_evaluation:119 - location_rmse:34.67048324584961,index:1
2025-12-10 16:29:03.046 | DEBUG    | train.trainer:train_and_evaluation:121 - velocity_rmse:3.2771481596339833,index:1
2025-12-10 21:09:48.100 | DEBUG    | train.trainer:train_and_evaluation:115 - train_loss:0.05447556806848187,index:0
2025-12-10 21:09:48.100 | DEBUG    | train.trainer:train_and_evaluation:117 - validation_loss:0.006013475570827723,index:0
2025-12-10 21:09:48.101 | DEBUG    | train.trainer:train_and_evaluation:119 - location_rmse:56.263948582042346,index:0
2025-12-10 21:09:48.101 | DEBUG    | train.trainer:train_and_evaluation:121 - velocity_rmse:4.595386443051425,index:0
2025-12-10 21:45:29.224 | DEBUG    | train.trainer:train_and_evaluation:115 - train_loss:0.013053656242343344,index:0
2025-12-10 21:45:29.224 | DEBUG    | train.trainer:train_and_evaluation:117 - validation_loss:0.002026170411591672,index:0
2025-12-10 21:45:29.225 | DEBUG    | train.trainer:train_and_evaluation:119 - location_rmse:24.316443176963112,index:0
2025-12-10 21:45:29.225 | DEBUG    | train.trainer:train_and_evaluation:121 - velocity_rmse:3.8353181770498104,index:0
2025-12-10 21:56:36.137 | DEBUG    | train.trainer:train_and_evaluation:115 - train_loss:0.002449246721984254,index:1
2025-12-10 21:56:36.137 | DEBUG    | train.trainer:train_and_evaluation:117 - validation_loss:0.0017549820529423994,index:1
2025-12-10 21:56:36.138 | DEBUG    | train.trainer:train_and_evaluation:119 - location_rmse:19.8636359315352,index:1
2025-12-10 21:56:36.138 | DEBUG    | train.trainer:train_and_evaluation:121 - velocity_rmse:3.649156027620489,index:1
2025-12-10 22:08:09.196 | DEBUG    | train.trainer:train_and_evaluation:115 - train_loss:0.0022674650700099655,index:2
2025-12-10 22:08:09.196 | DEBUG    | train.trainer:train_and_evaluation:117 - validation_loss:0.0016590973946731538,index:2
2025-12-10 22:08:09.196 | DEBUG    | train.trainer:train_and_evaluation:119 - location_rmse:19.893066036917947,index:2
2025-12-10 22:08:09.196 | DEBUG    | train.trainer:train_and_evaluation:121 - velocity_rmse:3.4645633898648347,index:2
2025-12-10 22:22:28.868 | DEBUG    | train.trainer:train_and_evaluation:115 - train_loss:0.0021417510821977914,index:3
2025-12-10 22:22:28.869 | DEBUG    | train.trainer:train_and_evaluation:117 - validation_loss:0.0015737027636178855,index:3
2025-12-10 22:22:28.871 | DEBUG    | train.trainer:train_and_evaluation:119 - location_rmse:19.290792245344683,index:3
2025-12-10 22:22:28.872 | DEBUG    | train.trainer:train_and_evaluation:121 - velocity_rmse:3.383375381903215,index:3
2025-12-10 22:35:29.650 | DEBUG    | train.trainer:train_and_evaluation:115 - train_loss:0.002073068135107557,index:4
2025-12-10 22:35:29.651 | DEBUG    | train.trainer:train_and_evaluation:117 - validation_loss:0.001507009751967747,index:4
2025-12-10 22:35:29.651 | DEBUG    | train.trainer:train_and_evaluation:119 - location_rmse:17.781687398043545,index:4
2025-12-10 22:35:29.651 | DEBUG    | train.trainer:train_and_evaluation:121 - velocity_rmse:3.3278242206573485,index:4
2025-12-10 22:48:59.106 | DEBUG    | train.trainer:train_and_evaluation:115 - train_loss:0.0019951933053265693,index:5
2025-12-10 22:48:59.107 | DEBUG    | train.trainer:train_and_evaluation:117 - validation_loss:0.0015579132767690514,index:5
2025-12-10 22:48:59.107 | DEBUG    | train.trainer:train_and_evaluation:119 - location_rmse:19.37331266368519,index:5
2025-12-10 22:48:59.107 | DEBUG    | train.trainer:train_and_evaluation:121 - velocity_rmse:3.2827894576679575,index:5
2025-12-10 23:02:30.389 | DEBUG    | train.trainer:train_and_evaluation:115 - train_loss:0.001936290470283535,index:6
2025-12-10 23:02:30.390 | DEBUG    | train.trainer:train_and_evaluation:117 - validation_loss:0.0015110322059216825,index:6
2025-12-10 23:02:30.390 | DEBUG    | train.trainer:train_and_evaluation:119 - location_rmse:19.72715942001343,index:6
2025-12-10 23:02:30.390 | DEBUG    | train.trainer:train_and_evaluation:121 - velocity_rmse:3.2210298956090755,index:6
2025-12-11 23:07:36.082 | DEBUG    | train.trainer:train_and_evaluation:115 - train_loss:0.00692479397250678,index:0
2025-12-11 23:07:36.084 | DEBUG    | train.trainer:train_and_evaluation:117 - validation_loss:0.0020618640740867706,index:0
2025-12-11 23:07:36.085 | DEBUG    | train.trainer:train_and_evaluation:119 - location_rmse:25.8114694962935,index:0
2025-12-11 23:07:36.085 | DEBUG    | train.trainer:train_and_evaluation:121 - velocity_rmse:3.7616984346563167,index:0
2025-12-11 23:15:41.621 | DEBUG    | train.trainer:train_and_evaluation:115 - train_loss:0.0024368458412601752,index:1
2025-12-11 23:15:41.621 | DEBUG    | train.trainer:train_and_evaluation:117 - validation_loss:0.0015819235651288181,index:1
2025-12-11 23:15:41.621 | DEBUG    | train.trainer:train_and_evaluation:119 - location_rmse:21.54912137291648,index:1
2025-12-11 23:15:41.622 | DEBUG    | train.trainer:train_and_evaluation:121 - velocity_rmse:3.1813666406111283,index:1
2025-12-11 23:23:30.339 | DEBUG    | train.trainer:train_and_evaluation:115 - train_loss:0.002254468367152819,index:2
2025-12-11 23:23:30.340 | DEBUG    | train.trainer:train_and_evaluation:117 - validation_loss:0.0015653433935208755,index:2
2025-12-11 23:23:30.340 | DEBUG    | train.trainer:train_and_evaluation:119 - location_rmse:20.140677998282694,index:2
2025-12-11 23:23:30.340 | DEBUG    | train.trainer:train_and_evaluation:121 - velocity_rmse:3.2520412282943725,index:2
2025-12-11 23:31:56.513 | DEBUG    | train.trainer:train_and_evaluation:115 - train_loss:0.002151282242830899,index:3
2025-12-11 23:31:56.513 | DEBUG    | train.trainer:train_and_evaluation:117 - validation_loss:0.0015439514848403632,index:3
2025-12-11 23:31:56.513 | DEBUG    | train.trainer:train_and_evaluation:119 - location_rmse:20.132745745572176,index:3
2025-12-11 23:31:56.513 | DEBUG    | train.trainer:train_and_evaluation:121 - velocity_rmse:3.2063580360412596,index:3
2025-12-11 23:40:07.552 | DEBUG    | train.trainer:train_and_evaluation:115 - train_loss:0.0020685100889990503,index:4
2025-12-11 23:40:07.552 | DEBUG    | train.trainer:train_and_evaluation:117 - validation_loss:0.0015087753256825221,index:4
2025-12-11 23:40:07.552 | DEBUG    | train.trainer:train_and_evaluation:119 - location_rmse:20.401005789670076,index:4
2025-12-11 23:40:07.554 | DEBUG    | train.trainer:train_and_evaluation:121 - velocity_rmse:3.1247199413126165,index:4
2025-12-11 23:48:54.471 | DEBUG    | train.trainer:train_and_evaluation:115 - train_loss:0.0020132344492824012,index:5
2025-12-11 23:48:54.471 | DEBUG    | train.trainer:train_and_evaluation:117 - validation_loss:0.0014402021469379013,index:5
2025-12-11 23:48:54.471 | DEBUG    | train.trainer:train_and_evaluation:119 - location_rmse:19.467461969549007,index:5
2025-12-11 23:48:54.472 | DEBUG    | train.trainer:train_and_evaluation:121 - velocity_rmse:3.112134623267434,index:5
2025-12-11 23:58:49.203 | DEBUG    | train.trainer:train_and_evaluation:115 - train_loss:0.001953915352298116,index:6
2025-12-11 23:58:49.204 | DEBUG    | train.trainer:train_and_evaluation:117 - validation_loss:0.001501413645265116,index:6
2025-12-11 23:58:49.204 | DEBUG    | train.trainer:train_and_evaluation:119 - location_rmse:21.30067704703591,index:6
2025-12-11 23:58:49.204 | DEBUG    | train.trainer:train_and_evaluation:121 - velocity_rmse:3.084004966389049,index:6
2025-12-12 00:08:51.253 | DEBUG    | train.trainer:train_and_evaluation:115 - train_loss:0.001923779301281849,index:7
2025-12-12 00:08:51.253 | DEBUG    | train.trainer:train_and_evaluation:117 - validation_loss:0.0014453878617337482,index:7
2025-12-12 00:08:51.253 | DEBUG    | train.trainer:train_and_evaluation:119 - location_rmse:19.69376201352206,index:7
2025-12-12 00:08:51.254 | DEBUG    | train.trainer:train_and_evaluation:121 - velocity_rmse:3.0097339117743753,index:7
2025-12-12 00:18:44.503 | DEBUG    | train.trainer:train_and_evaluation:115 - train_loss:0.001893181700259447,index:8
2025-12-12 00:18:44.503 | DEBUG    | train.trainer:train_and_evaluation:117 - validation_loss:0.0014026038460221819,index:8
2025-12-12 00:18:44.503 | DEBUG    | train.trainer:train_and_evaluation:119 - location_rmse:18.89221711314808,index:8
2025-12-12 00:18:44.504 | DEBUG    | train.trainer:train_and_evaluation:121 - velocity_rmse:3.0654903761256826,index:8
2025-12-12 00:28:14.576 | DEBUG    | train.trainer:train_and_evaluation:115 - train_loss:0.0018698230561391084,index:9
2025-12-12 00:28:14.577 | DEBUG    | train.trainer:train_and_evaluation:117 - validation_loss:0.0013583097810412504,index:9
2025-12-12 00:28:14.577 | DEBUG    | train.trainer:train_and_evaluation:119 - location_rmse:18.612475757598876,index:9
2025-12-12 00:28:14.577 | DEBUG    | train.trainer:train_and_evaluation:121 - velocity_rmse:3.0037745234749536,index:9
2025-12-12 00:37:46.430 | DEBUG    | train.trainer:train_and_evaluation:115 - train_loss:0.001834401038016729,index:10
2025-12-12 00:37:46.431 | DEBUG    | train.trainer:train_and_evaluation:117 - validation_loss:0.001395210406848822,index:10
2025-12-12 00:37:46.431 | DEBUG    | train.trainer:train_and_evaluation:119 - location_rmse:18.574980278015136,index:10
2025-12-12 00:37:46.432 | DEBUG    | train.trainer:train_and_evaluation:121 - velocity_rmse:3.0833575177626176,index:10
2025-12-12 00:47:19.090 | DEBUG    | train.trainer:train_and_evaluation:115 - train_loss:0.0018164017193273386,index:11
2025-12-12 00:47:19.090 | DEBUG    | train.trainer:train_and_evaluation:117 - validation_loss:0.0013583505878500132,index:11
2025-12-12 00:47:19.090 | DEBUG    | train.trainer:train_and_evaluation:119 - location_rmse:18.724917397932572,index:11
2025-12-12 00:47:19.091 | DEBUG    | train.trainer:train_and_evaluation:121 - velocity_rmse:3.0315083493319426,index:11
2025-12-12 00:57:13.254 | DEBUG    | train.trainer:train_and_evaluation:115 - train_loss:0.001793010913788087,index:12
2025-12-12 00:57:13.255 | DEBUG    | train.trainer:train_and_evaluation:117 - validation_loss:0.0014974625985434448,index:12
2025-12-12 00:57:13.255 | DEBUG    | train.trainer:train_and_evaluation:119 - location_rmse:21.24106694654985,index:12
2025-12-12 00:57:13.255 | DEBUG    | train.trainer:train_and_evaluation:121 - velocity_rmse:3.0316745086149735,index:12
2025-12-12 01:07:23.334 | DEBUG    | train.trainer:train_and_evaluation:115 - train_loss:0.0017799910862125795,index:13
2025-12-12 01:07:23.334 | DEBUG    | train.trainer:train_and_evaluation:117 - validation_loss:0.0014274407649751415,index:13
2025-12-12 01:07:23.334 | DEBUG    | train.trainer:train_and_evaluation:119 - location_rmse:19.209547849134964,index:13
2025-12-12 01:07:23.335 | DEBUG    | train.trainer:train_and_evaluation:121 - velocity_rmse:3.0658645083687524,index:13
2025-12-12 01:17:31.292 | DEBUG    | train.trainer:train_and_evaluation:115 - train_loss:0.0017514768473056116,index:14
2025-12-12 01:17:31.292 | DEBUG    | train.trainer:train_and_evaluation:117 - validation_loss:0.0014613605710381472,index:14
2025-12-12 01:17:31.293 | DEBUG    | train.trainer:train_and_evaluation:119 - location_rmse:21.436276175759055,index:14
2025-12-12 01:17:31.293 | DEBUG    | train.trainer:train_and_evaluation:121 - velocity_rmse:3.01946745447679,index:14
2025-12-12 01:27:13.451 | DEBUG    | train.trainer:train_and_evaluation:115 - train_loss:0.0017364657469884012,index:15
2025-12-12 01:27:13.453 | DEBUG    | train.trainer:train_and_evaluation:117 - validation_loss:0.0013568710544654592,index:15
2025-12-12 01:27:13.453 | DEBUG    | train.trainer:train_and_evaluation:119 - location_rmse:18.754394708113235,index:15
2025-12-12 01:27:13.453 | DEBUG    | train.trainer:train_and_evaluation:121 - velocity_rmse:3.049027360395952,index:15
2025-12-12 01:36:45.217 | DEBUG    | train.trainer:train_and_evaluation:115 - train_loss:0.0016649933968543667,index:16
2025-12-12 01:36:45.218 | DEBUG    | train.trainer:train_and_evaluation:117 - validation_loss:0.0012784888949245214,index:16
2025-12-12 01:36:45.218 | DEBUG    | train.trainer:train_and_evaluation:119 - location_rmse:17.680908625169234,index:16
2025-12-12 01:36:45.219 | DEBUG    | train.trainer:train_and_evaluation:121 - velocity_rmse:2.911695308251814,index:16
2025-12-12 01:45:00.217 | DEBUG    | train.trainer:train_and_evaluation:115 - train_loss:0.0016504326307666347,index:17
2025-12-12 01:45:00.218 | DEBUG    | train.trainer:train_and_evaluation:117 - validation_loss:0.0013097516270460222,index:17
2025-12-12 01:45:00.218 | DEBUG    | train.trainer:train_and_evaluation:119 - location_rmse:18.347879359505395,index:17
2025-12-12 01:45:00.218 | DEBUG    | train.trainer:train_and_evaluation:121 - velocity_rmse:2.9152931007038463,index:17
2025-12-12 01:53:06.935 | DEBUG    | train.trainer:train_and_evaluation:115 - train_loss:0.0016361781189528604,index:18
2025-12-12 01:53:06.936 | DEBUG    | train.trainer:train_and_evaluation:117 - validation_loss:0.0012444617000662468,index:18
2025-12-12 01:53:06.937 | DEBUG    | train.trainer:train_and_evaluation:119 - location_rmse:17.073256519317628,index:18
2025-12-12 01:53:06.937 | DEBUG    | train.trainer:train_and_evaluation:121 - velocity_rmse:2.869093990846114,index:18
2025-12-12 02:01:33.631 | DEBUG    | train.trainer:train_and_evaluation:115 - train_loss:0.001620270907406159,index:19
2025-12-12 02:01:33.631 | DEBUG    | train.trainer:train_and_evaluation:117 - validation_loss:0.001280285568410446,index:19
2025-12-12 02:01:33.631 | DEBUG    | train.trainer:train_and_evaluation:119 - location_rmse:17.308622330058704,index:19
2025-12-12 02:01:33.631 | DEBUG    | train.trainer:train_and_evaluation:121 - velocity_rmse:2.9289914142435247,index:19
2025-12-12 02:09:53.975 | DEBUG    | train.trainer:train_and_evaluation:115 - train_loss:0.001601490149655464,index:20
2025-12-12 02:09:53.975 | DEBUG    | train.trainer:train_and_evaluation:117 - validation_loss:0.0013085542373168705,index:20
2025-12-12 02:09:53.975 | DEBUG    | train.trainer:train_and_evaluation:119 - location_rmse:18.572849786585028,index:20
2025-12-12 02:09:53.975 | DEBUG    | train.trainer:train_and_evaluation:121 - velocity_rmse:2.902077474940907,index:20
2025-12-12 02:18:17.512 | DEBUG    | train.trainer:train_and_evaluation:115 - train_loss:0.0015918910201060388,index:21
2025-12-12 02:18:17.512 | DEBUG    | train.trainer:train_and_evaluation:117 - validation_loss:0.0012640620103973727,index:21
2025-12-12 02:18:17.513 | DEBUG    | train.trainer:train_and_evaluation:119 - location_rmse:17.3050428314209,index:21
2025-12-12 02:18:17.513 | DEBUG    | train.trainer:train_and_evaluation:121 - velocity_rmse:2.914080591548573,index:21
2025-12-12 02:26:45.914 | DEBUG    | train.trainer:train_and_evaluation:115 - train_loss:0.0015809965371718687,index:22
2025-12-12 02:26:45.914 | DEBUG    | train.trainer:train_and_evaluation:117 - validation_loss:0.0012921656836141747,index:22
2025-12-12 02:26:45.915 | DEBUG    | train.trainer:train_and_evaluation:119 - location_rmse:18.341611411007968,index:22
2025-12-12 02:26:45.915 | DEBUG    | train.trainer:train_and_evaluation:121 - velocity_rmse:2.893889204111966,index:22
2025-12-12 02:34:49.040 | DEBUG    | train.trainer:train_and_evaluation:115 - train_loss:0.0015803639873594158,index:23
2025-12-12 02:34:49.040 | DEBUG    | train.trainer:train_and_evaluation:117 - validation_loss:0.001237394763622433,index:23
2025-12-12 02:34:49.040 | DEBUG    | train.trainer:train_and_evaluation:119 - location_rmse:17.342558196674695,index:23
2025-12-12 02:34:49.041 | DEBUG    | train.trainer:train_and_evaluation:121 - velocity_rmse:2.8289372813484888,index:23
2025-12-12 02:42:45.650 | DEBUG    | train.trainer:train_and_evaluation:115 - train_loss:0.0015612337383244074,index:24
2025-12-12 02:42:45.650 | DEBUG    | train.trainer:train_and_evaluation:117 - validation_loss:0.0012513440980533646,index:24
2025-12-12 02:42:45.651 | DEBUG    | train.trainer:train_and_evaluation:119 - location_rmse:17.497105658097702,index:24
2025-12-12 02:42:45.651 | DEBUG    | train.trainer:train_and_evaluation:121 - velocity_rmse:2.887115798603405,index:24
2025-12-12 02:50:42.769 | DEBUG    | train.trainer:train_and_evaluation:115 - train_loss:0.0015540897636568513,index:25
2025-12-12 02:50:42.770 | DEBUG    | train.trainer:train_and_evaluation:117 - validation_loss:0.00131237826411697,index:25
2025-12-12 02:50:42.770 | DEBUG    | train.trainer:train_and_evaluation:119 - location_rmse:18.90886422729492,index:25
2025-12-12 02:50:42.771 | DEBUG    | train.trainer:train_and_evaluation:121 - velocity_rmse:2.8674192580309783,index:25
2025-12-12 02:58:43.451 | DEBUG    | train.trainer:train_and_evaluation:115 - train_loss:0.001548617448001592,index:26
2025-12-12 02:58:43.451 | DEBUG    | train.trainer:train_and_evaluation:117 - validation_loss:0.0012319383639842272,index:26
2025-12-12 02:58:43.451 | DEBUG    | train.trainer:train_and_evaluation:119 - location_rmse:17.850338940707122,index:26
2025-12-12 02:58:43.451 | DEBUG    | train.trainer:train_and_evaluation:121 - velocity_rmse:2.825065803007646,index:26
2025-12-12 03:07:01.359 | DEBUG    | train.trainer:train_and_evaluation:115 - train_loss:0.0015334961651259976,index:27
2025-12-12 03:07:01.360 | DEBUG    | train.trainer:train_and_evaluation:117 - validation_loss:0.0012275269129101865,index:27
2025-12-12 03:07:01.360 | DEBUG    | train.trainer:train_and_evaluation:119 - location_rmse:17.04131242717396,index:27
2025-12-12 03:07:01.360 | DEBUG    | train.trainer:train_and_evaluation:121 - velocity_rmse:2.871881395339966,index:27
2025-12-12 03:15:29.542 | DEBUG    | train.trainer:train_and_evaluation:115 - train_loss:0.0015460853724331227,index:28
2025-12-12 03:15:29.543 | DEBUG    | train.trainer:train_and_evaluation:117 - validation_loss:0.0012657662122933701,index:28
2025-12-12 03:15:29.543 | DEBUG    | train.trainer:train_and_evaluation:119 - location_rmse:18.2253135878823,index:28
2025-12-12 03:15:29.543 | DEBUG    | train.trainer:train_and_evaluation:121 - velocity_rmse:2.859356555158442,index:28
2025-12-12 03:23:53.096 | DEBUG    | train.trainer:train_and_evaluation:115 - train_loss:0.0015142054232966267,index:29
2025-12-12 03:23:53.097 | DEBUG    | train.trainer:train_and_evaluation:117 - validation_loss:0.0013534736122555015,index:29
2025-12-12 03:23:53.097 | DEBUG    | train.trainer:train_and_evaluation:119 - location_rmse:20.61432752123746,index:29
2025-12-12 03:23:53.098 | DEBUG    | train.trainer:train_and_evaluation:121 - velocity_rmse:2.8523448299061167,index:29
2025-12-12 03:32:07.043 | DEBUG    | train.trainer:train_and_evaluation:115 - train_loss:0.001501702170833155,index:30
2025-12-12 03:32:07.044 | DEBUG    | train.trainer:train_and_evaluation:117 - validation_loss:0.0012577039957342839,index:30
2025-12-12 03:32:07.044 | DEBUG    | train.trainer:train_and_evaluation:119 - location_rmse:18.414324492367832,index:30
2025-12-12 03:32:07.044 | DEBUG    | train.trainer:train_and_evaluation:121 - velocity_rmse:2.830999211398038,index:30
2025-12-12 03:40:03.059 | DEBUG    | train.trainer:train_and_evaluation:115 - train_loss:0.0015033052674579348,index:31
2025-12-12 03:40:03.059 | DEBUG    | train.trainer:train_and_evaluation:117 - validation_loss:0.001271855074383149,index:31
2025-12-12 03:40:03.059 | DEBUG    | train.trainer:train_and_evaluation:119 - location_rmse:18.387849613189697,index:31
2025-12-12 03:40:03.059 | DEBUG    | train.trainer:train_and_evaluation:121 - velocity_rmse:2.8906749846718527,index:31
2025-12-12 03:48:01.173 | DEBUG    | train.trainer:train_and_evaluation:115 - train_loss:0.0014248902405873223,index:32
2025-12-12 03:48:01.173 | DEBUG    | train.trainer:train_and_evaluation:117 - validation_loss:0.001297056006733328,index:32
2025-12-12 03:48:01.174 | DEBUG    | train.trainer:train_and_evaluation:119 - location_rmse:19.09968611977317,index:32
2025-12-12 03:48:01.174 | DEBUG    | train.trainer:train_and_evaluation:121 - velocity_rmse:2.7902309509624135,index:32
2025-12-12 03:55:56.343 | DEBUG    | train.trainer:train_and_evaluation:115 - train_loss:0.001412762182697682,index:33
2025-12-12 03:55:56.343 | DEBUG    | train.trainer:train_and_evaluation:117 - validation_loss:0.0012436713179234753,index:33
2025-12-12 03:55:56.343 | DEBUG    | train.trainer:train_and_evaluation:119 - location_rmse:18.285099624287,index:33
2025-12-12 03:55:56.343 | DEBUG    | train.trainer:train_and_evaluation:121 - velocity_rmse:2.7824263017827815,index:33
2025-12-12 04:03:59.044 | DEBUG    | train.trainer:train_and_evaluation:115 - train_loss:0.0014096889736723494,index:34
2025-12-12 04:03:59.044 | DEBUG    | train.trainer:train_and_evaluation:117 - validation_loss:0.0012072124052581123,index:34
2025-12-12 04:03:59.044 | DEBUG    | train.trainer:train_and_evaluation:119 - location_rmse:17.19669468272816,index:34
2025-12-12 04:03:59.045 | DEBUG    | train.trainer:train_and_evaluation:121 - velocity_rmse:2.803530049324036,index:34
2025-12-12 04:12:16.195 | DEBUG    | train.trainer:train_and_evaluation:115 - train_loss:0.0014077252961808083,index:35
2025-12-12 04:12:16.196 | DEBUG    | train.trainer:train_and_evaluation:117 - validation_loss:0.0012413439920955253,index:35
2025-12-12 04:12:16.196 | DEBUG    | train.trainer:train_and_evaluation:119 - location_rmse:18.06455495591597,index:35
2025-12-12 04:12:16.196 | DEBUG    | train.trainer:train_and_evaluation:121 - velocity_rmse:2.79927633042769,index:35
2025-12-12 04:20:35.096 | DEBUG    | train.trainer:train_and_evaluation:115 - train_loss:0.0013871668358897847,index:36
2025-12-12 04:20:35.096 | DEBUG    | train.trainer:train_and_evaluation:117 - validation_loss:0.0012416182854741982,index:36
2025-12-12 04:20:35.096 | DEBUG    | train.trainer:train_and_evaluation:119 - location_rmse:18.6321760597229,index:36
2025-12-12 04:20:35.096 | DEBUG    | train.trainer:train_and_evaluation:121 - velocity_rmse:2.733290325598283,index:36
2025-12-12 04:29:07.903 | DEBUG    | train.trainer:train_and_evaluation:115 - train_loss:0.0013824852570101167,index:37
2025-12-12 04:29:07.904 | DEBUG    | train.trainer:train_and_evaluation:117 - validation_loss:0.0012275931892218068,index:37
2025-12-12 04:29:07.904 | DEBUG    | train.trainer:train_and_evaluation:119 - location_rmse:17.703855252005837,index:37
2025-12-12 04:29:07.904 | DEBUG    | train.trainer:train_and_evaluation:121 - velocity_rmse:2.77582706824216,index:37
2025-12-12 04:37:28.297 | DEBUG    | train.trainer:train_and_evaluation:115 - train_loss:0.0013799490417233866,index:38
2025-12-12 04:37:28.297 | DEBUG    | train.trainer:train_and_evaluation:117 - validation_loss:0.001243916273942556,index:38
2025-12-12 04:37:28.298 | DEBUG    | train.trainer:train_and_evaluation:119 - location_rmse:18.310835865020753,index:38
2025-12-12 04:37:28.298 | DEBUG    | train.trainer:train_and_evaluation:121 - velocity_rmse:2.7953235868974167,index:38
2025-12-12 04:45:32.383 | DEBUG    | train.trainer:train_and_evaluation:115 - train_loss:0.0013773265777219255,index:39
2025-12-12 04:45:32.384 | DEBUG    | train.trainer:train_and_evaluation:117 - validation_loss:0.0012414472424319353,index:39
2025-12-12 04:45:32.384 | DEBUG    | train.trainer:train_and_evaluation:119 - location_rmse:17.77731849462336,index:39
2025-12-12 04:45:32.384 | DEBUG    | train.trainer:train_and_evaluation:121 - velocity_rmse:2.8453015717593106,index:39
2025-12-12 04:53:33.527 | DEBUG    | train.trainer:train_and_evaluation:115 - train_loss:0.0013775860289831391,index:40
2025-12-12 04:53:33.527 | DEBUG    | train.trainer:train_and_evaluation:117 - validation_loss:0.0012316976291106337,index:40
2025-12-12 04:53:33.527 | DEBUG    | train.trainer:train_and_evaluation:119 - location_rmse:18.26683038295399,index:40
2025-12-12 04:53:33.527 | DEBUG    | train.trainer:train_and_evaluation:121 - velocity_rmse:2.7801191883087157,index:40
2025-12-12 05:01:40.293 | DEBUG    | train.trainer:train_and_evaluation:115 - train_loss:0.0013605502358299086,index:41
2025-12-12 05:01:40.293 | DEBUG    | train.trainer:train_and_evaluation:117 - validation_loss:0.0011756398844088175,index:41
2025-12-12 05:01:40.293 | DEBUG    | train.trainer:train_and_evaluation:119 - location_rmse:17.249322765350342,index:41
2025-12-12 05:01:40.293 | DEBUG    | train.trainer:train_and_evaluation:121 - velocity_rmse:2.730947388562289,index:41
2025-12-12 05:09:45.759 | DEBUG    | train.trainer:train_and_evaluation:115 - train_loss:0.0013658700672288737,index:42
2025-12-12 05:09:45.759 | DEBUG    | train.trainer:train_and_evaluation:117 - validation_loss:0.0011932129515864125,index:42
2025-12-12 05:09:45.760 | DEBUG    | train.trainer:train_and_evaluation:119 - location_rmse:17.879063011863014,index:42
2025-12-12 05:09:45.760 | DEBUG    | train.trainer:train_and_evaluation:121 - velocity_rmse:2.7249194285652854,index:42
2025-12-12 05:18:08.757 | DEBUG    | train.trainer:train_and_evaluation:115 - train_loss:0.0013591616936133835,index:43
2025-12-12 05:18:08.757 | DEBUG    | train.trainer:train_and_evaluation:117 - validation_loss:0.0012084752905436537,index:43
2025-12-12 05:18:08.758 | DEBUG    | train.trainer:train_and_evaluation:119 - location_rmse:18.09193193990534,index:43
2025-12-12 05:18:08.758 | DEBUG    | train.trainer:train_and_evaluation:121 - velocity_rmse:2.7484892115159467,index:43
2025-12-12 05:26:37.738 | DEBUG    | train.trainer:train_and_evaluation:115 - train_loss:0.0013538721653237713,index:44
2025-12-12 05:26:37.738 | DEBUG    | train.trainer:train_and_evaluation:117 - validation_loss:0.0011928487822455778,index:44
2025-12-12 05:26:37.738 | DEBUG    | train.trainer:train_and_evaluation:119 - location_rmse:17.786552247480913,index:44
2025-12-12 05:26:37.738 | DEBUG    | train.trainer:train_and_evaluation:121 - velocity_rmse:2.7396983971162276,index:44
2025-12-12 05:34:51.585 | DEBUG    | train.trainer:train_and_evaluation:115 - train_loss:0.0013522896652716691,index:45
2025-12-12 05:34:51.585 | DEBUG    | train.trainer:train_and_evaluation:117 - validation_loss:0.001239290791680105,index:45
2025-12-12 05:34:51.586 | DEBUG    | train.trainer:train_and_evaluation:119 - location_rmse:18.50088850506869,index:45
2025-12-12 05:34:51.586 | DEBUG    | train.trainer:train_and_evaluation:121 - velocity_rmse:2.7766182140870526,index:45
2025-12-12 05:43:05.238 | DEBUG    | train.trainer:train_and_evaluation:115 - train_loss:0.0013494642186543029,index:46
2025-12-12 05:43:05.238 | DEBUG    | train.trainer:train_and_evaluation:117 - validation_loss:0.0012255376834866844,index:46
2025-12-12 05:43:05.239 | DEBUG    | train.trainer:train_and_evaluation:119 - location_rmse:18.558668507315897,index:46
2025-12-12 05:43:05.239 | DEBUG    | train.trainer:train_and_evaluation:121 - velocity_rmse:2.702225040695884,index:46
2025-12-12 05:51:00.868 | DEBUG    | train.trainer:train_and_evaluation:115 - train_loss:0.001244080728981785,index:47
2025-12-12 05:51:00.869 | DEBUG    | train.trainer:train_and_evaluation:117 - validation_loss:0.001209569115043533,index:47
2025-12-12 05:51:00.869 | DEBUG    | train.trainer:train_and_evaluation:119 - location_rmse:17.81864864141291,index:47
2025-12-12 05:51:00.869 | DEBUG    | train.trainer:train_and_evaluation:121 - velocity_rmse:2.732202601172707,index:47
2025-12-12 05:58:53.057 | DEBUG    | train.trainer:train_and_evaluation:115 - train_loss:0.0012437836568040604,index:48
2025-12-12 05:58:53.058 | DEBUG    | train.trainer:train_and_evaluation:117 - validation_loss:0.0011839095389957286,index:48
2025-12-12 05:58:53.058 | DEBUG    | train.trainer:train_and_evaluation:119 - location_rmse:17.459243345087224,index:48
2025-12-12 05:58:53.058 | DEBUG    | train.trainer:train_and_evaluation:121 - velocity_rmse:2.6960008146112617,index:48
2025-12-12 06:06:46.609 | DEBUG    | train.trainer:train_and_evaluation:115 - train_loss:0.0012569130625766278,index:49
2025-12-12 06:06:46.609 | DEBUG    | train.trainer:train_and_evaluation:117 - validation_loss:0.0012097429398722438,index:49
2025-12-12 06:06:46.609 | DEBUG    | train.trainer:train_and_evaluation:119 - location_rmse:18.0337153785012,index:49
2025-12-12 06:06:46.609 | DEBUG    | train.trainer:train_and_evaluation:121 - velocity_rmse:2.7007204764973034,index:49
2025-12-12 06:14:55.745 | DEBUG    | train.trainer:train_and_evaluation:115 - train_loss:0.0012502143852074039,index:50
2025-12-12 06:14:55.745 | DEBUG    | train.trainer:train_and_evaluation:117 - validation_loss:0.0011904159699651327,index:50
2025-12-12 06:14:55.745 | DEBUG    | train.trainer:train_and_evaluation:119 - location_rmse:17.977026106054133,index:50
2025-12-12 06:14:55.746 | DEBUG    | train.trainer:train_and_evaluation:121 - velocity_rmse:2.6797437679117375,index:50
2025-12-12 06:23:13.810 | DEBUG    | train.trainer:train_and_evaluation:115 - train_loss:0.0012338370638617286,index:51
2025-12-12 06:23:13.810 | DEBUG    | train.trainer:train_and_evaluation:117 - validation_loss:0.0012585525874641132,index:51
2025-12-12 06:23:13.811 | DEBUG    | train.trainer:train_and_evaluation:119 - location_rmse:19.331434421886097,index:51
2025-12-12 06:23:13.811 | DEBUG    | train.trainer:train_and_evaluation:121 - velocity_rmse:2.7299082819331777,index:51
2025-12-12 06:31:34.152 | DEBUG    | train.trainer:train_and_evaluation:115 - train_loss:0.001238264993443436,index:52
2025-12-12 06:31:34.152 | DEBUG    | train.trainer:train_and_evaluation:117 - validation_loss:0.001236485017071986,index:52
2025-12-12 06:31:34.152 | DEBUG    | train.trainer:train_and_evaluation:119 - location_rmse:18.590969155398284,index:52
2025-12-12 06:31:34.152 | DEBUG    | train.trainer:train_and_evaluation:121 - velocity_rmse:2.7479587616486985,index:52
2025-12-12 06:39:54.859 | DEBUG    | train.trainer:train_and_evaluation:115 - train_loss:0.0012347037805858154,index:53
2025-12-12 06:39:54.860 | DEBUG    | train.trainer:train_and_evaluation:117 - validation_loss:0.0012756235201483253,index:53
2025-12-12 06:39:54.860 | DEBUG    | train.trainer:train_and_evaluation:119 - location_rmse:19.374466399452903,index:53
2025-12-12 06:39:54.861 | DEBUG    | train.trainer:train_and_evaluation:121 - velocity_rmse:2.793812224995006,index:53
2025-12-12 06:48:02.021 | DEBUG    | train.trainer:train_and_evaluation:115 - train_loss:0.0012462676020875347,index:54
2025-12-12 06:48:02.022 | DEBUG    | train.trainer:train_and_evaluation:117 - validation_loss:0.001235538930536925,index:54
2025-12-12 06:48:02.022 | DEBUG    | train.trainer:train_and_evaluation:119 - location_rmse:18.625795755559746,index:54
2025-12-12 06:48:02.023 | DEBUG    | train.trainer:train_and_evaluation:121 - velocity_rmse:2.70574141961878,index:54
2025-12-12 06:55:55.419 | DEBUG    | train.trainer:train_and_evaluation:115 - train_loss:0.0012280351799651699,index:55
2025-12-12 06:55:55.419 | DEBUG    | train.trainer:train_and_evaluation:117 - validation_loss:0.0012349192154784265,index:55
2025-12-12 06:55:55.419 | DEBUG    | train.trainer:train_and_evaluation:119 - location_rmse:18.47776797866821,index:55
2025-12-12 06:55:55.419 | DEBUG    | train.trainer:train_and_evaluation:121 - velocity_rmse:2.771564404747703,index:55
2025-12-12 07:03:48.540 | DEBUG    | train.trainer:train_and_evaluation:115 - train_loss:0.0012414149751103568,index:56
2025-12-12 07:03:48.540 | DEBUG    | train.trainer:train_and_evaluation:117 - validation_loss:0.0012415064115881582,index:56
2025-12-12 07:03:48.540 | DEBUG    | train.trainer:train_and_evaluation:119 - location_rmse:18.82825541895086,index:56
2025-12-12 07:03:48.540 | DEBUG    | train.trainer:train_and_evaluation:121 - velocity_rmse:2.760730870333585,index:56
2025-12-12 07:11:42.146 | DEBUG    | train.trainer:train_and_evaluation:115 - train_loss:0.0012288860193961724,index:57
2025-12-12 07:11:42.146 | DEBUG    | train.trainer:train_and_evaluation:117 - validation_loss:0.0012556792286817324,index:57
2025-12-12 07:11:42.146 | DEBUG    | train.trainer:train_and_evaluation:119 - location_rmse:19.72266362138228,index:57
2025-12-12 07:11:42.146 | DEBUG    | train.trainer:train_and_evaluation:121 - velocity_rmse:2.7157341223630036,index:57
2025-12-12 07:19:56.047 | DEBUG    | train.trainer:train_and_evaluation:115 - train_loss:0.0012385989482599227,index:58
2025-12-12 07:19:56.047 | DEBUG    | train.trainer:train_and_evaluation:117 - validation_loss:0.0012831538392611864,index:58
2025-12-12 07:19:56.047 | DEBUG    | train.trainer:train_and_evaluation:119 - location_rmse:20.244257216020063,index:58
2025-12-12 07:19:56.048 | DEBUG    | train.trainer:train_and_evaluation:121 - velocity_rmse:2.737379627314481,index:58
2025-12-12 07:28:07.490 | DEBUG    | train.trainer:train_and_evaluation:115 - train_loss:0.0012197407338500135,index:59
2025-12-12 07:28:07.490 | DEBUG    | train.trainer:train_and_evaluation:117 - validation_loss:0.0012409808158303018,index:59
2025-12-12 07:28:07.490 | DEBUG    | train.trainer:train_and_evaluation:119 - location_rmse:18.8980879166343,index:59
2025-12-12 07:28:07.490 | DEBUG    | train.trainer:train_and_evaluation:121 - velocity_rmse:2.7562301907105877,index:59
2025-12-12 07:36:21.666 | DEBUG    | train.trainer:train_and_evaluation:115 - train_loss:0.001241575073165057,index:60
2025-12-12 07:36:21.666 | DEBUG    | train.trainer:train_and_evaluation:117 - validation_loss:0.0012607324174076149,index:60
2025-12-12 07:36:21.667 | DEBUG    | train.trainer:train_and_evaluation:119 - location_rmse:18.827564993771638,index:60
2025-12-12 07:36:21.667 | DEBUG    | train.trainer:train_and_evaluation:121 - velocity_rmse:2.7453880042596297,index:60
2025-12-12 07:44:41.756 | DEBUG    | train.trainer:train_and_evaluation:115 - train_loss:0.00123214169576496,index:61
2025-12-12 07:44:41.756 | DEBUG    | train.trainer:train_and_evaluation:117 - validation_loss:0.0012517082019370387,index:61
2025-12-12 07:44:41.757 | DEBUG    | train.trainer:train_and_evaluation:119 - location_rmse:19.389365084561433,index:61
2025-12-12 07:44:41.757 | DEBUG    | train.trainer:train_and_evaluation:121 - velocity_rmse:2.726974846579812,index:61
2025-12-12 07:53:03.403 | DEBUG    | train.trainer:train_and_evaluation:115 - train_loss:0.0012259875003029733,index:62
2025-12-12 07:53:03.404 | DEBUG    | train.trainer:train_and_evaluation:117 - validation_loss:0.001248976683434607,index:62
2025-12-12 07:53:03.404 | DEBUG    | train.trainer:train_and_evaluation:119 - location_rmse:19.374310071771795,index:62
2025-12-12 07:53:03.404 | DEBUG    | train.trainer:train_and_evaluation:121 - velocity_rmse:2.7158799176649615,index:62
2025-12-12 08:01:00.764 | DEBUG    | train.trainer:train_and_evaluation:115 - train_loss:0.001156701700095172,index:63
2025-12-12 08:01:00.764 | DEBUG    | train.trainer:train_and_evaluation:117 - validation_loss:0.0010332558410750194,index:63
2025-12-12 08:01:00.764 | DEBUG    | train.trainer:train_and_evaluation:119 - location_rmse:14.94221282230724,index:63
2025-12-12 08:01:00.764 | DEBUG    | train.trainer:train_and_evaluation:121 - velocity_rmse:2.4547258401350542,index:63
2025-12-12 08:09:02.446 | DEBUG    | train.trainer:train_and_evaluation:115 - train_loss:0.001154737853307531,index:64
2025-12-12 08:09:02.447 | DEBUG    | train.trainer:train_and_evaluation:117 - validation_loss:0.001092454246721569,index:64
2025-12-12 08:09:02.448 | DEBUG    | train.trainer:train_and_evaluation:119 - location_rmse:15.576735585646196,index:64
2025-12-12 08:09:02.448 | DEBUG    | train.trainer:train_and_evaluation:121 - velocity_rmse:2.4729034131656995,index:64
2025-12-12 08:16:55.014 | DEBUG    | train.trainer:train_and_evaluation:115 - train_loss:0.0011529278623427011,index:65
2025-12-12 08:16:55.015 | DEBUG    | train.trainer:train_and_evaluation:117 - validation_loss:0.0010434532617747954,index:65
2025-12-12 08:16:55.015 | DEBUG    | train.trainer:train_and_evaluation:119 - location_rmse:15.033452115492388,index:65
2025-12-12 08:16:55.015 | DEBUG    | train.trainer:train_and_evaluation:121 - velocity_rmse:2.44485352750258,index:65
2025-12-12 08:25:05.203 | DEBUG    | train.trainer:train_and_evaluation:115 - train_loss:0.0011550301485130506,index:66
2025-12-12 08:25:05.204 | DEBUG    | train.trainer:train_and_evaluation:117 - validation_loss:0.001038976337062195,index:66
2025-12-12 08:25:05.204 | DEBUG    | train.trainer:train_and_evaluation:119 - location_rmse:15.544999933069402,index:66
2025-12-12 08:25:05.204 | DEBUG    | train.trainer:train_and_evaluation:121 - velocity_rmse:2.440270432992415,index:66
2025-12-12 08:33:21.574 | DEBUG    | train.trainer:train_and_evaluation:115 - train_loss:0.0011481276068123847,index:67
2025-12-12 08:33:21.574 | DEBUG    | train.trainer:train_and_evaluation:117 - validation_loss:0.0010359820541608231,index:67
2025-12-12 08:33:21.575 | DEBUG    | train.trainer:train_and_evaluation:119 - location_rmse:14.816677654266357,index:67
2025-12-12 08:33:21.575 | DEBUG    | train.trainer:train_and_evaluation:121 - velocity_rmse:2.5216384113918653,index:67
2025-12-12 08:41:37.035 | DEBUG    | train.trainer:train_and_evaluation:115 - train_loss:0.0011688040081856096,index:68
2025-12-12 08:41:37.035 | DEBUG    | train.trainer:train_and_evaluation:117 - validation_loss:0.0010709323781669478,index:68
2025-12-12 08:41:37.036 | DEBUG    | train.trainer:train_and_evaluation:119 - location_rmse:15.317371134324507,index:68
2025-12-12 08:41:37.036 | DEBUG    | train.trainer:train_and_evaluation:121 - velocity_rmse:2.4469926484714857,index:68
2025-12-12 08:49:44.665 | DEBUG    | train.trainer:train_and_evaluation:115 - train_loss:0.0011478273206439829,index:69
2025-12-12 08:49:44.665 | DEBUG    | train.trainer:train_and_evaluation:117 - validation_loss:0.0010837416141505607,index:69
2025-12-12 08:49:44.665 | DEBUG    | train.trainer:train_and_evaluation:119 - location_rmse:16.949352209611373,index:69
2025-12-12 08:49:44.665 | DEBUG    | train.trainer:train_and_evaluation:121 - velocity_rmse:2.455614092393355,index:69
2025-12-12 08:57:54.330 | DEBUG    | train.trainer:train_and_evaluation:115 - train_loss:0.0011643180076957144,index:70
2025-12-12 08:57:54.330 | DEBUG    | train.trainer:train_and_evaluation:117 - validation_loss:0.001048879327792251,index:70
2025-12-12 08:57:54.330 | DEBUG    | train.trainer:train_and_evaluation:119 - location_rmse:15.34786256720803,index:70
2025-12-12 08:57:54.330 | DEBUG    | train.trainer:train_and_evaluation:121 - velocity_rmse:2.4004357010234485,index:70
2025-12-12 09:05:53.728 | DEBUG    | train.trainer:train_and_evaluation:115 - train_loss:0.0011520546466344968,index:71
2025-12-12 09:05:53.728 | DEBUG    | train.trainer:train_and_evaluation:117 - validation_loss:0.0010447971567257562,index:71
2025-12-12 09:05:53.729 | DEBUG    | train.trainer:train_and_evaluation:119 - location_rmse:15.712814620278099,index:71
2025-12-12 09:05:53.729 | DEBUG    | train.trainer:train_and_evaluation:121 - velocity_rmse:2.426391324303367,index:71
2025-12-12 09:13:43.398 | DEBUG    | train.trainer:train_and_evaluation:115 - train_loss:0.0011487517953589277,index:72
2025-12-12 09:13:43.399 | DEBUG    | train.trainer:train_and_evaluation:117 - validation_loss:0.0010168760387671435,index:72
2025-12-12 09:13:43.399 | DEBUG    | train.trainer:train_and_evaluation:119 - location_rmse:15.27406618534435,index:72
2025-12-12 09:13:43.399 | DEBUG    | train.trainer:train_and_evaluation:121 - velocity_rmse:2.394523196220398,index:72
2025-12-12 10:52:38.355 | DEBUG    | train.trainer:train_and_evaluation:115 - train_loss:0.013053656242343344,index:0
2025-12-12 10:52:38.356 | DEBUG    | train.trainer:train_and_evaluation:117 - validation_loss:0.002026170411591672,index:0
2025-12-12 10:52:38.356 | DEBUG    | train.trainer:train_and_evaluation:119 - location_rmse:24.316443176963112,index:0
2025-12-12 10:52:38.356 | DEBUG    | train.trainer:train_and_evaluation:121 - velocity_rmse:3.8353181770498104,index:0
2025-12-12 10:59:30.618 | DEBUG    | train.trainer:train_and_evaluation:115 - train_loss:0.002449246721984254,index:1
2025-12-12 10:59:30.618 | DEBUG    | train.trainer:train_and_evaluation:117 - validation_loss:0.0017549820529423994,index:1
2025-12-12 10:59:30.618 | DEBUG    | train.trainer:train_and_evaluation:119 - location_rmse:19.8636359315352,index:1
2025-12-12 10:59:30.619 | DEBUG    | train.trainer:train_and_evaluation:121 - velocity_rmse:3.649156027620489,index:1
2025-12-12 11:07:04.184 | DEBUG    | train.trainer:train_and_evaluation:115 - train_loss:0.0022674650700099655,index:2
2025-12-12 11:07:04.185 | DEBUG    | train.trainer:train_and_evaluation:117 - validation_loss:0.0016590973946731538,index:2
2025-12-12 11:07:04.185 | DEBUG    | train.trainer:train_and_evaluation:119 - location_rmse:19.893066036917947,index:2
2025-12-12 11:07:04.185 | DEBUG    | train.trainer:train_and_evaluation:121 - velocity_rmse:3.4645633898648347,index:2
2025-12-12 11:14:46.436 | DEBUG    | train.trainer:train_and_evaluation:115 - train_loss:0.0021417510821977914,index:3
2025-12-12 11:14:46.437 | DEBUG    | train.trainer:train_and_evaluation:117 - validation_loss:0.0015737027636178855,index:3
2025-12-12 11:14:46.437 | DEBUG    | train.trainer:train_and_evaluation:119 - location_rmse:19.290792245344683,index:3
2025-12-12 11:14:46.437 | DEBUG    | train.trainer:train_and_evaluation:121 - velocity_rmse:3.383375381903215,index:3
2025-12-12 11:21:42.747 | DEBUG    | train.trainer:train_and_evaluation:115 - train_loss:0.002073068135107557,index:4
2025-12-12 11:21:42.748 | DEBUG    | train.trainer:train_and_evaluation:117 - validation_loss:0.001507009751967747,index:4
2025-12-12 11:21:42.748 | DEBUG    | train.trainer:train_and_evaluation:119 - location_rmse:17.781687398043545,index:4
2025-12-12 11:21:42.748 | DEBUG    | train.trainer:train_and_evaluation:121 - velocity_rmse:3.3278242206573485,index:4
2025-12-12 11:28:51.753 | DEBUG    | train.trainer:train_and_evaluation:115 - train_loss:0.0019951933053265693,index:5
2025-12-12 11:28:51.753 | DEBUG    | train.trainer:train_and_evaluation:117 - validation_loss:0.0015579132767690514,index:5
2025-12-12 11:28:51.753 | DEBUG    | train.trainer:train_and_evaluation:119 - location_rmse:19.37331266368519,index:5
2025-12-12 11:28:51.753 | DEBUG    | train.trainer:train_and_evaluation:121 - velocity_rmse:3.2827894576679575,index:5
2025-12-12 11:37:14.174 | DEBUG    | train.trainer:train_and_evaluation:115 - train_loss:0.001936290470283535,index:6
2025-12-12 11:37:14.175 | DEBUG    | train.trainer:train_and_evaluation:117 - validation_loss:0.0015110322059216825,index:6
2025-12-12 11:37:14.175 | DEBUG    | train.trainer:train_and_evaluation:119 - location_rmse:19.72715942001343,index:6
2025-12-12 11:37:14.175 | DEBUG    | train.trainer:train_and_evaluation:121 - velocity_rmse:3.2210298956090755,index:6
2025-12-12 11:44:14.732 | DEBUG    | train.trainer:train_and_evaluation:115 - train_loss:0.0018961537049582342,index:7
2025-12-12 11:44:14.732 | DEBUG    | train.trainer:train_and_evaluation:117 - validation_loss:0.001659132578156211,index:7
2025-12-12 11:44:14.732 | DEBUG    | train.trainer:train_and_evaluation:119 - location_rmse:22.60359334425493,index:7
2025-12-12 11:44:14.732 | DEBUG    | train.trainer:train_and_evaluation:121 - velocity_rmse:3.1955844441327184,index:7
2025-12-12 11:51:22.427 | DEBUG    | train.trainer:train_and_evaluation:115 - train_loss:0.0018739021768172583,index:8
2025-12-12 11:51:22.428 | DEBUG    | train.trainer:train_and_evaluation:117 - validation_loss:0.001459009991588325,index:8
2025-12-12 11:51:22.428 | DEBUG    | train.trainer:train_and_evaluation:119 - location_rmse:18.429949028015137,index:8
2025-12-12 11:51:22.428 | DEBUG    | train.trainer:train_and_evaluation:121 - velocity_rmse:3.203997878161344,index:8
2025-12-12 11:58:33.959 | DEBUG    | train.trainer:train_and_evaluation:115 - train_loss:0.001847333057677712,index:9
2025-12-12 11:58:33.960 | DEBUG    | train.trainer:train_and_evaluation:117 - validation_loss:0.0015445193162992258,index:9
2025-12-12 11:58:33.960 | DEBUG    | train.trainer:train_and_evaluation:119 - location_rmse:21.833056605945934,index:9
2025-12-12 11:58:33.960 | DEBUG    | train.trainer:train_and_evaluation:121 - velocity_rmse:3.0886025176481766,index:9
2025-12-12 12:05:19.813 | DEBUG    | train.trainer:train_and_evaluation:115 - train_loss:0.0018207505193369633,index:10
2025-12-12 12:05:19.814 | DEBUG    | train.trainer:train_and_evaluation:117 - validation_loss:0.0014342481286201457,index:10
2025-12-12 12:05:19.814 | DEBUG    | train.trainer:train_and_evaluation:119 - location_rmse:19.342794733567672,index:10
2025-12-12 12:05:19.814 | DEBUG    | train.trainer:train_and_evaluation:121 - velocity_rmse:3.1143156408830124,index:10
2025-12-12 12:11:40.786 | DEBUG    | train.trainer:train_and_evaluation:115 - train_loss:0.0017911460448769062,index:11
2025-12-12 12:11:40.787 | DEBUG    | train.trainer:train_and_evaluation:117 - validation_loss:0.001387966743522239,index:11
2025-12-12 12:11:40.787 | DEBUG    | train.trainer:train_and_evaluation:119 - location_rmse:18.490132309306752,index:11
2025-12-12 12:11:40.787 | DEBUG    | train.trainer:train_and_evaluation:121 - velocity_rmse:3.1010692469856957,index:11
2025-12-12 12:18:30.211 | DEBUG    | train.trainer:train_and_evaluation:115 - train_loss:0.0017695794426836073,index:12
2025-12-12 12:18:30.212 | DEBUG    | train.trainer:train_and_evaluation:117 - validation_loss:0.0014436700878749517,index:12
2025-12-12 12:18:30.212 | DEBUG    | train.trainer:train_and_evaluation:119 - location_rmse:19.377680661981756,index:12
2025-12-12 12:18:30.212 | DEBUG    | train.trainer:train_and_evaluation:121 - velocity_rmse:3.100297136220065,index:12
2025-12-12 12:25:22.227 | DEBUG    | train.trainer:train_and_evaluation:115 - train_loss:0.0017578123513023567,index:13
2025-12-12 12:25:22.228 | DEBUG    | train.trainer:train_and_evaluation:117 - validation_loss:0.001396269917276434,index:13
2025-12-12 12:25:22.228 | DEBUG    | train.trainer:train_and_evaluation:119 - location_rmse:17.94493636599454,index:13
2025-12-12 12:25:22.229 | DEBUG    | train.trainer:train_and_evaluation:121 - velocity_rmse:3.154498662775213,index:13
2025-12-12 12:32:09.683 | DEBUG    | train.trainer:train_and_evaluation:115 - train_loss:0.001731028774590937,index:14
2025-12-12 12:32:09.683 | DEBUG    | train.trainer:train_and_evaluation:117 - validation_loss:0.0014130374914543195,index:14
2025-12-12 12:32:09.683 | DEBUG    | train.trainer:train_and_evaluation:119 - location_rmse:19.14399830488725,index:14
2025-12-12 12:32:09.683 | DEBUG    | train.trainer:train_and_evaluation:121 - velocity_rmse:3.120782818967646,index:14
2025-12-12 12:39:34.316 | DEBUG    | train.trainer:train_and_evaluation:115 - train_loss:0.0017139399449736105,index:15
2025-12-12 12:39:34.317 | DEBUG    | train.trainer:train_and_evaluation:117 - validation_loss:0.0013540974515913562,index:15
2025-12-12 12:39:34.317 | DEBUG    | train.trainer:train_and_evaluation:119 - location_rmse:17.98264650518244,index:15
2025-12-12 12:39:34.318 | DEBUG    | train.trainer:train_and_evaluation:121 - velocity_rmse:3.087779990889809,index:15
2025-12-12 12:47:31.683 | DEBUG    | train.trainer:train_and_evaluation:115 - train_loss:0.0016601838300173933,index:16
2025-12-12 12:47:31.683 | DEBUG    | train.trainer:train_and_evaluation:117 - validation_loss:0.0013945983805460855,index:16
2025-12-12 12:47:31.683 | DEBUG    | train.trainer:train_and_evaluation:119 - location_rmse:18.922040236386387,index:16
2025-12-12 12:47:31.684 | DEBUG    | train.trainer:train_and_evaluation:121 - velocity_rmse:3.124073518579656,index:16
2025-12-12 12:55:47.498 | DEBUG    | train.trainer:train_and_evaluation:115 - train_loss:0.0016402623812371696,index:17
2025-12-12 12:55:47.498 | DEBUG    | train.trainer:train_and_evaluation:117 - validation_loss:0.0013282772439574314,index:17
2025-12-12 12:55:47.498 | DEBUG    | train.trainer:train_and_evaluation:119 - location_rmse:17.64767061476274,index:17
2025-12-12 12:55:47.498 | DEBUG    | train.trainer:train_and_evaluation:121 - velocity_rmse:3.0446026285344905,index:17
2025-12-12 13:03:37.205 | DEBUG    | train.trainer:train_and_evaluation:115 - train_loss:0.0016243951597787213,index:18
2025-12-12 13:03:37.205 | DEBUG    | train.trainer:train_and_evaluation:117 - validation_loss:0.001358987026445737,index:18
2025-12-12 13:03:37.205 | DEBUG    | train.trainer:train_and_evaluation:119 - location_rmse:19.004395793568005,index:18
2025-12-12 13:03:37.206 | DEBUG    | train.trainer:train_and_evaluation:121 - velocity_rmse:2.9903483587611803,index:18
2025-12-12 13:10:35.981 | DEBUG    | train.trainer:train_and_evaluation:115 - train_loss:0.0016113192989759034,index:19
2025-12-12 13:10:35.981 | DEBUG    | train.trainer:train_and_evaluation:117 - validation_loss:0.0013199370142220604,index:19
2025-12-12 13:10:35.981 | DEBUG    | train.trainer:train_and_evaluation:119 - location_rmse:17.919596808346835,index:19
2025-12-12 13:10:35.981 | DEBUG    | train.trainer:train_and_evaluation:121 - velocity_rmse:2.999948446967385,index:19
2025-12-12 13:17:18.827 | DEBUG    | train.trainer:train_and_evaluation:115 - train_loss:0.001603055224838582,index:20
2025-12-12 13:17:18.828 | DEBUG    | train.trainer:train_and_evaluation:117 - validation_loss:0.0015197069333464078,index:20
2025-12-12 13:17:18.828 | DEBUG    | train.trainer:train_and_evaluation:119 - location_rmse:22.447817513205788,index:20
2025-12-12 13:17:18.828 | DEBUG    | train.trainer:train_and_evaluation:121 - velocity_rmse:3.0467461146441375,index:20
2025-12-12 13:23:57.660 | DEBUG    | train.trainer:train_and_evaluation:115 - train_loss:0.0015941685705205821,index:21
2025-12-12 13:23:57.660 | DEBUG    | train.trainer:train_and_evaluation:117 - validation_loss:0.0013475350738418373,index:21
2025-12-12 13:23:57.660 | DEBUG    | train.trainer:train_and_evaluation:119 - location_rmse:18.418246465509586,index:21
2025-12-12 13:23:57.660 | DEBUG    | train.trainer:train_and_evaluation:121 - velocity_rmse:3.0216708025498824,index:21
2025-12-12 13:30:33.434 | DEBUG    | train.trainer:train_and_evaluation:115 - train_loss:0.0015750385378487408,index:22
2025-12-12 13:30:33.434 | DEBUG    | train.trainer:train_and_evaluation:117 - validation_loss:0.0013397294098342007,index:22
2025-12-12 13:30:33.435 | DEBUG    | train.trainer:train_and_evaluation:119 - location_rmse:18.782260015314275,index:22
2025-12-12 13:30:33.435 | DEBUG    | train.trainer:train_and_evaluation:121 - velocity_rmse:2.9868487895618787,index:22
2025-12-12 13:37:07.557 | DEBUG    | train.trainer:train_and_evaluation:115 - train_loss:0.0015721443147243312,index:23
2025-12-12 13:37:07.557 | DEBUG    | train.trainer:train_and_evaluation:117 - validation_loss:0.001350603084968911,index:23
2025-12-12 13:37:07.558 | DEBUG    | train.trainer:train_and_evaluation:119 - location_rmse:19.374620290236038,index:23
2025-12-12 13:37:07.558 | DEBUG    | train.trainer:train_and_evaluation:121 - velocity_rmse:2.966241150595925,index:23
2025-12-12 13:43:08.923 | DEBUG    | train.trainer:train_and_evaluation:115 - train_loss:0.0015553256914718077,index:24
2025-12-12 13:43:08.924 | DEBUG    | train.trainer:train_and_evaluation:117 - validation_loss:0.0013630469694458456,index:24
2025-12-12 13:43:08.924 | DEBUG    | train.trainer:train_and_evaluation:119 - location_rmse:18.922299530376087,index:24
2025-12-12 13:43:08.924 | DEBUG    | train.trainer:train_and_evaluation:121 - velocity_rmse:3.0213146110881457,index:24
2025-12-12 13:49:52.887 | DEBUG    | train.trainer:train_and_evaluation:115 - train_loss:0.0015574079890432063,index:25
2025-12-12 13:49:52.887 | DEBUG    | train.trainer:train_and_evaluation:117 - validation_loss:0.0013263030934824863,index:25
2025-12-12 13:49:52.887 | DEBUG    | train.trainer:train_and_evaluation:119 - location_rmse:19.273460026827724,index:25
2025-12-12 13:49:52.887 | DEBUG    | train.trainer:train_and_evaluation:121 - velocity_rmse:2.9444676166881214,index:25
2025-12-12 13:56:57.972 | DEBUG    | train.trainer:train_and_evaluation:115 - train_loss:0.0015451776995111933,index:26
2025-12-12 13:56:57.972 | DEBUG    | train.trainer:train_and_evaluation:117 - validation_loss:0.001301248495911502,index:26
2025-12-12 13:56:57.972 | DEBUG    | train.trainer:train_and_evaluation:119 - location_rmse:18.10259524154663,index:26
2025-12-12 13:56:57.972 | DEBUG    | train.trainer:train_and_evaluation:121 - velocity_rmse:2.946274378343062,index:26
2025-12-12 14:04:04.320 | DEBUG    | train.trainer:train_and_evaluation:115 - train_loss:0.0015400309273620333,index:27
2025-12-12 14:04:04.321 | DEBUG    | train.trainer:train_and_evaluation:117 - validation_loss:0.0013751163647975774,index:27
2025-12-12 14:04:04.321 | DEBUG    | train.trainer:train_and_evaluation:119 - location_rmse:20.328036272569136,index:27
2025-12-12 14:04:04.321 | DEBUG    | train.trainer:train_and_evaluation:121 - velocity_rmse:2.9382187226902357,index:27
2025-12-12 14:11:03.018 | DEBUG    | train.trainer:train_and_evaluation:115 - train_loss:0.0015259556843384141,index:28
2025-12-12 14:11:03.019 | DEBUG    | train.trainer:train_and_evaluation:117 - validation_loss:0.0014258205679520456,index:28
2025-12-12 14:11:03.019 | DEBUG    | train.trainer:train_and_evaluation:119 - location_rmse:21.981055739662864,index:28
2025-12-12 14:11:03.019 | DEBUG    | train.trainer:train_and_evaluation:121 - velocity_rmse:2.8978118790713223,index:28
2025-12-12 14:17:51.322 | DEBUG    | train.trainer:train_and_evaluation:115 - train_loss:0.0015114127168022662,index:29
2025-12-12 14:17:51.322 | DEBUG    | train.trainer:train_and_evaluation:117 - validation_loss:0.0013101827035742726,index:29
2025-12-12 14:17:51.323 | DEBUG    | train.trainer:train_and_evaluation:119 - location_rmse:18.788612946943804,index:29
2025-12-12 14:17:51.323 | DEBUG    | train.trainer:train_and_evaluation:121 - velocity_rmse:2.935744771784002,index:29
2025-12-12 14:24:47.283 | DEBUG    | train.trainer:train_and_evaluation:115 - train_loss:0.0015189399516393402,index:30
2025-12-12 14:24:47.284 | DEBUG    | train.trainer:train_and_evaluation:117 - validation_loss:0.0013459666203601624,index:30
2025-12-12 14:24:47.285 | DEBUG    | train.trainer:train_and_evaluation:119 - location_rmse:19.729458455519243,index:30
2025-12-12 14:24:47.285 | DEBUG    | train.trainer:train_and_evaluation:121 - velocity_rmse:2.9458573212190107,index:30
2025-12-12 14:31:33.842 | DEBUG    | train.trainer:train_and_evaluation:115 - train_loss:0.0015180902800480411,index:31
2025-12-12 14:31:33.843 | DEBUG    | train.trainer:train_and_evaluation:117 - validation_loss:0.0013936435809697616,index:31
2025-12-12 14:31:33.843 | DEBUG    | train.trainer:train_and_evaluation:119 - location_rmse:21.401036408164284,index:31
2025-12-12 14:31:33.843 | DEBUG    | train.trainer:train_and_evaluation:121 - velocity_rmse:2.907862535910173,index:31
2025-12-12 14:38:31.529 | DEBUG    | train.trainer:train_and_evaluation:115 - train_loss:0.001449871698997661,index:32
2025-12-12 14:38:31.530 | DEBUG    | train.trainer:train_and_evaluation:117 - validation_loss:0.0012678422996329822,index:32
2025-12-12 14:38:31.530 | DEBUG    | train.trainer:train_and_evaluation:119 - location_rmse:17.97128434129195,index:32
2025-12-12 14:38:31.530 | DEBUG    | train.trainer:train_and_evaluation:121 - velocity_rmse:2.8675936770872634,index:32
2025-12-12 14:45:27.584 | DEBUG    | train.trainer:train_and_evaluation:115 - train_loss:0.001454475212574118,index:33
2025-12-12 14:45:27.584 | DEBUG    | train.trainer:train_and_evaluation:117 - validation_loss:0.0013033507020974702,index:33
2025-12-12 14:45:27.585 | DEBUG    | train.trainer:train_and_evaluation:119 - location_rmse:18.39873708343506,index:33
2025-12-12 14:45:27.585 | DEBUG    | train.trainer:train_and_evaluation:121 - velocity_rmse:2.9231024672768333,index:33
2025-12-12 14:52:39.761 | DEBUG    | train.trainer:train_and_evaluation:115 - train_loss:0.0014528388301418586,index:34
2025-12-12 14:52:39.762 | DEBUG    | train.trainer:train_and_evaluation:117 - validation_loss:0.0013275205433178185,index:34
2025-12-12 14:52:39.762 | DEBUG    | train.trainer:train_and_evaluation:119 - location_rmse:18.963684345592153,index:34
2025-12-12 14:52:39.762 | DEBUG    | train.trainer:train_and_evaluation:121 - velocity_rmse:2.8903612963069567,index:34
2025-12-12 14:59:55.226 | DEBUG    | train.trainer:train_and_evaluation:115 - train_loss:0.0014445531579002624,index:35
2025-12-12 14:59:55.227 | DEBUG    | train.trainer:train_and_evaluation:117 - validation_loss:0.0012571045269088989,index:35
2025-12-12 14:59:55.228 | DEBUG    | train.trainer:train_and_evaluation:119 - location_rmse:18.06853093511408,index:35
2025-12-12 14:59:55.228 | DEBUG    | train.trainer:train_and_evaluation:121 - velocity_rmse:2.817482196027582,index:35
2025-12-12 15:08:31.119 | DEBUG    | train.trainer:train_and_evaluation:115 - train_loss:0.0014452154465640584,index:36
2025-12-12 15:08:31.119 | DEBUG    | train.trainer:train_and_evaluation:117 - validation_loss:0.001374580585842275,index:36
2025-12-12 15:08:31.120 | DEBUG    | train.trainer:train_and_evaluation:119 - location_rmse:20.928684616088866,index:36
2025-12-12 15:08:31.120 | DEBUG    | train.trainer:train_and_evaluation:121 - velocity_rmse:2.8725839311426338,index:36
2025-12-12 15:16:44.651 | DEBUG    | train.trainer:train_and_evaluation:115 - train_loss:0.0014365841190500015,index:37
2025-12-12 15:16:44.652 | DEBUG    | train.trainer:train_and_evaluation:117 - validation_loss:0.0012615624024024741,index:37
2025-12-12 15:16:44.653 | DEBUG    | train.trainer:train_and_evaluation:119 - location_rmse:18.745314181241124,index:37
2025-12-12 15:16:44.654 | DEBUG    | train.trainer:train_and_evaluation:121 - velocity_rmse:2.7691930236816407,index:37
2025-12-12 15:23:52.191 | DEBUG    | train.trainer:train_and_evaluation:115 - train_loss:0.0014335627592535632,index:38
2025-12-12 15:23:52.191 | DEBUG    | train.trainer:train_and_evaluation:117 - validation_loss:0.0012601498681099408,index:38
2025-12-12 15:23:52.192 | DEBUG    | train.trainer:train_and_evaluation:119 - location_rmse:19.050218394192783,index:38
2025-12-12 15:23:52.192 | DEBUG    | train.trainer:train_and_evaluation:121 - velocity_rmse:2.782821288802407,index:38
2025-12-12 15:31:01.917 | DEBUG    | train.trainer:train_and_evaluation:115 - train_loss:0.0014330759704127118,index:39
2025-12-12 15:31:01.917 | DEBUG    | train.trainer:train_and_evaluation:117 - validation_loss:0.001230599787308496,index:39
2025-12-12 15:31:01.917 | DEBUG    | train.trainer:train_and_evaluation:119 - location_rmse:18.2679071485346,index:39
2025-12-12 15:31:01.917 | DEBUG    | train.trainer:train_and_evaluation:121 - velocity_rmse:2.7892174509221856,index:39
2025-12-12 15:38:11.801 | DEBUG    | train.trainer:train_and_evaluation:115 - train_loss:0.0014206076932711188,index:40
2025-12-12 15:38:11.801 | DEBUG    | train.trainer:train_and_evaluation:117 - validation_loss:0.0012298499101518908,index:40
2025-12-12 15:38:11.801 | DEBUG    | train.trainer:train_and_evaluation:119 - location_rmse:18.164831378243186,index:40
2025-12-12 15:38:11.802 | DEBUG    | train.trainer:train_and_evaluation:121 - velocity_rmse:2.800554854479703,index:40
2025-12-12 15:45:29.861 | DEBUG    | train.trainer:train_and_evaluation:115 - train_loss:0.0014242455846220818,index:41
2025-12-12 15:45:29.861 | DEBUG    | train.trainer:train_and_evaluation:117 - validation_loss:0.0012379594456552612,index:41
2025-12-12 15:45:29.861 | DEBUG    | train.trainer:train_and_evaluation:119 - location_rmse:18.725973053325305,index:41
2025-12-12 15:45:29.862 | DEBUG    | train.trainer:train_and_evaluation:121 - velocity_rmse:2.7820587704398414,index:41
2025-12-12 15:52:40.963 | DEBUG    | train.trainer:train_and_evaluation:115 - train_loss:0.0014084420658041243,index:42
2025-12-12 15:52:40.964 | DEBUG    | train.trainer:train_and_evaluation:117 - validation_loss:0.0012505202776202085,index:42
2025-12-12 15:52:40.964 | DEBUG    | train.trainer:train_and_evaluation:119 - location_rmse:18.772192532626065,index:42
2025-12-12 15:52:40.964 | DEBUG    | train.trainer:train_and_evaluation:121 - velocity_rmse:2.772706995270469,index:42
2025-12-12 16:00:07.102 | DEBUG    | train.trainer:train_and_evaluation:115 - train_loss:0.0014140608064216477,index:43
2025-12-12 16:00:07.103 | DEBUG    | train.trainer:train_and_evaluation:117 - validation_loss:0.0012363696116319096,index:43
2025-12-12 16:00:07.103 | DEBUG    | train.trainer:train_and_evaluation:119 - location_rmse:19.14772944918546,index:43
2025-12-12 16:00:07.103 | DEBUG    | train.trainer:train_and_evaluation:121 - velocity_rmse:2.7225768563530663,index:43
2025-12-12 16:08:14.466 | DEBUG    | train.trainer:train_and_evaluation:115 - train_loss:0.0014257033999204975,index:44
2025-12-12 16:08:14.466 | DEBUG    | train.trainer:train_and_evaluation:117 - validation_loss:0.0013174566982250492,index:44
2025-12-12 16:08:14.466 | DEBUG    | train.trainer:train_and_evaluation:119 - location_rmse:19.19454687950828,index:44
2025-12-12 16:08:14.467 | DEBUG    | train.trainer:train_and_evaluation:121 - velocity_rmse:2.8481568380702624,index:44
2025-12-12 16:16:12.554 | DEBUG    | train.trainer:train_and_evaluation:115 - train_loss:0.0014046595174903897,index:45
2025-12-12 16:16:12.555 | DEBUG    | train.trainer:train_and_evaluation:117 - validation_loss:0.0012463439338290217,index:45
2025-12-12 16:16:12.555 | DEBUG    | train.trainer:train_and_evaluation:119 - location_rmse:18.74474026732011,index:45
2025-12-12 16:16:12.555 | DEBUG    | train.trainer:train_and_evaluation:121 - velocity_rmse:2.756310593258251,index:45
2025-12-12 16:23:46.851 | DEBUG    | train.trainer:train_and_evaluation:115 - train_loss:0.0014214170504728276,index:46
2025-12-12 16:23:46.852 | DEBUG    | train.trainer:train_and_evaluation:117 - validation_loss:0.0012405508237319405,index:46
2025-12-12 16:23:46.852 | DEBUG    | train.trainer:train_and_evaluation:119 - location_rmse:18.937486030231824,index:46
2025-12-12 16:23:46.852 | DEBUG    | train.trainer:train_and_evaluation:121 - velocity_rmse:2.7557240428057583,index:46
2025-12-12 16:31:28.746 | DEBUG    | train.trainer:train_and_evaluation:115 - train_loss:0.001330325347660674,index:47
2025-12-12 16:31:28.747 | DEBUG    | train.trainer:train_and_evaluation:117 - validation_loss:0.0012732118058484047,index:47
2025-12-12 16:31:28.747 | DEBUG    | train.trainer:train_and_evaluation:119 - location_rmse:19.60992942532626,index:47
2025-12-12 16:31:28.747 | DEBUG    | train.trainer:train_and_evaluation:121 - velocity_rmse:2.6955383224920793,index:47
2025-12-12 16:38:33.870 | DEBUG    | train.trainer:train_and_evaluation:115 - train_loss:0.0013234444788840572,index:48
2025-12-12 16:38:33.870 | DEBUG    | train.trainer:train_and_evaluation:117 - validation_loss:0.0012639708962100982,index:48
2025-12-12 16:38:33.870 | DEBUG    | train.trainer:train_and_evaluation:119 - location_rmse:18.8158012899919,index:48
2025-12-12 16:38:33.871 | DEBUG    | train.trainer:train_and_evaluation:121 - velocity_rmse:2.7995100629112937,index:48
2025-12-12 16:45:51.204 | DEBUG    | train.trainer:train_and_evaluation:115 - train_loss:0.0013196585115687358,index:49
2025-12-12 16:45:51.204 | DEBUG    | train.trainer:train_and_evaluation:117 - validation_loss:0.001227436656915498,index:49
2025-12-12 16:45:51.204 | DEBUG    | train.trainer:train_and_evaluation:119 - location_rmse:18.758068296952683,index:49
2025-12-12 16:45:51.204 | DEBUG    | train.trainer:train_and_evaluation:121 - velocity_rmse:2.739212926777926,index:49
2025-12-12 16:52:16.804 | DEBUG    | train.trainer:train_and_evaluation:115 - train_loss:0.001324224832894591,index:50
2025-12-12 16:52:16.804 | DEBUG    | train.trainer:train_and_evaluation:117 - validation_loss:0.001262138809945265,index:50
2025-12-12 16:52:16.804 | DEBUG    | train.trainer:train_and_evaluation:119 - location_rmse:19.662286330483177,index:50
2025-12-12 16:52:16.804 | DEBUG    | train.trainer:train_and_evaluation:121 - velocity_rmse:2.6966521494605327,index:50
2025-12-12 16:57:28.238 | DEBUG    | train.trainer:train_and_evaluation:115 - train_loss:0.0013355639451183379,index:51
2025-12-12 16:57:28.238 | DEBUG    | train.trainer:train_and_evaluation:117 - validation_loss:0.0012231174691114575,index:51
2025-12-12 16:57:28.239 | DEBUG    | train.trainer:train_and_evaluation:119 - location_rmse:18.467479725924406,index:51
2025-12-12 16:57:28.239 | DEBUG    | train.trainer:train_and_evaluation:121 - velocity_rmse:2.701861508889632,index:51
2025-12-12 17:02:40.089 | DEBUG    | train.trainer:train_and_evaluation:115 - train_loss:0.0013326918185815554,index:52
2025-12-12 17:02:40.090 | DEBUG    | train.trainer:train_and_evaluation:117 - validation_loss:0.001229651435574686,index:52
2025-12-12 17:02:40.090 | DEBUG    | train.trainer:train_and_evaluation:119 - location_rmse:18.564565930800004,index:52
2025-12-12 17:02:40.090 | DEBUG    | train.trainer:train_and_evaluation:121 - velocity_rmse:2.758161063194275,index:52
2025-12-12 17:08:39.122 | DEBUG    | train.trainer:train_and_evaluation:115 - train_loss:0.001334557032600666,index:53
2025-12-12 17:08:39.123 | DEBUG    | train.trainer:train_and_evaluation:117 - validation_loss:0.0012794398674106395,index:53
2025-12-12 17:08:39.123 | DEBUG    | train.trainer:train_and_evaluation:119 - location_rmse:19.390252607172187,index:53
2025-12-12 17:08:39.123 | DEBUG    | train.trainer:train_and_evaluation:121 - velocity_rmse:2.756779219453985,index:53
2025-12-12 17:14:00.209 | DEBUG    | train.trainer:train_and_evaluation:115 - train_loss:0.001345530636012413,index:54
2025-12-12 17:14:00.210 | DEBUG    | train.trainer:train_and_evaluation:117 - validation_loss:0.0012663629705361515,index:54
2025-12-12 17:14:00.210 | DEBUG    | train.trainer:train_and_evaluation:119 - location_rmse:19.30245940433849,index:54
2025-12-12 17:14:00.210 | DEBUG    | train.trainer:train_and_evaluation:121 - velocity_rmse:2.763163389119235,index:54
2025-12-12 17:19:23.590 | DEBUG    | train.trainer:train_and_evaluation:115 - train_loss:0.0013221701685353323,index:55
2025-12-12 17:19:23.591 | DEBUG    | train.trainer:train_and_evaluation:117 - validation_loss:0.0012885254612827505,index:55
2025-12-12 17:19:23.591 | DEBUG    | train.trainer:train_and_evaluation:119 - location_rmse:20.583166670365767,index:55
2025-12-12 17:19:23.591 | DEBUG    | train.trainer:train_and_evaluation:121 - velocity_rmse:2.6770770292282107,index:55
2025-12-12 17:25:09.623 | DEBUG    | train.trainer:train_and_evaluation:115 - train_loss:0.0012981325067812576,index:56
2025-12-12 17:25:09.623 | DEBUG    | train.trainer:train_and_evaluation:117 - validation_loss:0.0012131734780374576,index:56
2025-12-12 17:25:09.623 | DEBUG    | train.trainer:train_and_evaluation:119 - location_rmse:18.664134806893088,index:56
2025-12-12 17:25:09.624 | DEBUG    | train.trainer:train_and_evaluation:121 - velocity_rmse:2.7083496977199206,index:56
2025-12-12 17:30:45.498 | DEBUG    | train.trainer:train_and_evaluation:115 - train_loss:0.0012663825890895995,index:57
2025-12-12 17:30:45.499 | DEBUG    | train.trainer:train_and_evaluation:117 - validation_loss:0.00130930456885306,index:57
2025-12-12 17:30:45.499 | DEBUG    | train.trainer:train_and_evaluation:119 - location_rmse:19.640985579057173,index:57
2025-12-12 17:30:45.499 | DEBUG    | train.trainer:train_and_evaluation:121 - velocity_rmse:2.8207563576264816,index:57
2025-12-12 17:37:13.393 | DEBUG    | train.trainer:train_and_evaluation:115 - train_loss:0.0012719683207352787,index:58
2025-12-12 17:37:13.393 | DEBUG    | train.trainer:train_and_evaluation:117 - validation_loss:0.0012456010799770329,index:58
2025-12-12 17:37:13.393 | DEBUG    | train.trainer:train_and_evaluation:119 - location_rmse:20.025802273143423,index:58
2025-12-12 17:37:13.393 | DEBUG    | train.trainer:train_and_evaluation:121 - velocity_rmse:2.7018868115165016,index:58
2025-12-12 17:44:07.969 | DEBUG    | train.trainer:train_and_evaluation:115 - train_loss:0.0012638801507560084,index:59
2025-12-12 17:44:07.969 | DEBUG    | train.trainer:train_and_evaluation:117 - validation_loss:0.0012731444592460651,index:59
2025-12-12 17:44:07.970 | DEBUG    | train.trainer:train_and_evaluation:119 - location_rmse:20.281922584880483,index:59
2025-12-12 17:44:07.970 | DEBUG    | train.trainer:train_and_evaluation:121 - velocity_rmse:2.712265296675942,index:59
2025-12-12 17:50:40.302 | DEBUG    | train.trainer:train_and_evaluation:115 - train_loss:0.001267119439600995,index:60
2025-12-12 17:50:40.303 | DEBUG    | train.trainer:train_and_evaluation:117 - validation_loss:0.0012486564222490414,index:60
2025-12-12 17:50:40.303 | DEBUG    | train.trainer:train_and_evaluation:119 - location_rmse:19.43568052257191,index:60
2025-12-12 17:50:40.303 | DEBUG    | train.trainer:train_and_evaluation:121 - velocity_rmse:2.7221451486240733,index:60
2025-12-12 17:57:25.269 | DEBUG    | train.trainer:train_and_evaluation:115 - train_loss:0.001279176310018749,index:61
2025-12-12 17:57:25.269 | DEBUG    | train.trainer:train_and_evaluation:117 - validation_loss:0.001265995888505131,index:61
2025-12-12 17:57:25.269 | DEBUG    | train.trainer:train_and_evaluation:119 - location_rmse:19.74062313461304,index:61
2025-12-12 17:57:25.270 | DEBUG    | train.trainer:train_and_evaluation:121 - velocity_rmse:2.781876915584911,index:61
2025-12-12 18:03:58.019 | DEBUG    | train.trainer:train_and_evaluation:115 - train_loss:0.0012712925356304782,index:62
2025-12-12 18:03:58.019 | DEBUG    | train.trainer:train_and_evaluation:117 - validation_loss:0.0012108155377103355,index:62
2025-12-12 18:03:58.019 | DEBUG    | train.trainer:train_and_evaluation:119 - location_rmse:19.13188956971602,index:62
2025-12-12 18:03:58.020 | DEBUG    | train.trainer:train_and_evaluation:121 - velocity_rmse:2.6298996706008912,index:62
2025-12-12 18:10:33.012 | DEBUG    | train.trainer:train_and_evaluation:115 - train_loss:0.0012064928573972517,index:63
2025-12-12 18:10:33.013 | DEBUG    | train.trainer:train_and_evaluation:117 - validation_loss:0.0010889052498175508,index:63
2025-12-12 18:10:33.013 | DEBUG    | train.trainer:train_and_evaluation:119 - location_rmse:16.43059553423795,index:63
2025-12-12 18:10:33.013 | DEBUG    | train.trainer:train_and_evaluation:121 - velocity_rmse:2.4631136576045645,index:63
2025-12-12 18:16:54.436 | DEBUG    | train.trainer:train_and_evaluation:115 - train_loss:0.0011952098108771623,index:64
2025-12-12 18:16:54.436 | DEBUG    | train.trainer:train_and_evaluation:117 - validation_loss:0.0010662947337841614,index:64
2025-12-12 18:16:54.437 | DEBUG    | train.trainer:train_and_evaluation:119 - location_rmse:16.14736450438066,index:64
2025-12-12 18:16:54.437 | DEBUG    | train.trainer:train_and_evaluation:121 - velocity_rmse:2.4518118306073275,index:64
2025-12-12 18:23:23.031 | DEBUG    | train.trainer:train_and_evaluation:115 - train_loss:0.0011958393382233087,index:65
2025-12-12 18:23:23.031 | DEBUG    | train.trainer:train_and_evaluation:117 - validation_loss:0.001082131248337894,index:65
2025-12-12 18:23:23.031 | DEBUG    | train.trainer:train_and_evaluation:119 - location_rmse:16.162783969705757,index:65
2025-12-12 18:23:23.031 | DEBUG    | train.trainer:train_and_evaluation:121 - velocity_rmse:2.46521374910528,index:65
2025-12-12 18:29:41.333 | DEBUG    | train.trainer:train_and_evaluation:115 - train_loss:0.0011904347418687504,index:66
2025-12-12 18:29:41.333 | DEBUG    | train.trainer:train_and_evaluation:117 - validation_loss:0.0010565589656735856,index:66
2025-12-12 18:29:41.334 | DEBUG    | train.trainer:train_and_evaluation:119 - location_rmse:15.52301878530329,index:66
2025-12-12 18:29:41.334 | DEBUG    | train.trainer:train_and_evaluation:121 - velocity_rmse:2.4339789511073717,index:66
2025-12-12 18:35:58.779 | DEBUG    | train.trainer:train_and_evaluation:115 - train_loss:0.0011963077643145383,index:67
2025-12-12 18:35:58.780 | DEBUG    | train.trainer:train_and_evaluation:117 - validation_loss:0.001056786498552273,index:67
2025-12-12 18:35:58.780 | DEBUG    | train.trainer:train_and_evaluation:119 - location_rmse:15.72991876151345,index:67
2025-12-12 18:35:58.781 | DEBUG    | train.trainer:train_and_evaluation:121 - velocity_rmse:2.502294444170865,index:67
2025-12-12 18:42:44.940 | DEBUG    | train.trainer:train_and_evaluation:115 - train_loss:0.0012038761235942895,index:68
2025-12-12 18:42:44.940 | DEBUG    | train.trainer:train_and_evaluation:117 - validation_loss:0.0010415869370970707,index:68
2025-12-12 18:42:44.941 | DEBUG    | train.trainer:train_and_evaluation:119 - location_rmse:15.402387425509366,index:68
2025-12-12 18:42:44.941 | DEBUG    | train.trainer:train_and_evaluation:121 - velocity_rmse:2.449615602319891,index:68
2025-12-12 18:49:50.190 | DEBUG    | train.trainer:train_and_evaluation:115 - train_loss:0.0011948795386477176,index:69
2025-12-12 18:49:50.190 | DEBUG    | train.trainer:train_and_evaluation:117 - validation_loss:0.001047837674903514,index:69
2025-12-12 18:49:50.190 | DEBUG    | train.trainer:train_and_evaluation:119 - location_rmse:15.944514918240634,index:69
2025-12-12 18:49:50.190 | DEBUG    | train.trainer:train_and_evaluation:121 - velocity_rmse:2.3977137911969963,index:69
2025-12-12 18:56:55.581 | DEBUG    | train.trainer:train_and_evaluation:115 - train_loss:0.0011844620800252551,index:70
2025-12-12 18:56:55.582 | DEBUG    | train.trainer:train_and_evaluation:117 - validation_loss:0.0010677140726580877,index:70
2025-12-12 18:56:55.582 | DEBUG    | train.trainer:train_and_evaluation:119 - location_rmse:16.369124505823308,index:70
2025-12-12 18:56:55.583 | DEBUG    | train.trainer:train_and_evaluation:121 - velocity_rmse:2.4085144399296152,index:70
2025-12-12 19:03:59.793 | DEBUG    | train.trainer:train_and_evaluation:115 - train_loss:0.0011910602123914003,index:71
2025-12-12 19:03:59.794 | DEBUG    | train.trainer:train_and_evaluation:117 - validation_loss:0.0010561779235616665,index:71
2025-12-12 19:03:59.794 | DEBUG    | train.trainer:train_and_evaluation:119 - location_rmse:15.809167967362837,index:71
2025-12-12 19:03:59.794 | DEBUG    | train.trainer:train_and_evaluation:121 - velocity_rmse:2.479549163905057,index:71
2025-12-12 19:11:31.183 | DEBUG    | train.trainer:train_and_evaluation:115 - train_loss:0.0011881192406378405,index:72
2025-12-12 19:11:31.184 | DEBUG    | train.trainer:train_and_evaluation:117 - validation_loss:0.0010615130406804382,index:72
2025-12-12 19:11:31.184 | DEBUG    | train.trainer:train_and_evaluation:119 - location_rmse:15.584394214283336,index:72
2025-12-12 19:11:31.184 | DEBUG    | train.trainer:train_and_evaluation:121 - velocity_rmse:2.433806903925809,index:72
2025-12-12 19:18:56.116 | DEBUG    | train.trainer:train_and_evaluation:115 - train_loss:0.0011727574749419354,index:73
2025-12-12 19:18:56.116 | DEBUG    | train.trainer:train_and_evaluation:117 - validation_loss:0.001130338199002753,index:73
2025-12-12 19:18:56.116 | DEBUG    | train.trainer:train_and_evaluation:119 - location_rmse:17.04152595242587,index:73
2025-12-12 19:18:56.116 | DEBUG    | train.trainer:train_and_evaluation:121 - velocity_rmse:2.546915301062844,index:73
2025-12-12 19:26:18.013 | DEBUG    | train.trainer:train_and_evaluation:115 - train_loss:0.0011906378854799904,index:74
2025-12-12 19:26:18.014 | DEBUG    | train.trainer:train_and_evaluation:117 - validation_loss:0.001068437493099323,index:74
2025-12-12 19:26:18.014 | DEBUG    | train.trainer:train_and_evaluation:119 - location_rmse:16.497376384388318,index:74
2025-12-12 19:26:18.014 | DEBUG    | train.trainer:train_and_evaluation:121 - velocity_rmse:2.4381828366626395,index:74
2025-12-12 19:33:41.749 | DEBUG    | train.trainer:train_and_evaluation:115 - train_loss:0.001171877158657563,index:75
2025-12-12 19:33:41.749 | DEBUG    | train.trainer:train_and_evaluation:117 - validation_loss:0.001043553610766222,index:75
2025-12-12 19:33:41.749 | DEBUG    | train.trainer:train_and_evaluation:119 - location_rmse:15.806751103834673,index:75
2025-12-12 19:33:41.749 | DEBUG    | train.trainer:train_and_evaluation:121 - velocity_rmse:2.4258806295394897,index:75
2025-12-12 19:40:53.799 | DEBUG    | train.trainer:train_and_evaluation:115 - train_loss:0.00117432964897263,index:76
2025-12-12 19:40:53.799 | DEBUG    | train.trainer:train_and_evaluation:117 - validation_loss:0.0012085258902833713,index:76
2025-12-12 19:40:53.799 | DEBUG    | train.trainer:train_and_evaluation:119 - location_rmse:19.83322824755582,index:76
2025-12-12 19:40:53.800 | DEBUG    | train.trainer:train_and_evaluation:121 - velocity_rmse:2.5279251851168545,index:76
2025-12-12 19:47:56.137 | DEBUG    | train.trainer:train_and_evaluation:115 - train_loss:0.0011761806384716748,index:77
2025-12-12 19:47:56.137 | DEBUG    | train.trainer:train_and_evaluation:117 - validation_loss:0.0010405503821305253,index:77
2025-12-12 19:47:56.137 | DEBUG    | train.trainer:train_and_evaluation:119 - location_rmse:15.505267895785245,index:77
2025-12-12 19:47:56.138 | DEBUG    | train.trainer:train_and_evaluation:121 - velocity_rmse:2.458355999209664,index:77
2025-12-12 19:55:11.616 | DEBUG    | train.trainer:train_and_evaluation:115 - train_loss:0.0011802293085528424,index:78
2025-12-12 19:55:11.616 | DEBUG    | train.trainer:train_and_evaluation:117 - validation_loss:0.001050075348127972,index:78
2025-12-12 19:55:11.617 | DEBUG    | train.trainer:train_and_evaluation:119 - location_rmse:15.89257569989291,index:78
2025-12-12 19:55:11.617 | DEBUG    | train.trainer:train_and_evaluation:121 - velocity_rmse:2.404268483942205,index:78
2025-12-12 20:02:15.699 | DEBUG    | train.trainer:train_and_evaluation:115 - train_loss:0.0011098305728942663,index:79
2025-12-12 20:02:15.700 | DEBUG    | train.trainer:train_and_evaluation:117 - validation_loss:0.0009911003407112068,index:79
2025-12-12 20:02:15.700 | DEBUG    | train.trainer:train_and_evaluation:119 - location_rmse:14.495921081196178,index:79
2025-12-12 20:02:15.700 | DEBUG    | train.trainer:train_and_evaluation:121 - velocity_rmse:2.2217728662490845,index:79
2025-12-12 20:09:17.170 | DEBUG    | train.trainer:train_and_evaluation:115 - train_loss:0.001100477561075946,index:80
2025-12-12 20:09:17.170 | DEBUG    | train.trainer:train_and_evaluation:117 - validation_loss:0.0009778054099614647,index:80
2025-12-12 20:09:17.170 | DEBUG    | train.trainer:train_and_evaluation:119 - location_rmse:14.475861699884588,index:80
2025-12-12 20:09:17.170 | DEBUG    | train.trainer:train_and_evaluation:121 - velocity_rmse:2.2637934869419443,index:80
2025-12-12 20:16:39.075 | DEBUG    | train.trainer:train_and_evaluation:115 - train_loss:0.0011023560864004223,index:81
2025-12-12 20:16:39.075 | DEBUG    | train.trainer:train_and_evaluation:117 - validation_loss:0.0010035464948953384,index:81
2025-12-12 20:16:39.076 | DEBUG    | train.trainer:train_and_evaluation:119 - location_rmse:15.500575568806042,index:81
2025-12-12 20:16:39.076 | DEBUG    | train.trainer:train_and_evaluation:121 - velocity_rmse:2.2581125874952837,index:81
2025-12-12 20:23:57.848 | DEBUG    | train.trainer:train_and_evaluation:115 - train_loss:0.0011134906883252728,index:82
2025-12-12 20:23:57.849 | DEBUG    | train.trainer:train_and_evaluation:117 - validation_loss:0.0010088489096908067,index:82
2025-12-12 20:23:57.849 | DEBUG    | train.trainer:train_and_evaluation:119 - location_rmse:14.966258940610018,index:82
2025-12-12 20:23:57.849 | DEBUG    | train.trainer:train_and_evaluation:121 - velocity_rmse:2.331002855604345,index:82
2025-12-12 20:31:18.747 | DEBUG    | train.trainer:train_and_evaluation:115 - train_loss:0.0011059770842901235,index:83
2025-12-12 20:31:18.747 | DEBUG    | train.trainer:train_and_evaluation:117 - validation_loss:0.0009729737547564913,index:83
2025-12-12 20:31:18.747 | DEBUG    | train.trainer:train_and_evaluation:119 - location_rmse:14.475659296555953,index:83
2025-12-12 20:31:18.747 | DEBUG    | train.trainer:train_and_evaluation:121 - velocity_rmse:2.3047940251610495,index:83
2025-12-12 20:38:09.366 | DEBUG    | train.trainer:train_and_evaluation:115 - train_loss:0.0010973805339978726,index:84
2025-12-12 20:38:09.366 | DEBUG    | train.trainer:train_and_evaluation:117 - validation_loss:0.0010058258891169152,index:84
2025-12-12 20:38:09.366 | DEBUG    | train.trainer:train_and_evaluation:119 - location_rmse:15.390182618574663,index:84
2025-12-12 20:38:09.366 | DEBUG    | train.trainer:train_and_evaluation:121 - velocity_rmse:2.3255712304548783,index:84
2025-12-12 20:43:43.215 | DEBUG    | train.trainer:train_and_evaluation:115 - train_loss:0.0011017569427441976,index:85
2025-12-12 20:43:43.215 | DEBUG    | train.trainer:train_and_evaluation:117 - validation_loss:0.001020158079325814,index:85
2025-12-12 20:43:43.215 | DEBUG    | train.trainer:train_and_evaluation:119 - location_rmse:15.498612277637829,index:85
2025-12-12 20:43:43.215 | DEBUG    | train.trainer:train_and_evaluation:121 - velocity_rmse:2.2857815523147584,index:85
2025-12-16 17:58:57.904 | DEBUG    | train.trainer:train_and_evaluation:115 - train_loss:0.006673237215946287,index:0
2025-12-16 17:58:57.905 | DEBUG    | train.trainer:train_and_evaluation:117 - validation_loss:0.0018213193011893467,index:0
2025-12-16 17:58:57.905 | DEBUG    | train.trainer:train_and_evaluation:119 - location_rmse:25.161925992792302,index:0
2025-12-16 17:58:57.905 | DEBUG    | train.trainer:train_and_evaluation:121 - velocity_rmse:3.489222448348999,index:0
2025-12-16 18:09:08.385 | DEBUG    | train.trainer:train_and_evaluation:115 - train_loss:0.0021903205125832536,index:1
2025-12-16 18:09:08.385 | DEBUG    | train.trainer:train_and_evaluation:117 - validation_loss:0.001435743476179513,index:1
2025-12-16 18:09:08.385 | DEBUG    | train.trainer:train_and_evaluation:119 - location_rmse:21.095113729997113,index:1
2025-12-16 18:09:08.385 | DEBUG    | train.trainer:train_and_evaluation:121 - velocity_rmse:2.951992642576044,index:1
2025-12-16 18:18:59.847 | DEBUG    | train.trainer:train_and_evaluation:115 - train_loss:0.0019451481599967475,index:2
2025-12-16 18:18:59.847 | DEBUG    | train.trainer:train_and_evaluation:117 - validation_loss:0.0012997308797626332,index:2
2025-12-16 18:18:59.847 | DEBUG    | train.trainer:train_and_evaluation:119 - location_rmse:19.606340460690586,index:2
2025-12-16 18:18:59.847 | DEBUG    | train.trainer:train_and_evaluation:121 - velocity_rmse:2.8756199574904007,index:2
2025-12-16 18:28:28.243 | DEBUG    | train.trainer:train_and_evaluation:115 - train_loss:0.0017936569140574923,index:3
2025-12-16 18:28:28.243 | DEBUG    | train.trainer:train_and_evaluation:117 - validation_loss:0.001306581561538306,index:3
2025-12-16 18:28:28.243 | DEBUG    | train.trainer:train_and_evaluation:119 - location_rmse:20.99075575325706,index:3
2025-12-16 18:28:28.244 | DEBUG    | train.trainer:train_and_evaluation:121 - velocity_rmse:2.7768554078015413,index:3
2025-12-16 18:37:53.577 | DEBUG    | train.trainer:train_and_evaluation:115 - train_loss:0.0017090053699388536,index:4
2025-12-16 18:37:53.578 | DEBUG    | train.trainer:train_and_evaluation:117 - validation_loss:0.0011665386625099928,index:4
2025-12-16 18:37:53.578 | DEBUG    | train.trainer:train_and_evaluation:119 - location_rmse:18.827979491840708,index:4
2025-12-16 18:37:53.578 | DEBUG    | train.trainer:train_and_evaluation:121 - velocity_rmse:2.662975035580722,index:4
2025-12-16 18:48:40.675 | DEBUG    | train.trainer:train_and_evaluation:115 - train_loss:0.0016336547020526435,index:5
2025-12-16 18:48:40.676 | DEBUG    | train.trainer:train_and_evaluation:117 - validation_loss:0.0011695342748214237,index:5
2025-12-16 18:48:40.676 | DEBUG    | train.trainer:train_and_evaluation:119 - location_rmse:19.226573745380747,index:5
2025-12-16 18:48:40.677 | DEBUG    | train.trainer:train_and_evaluation:121 - velocity_rmse:2.68425924838673,index:5
2025-12-16 19:00:12.003 | DEBUG    | train.trainer:train_and_evaluation:115 - train_loss:0.0015522083265594008,index:6
2025-12-16 19:00:12.003 | DEBUG    | train.trainer:train_and_evaluation:117 - validation_loss:0.0011686074953335761,index:6
2025-12-16 19:00:12.004 | DEBUG    | train.trainer:train_and_evaluation:119 - location_rmse:19.16130495591597,index:6
2025-12-16 19:00:12.004 | DEBUG    | train.trainer:train_and_evaluation:121 - velocity_rmse:2.703239535071633,index:6
2025-12-16 19:11:28.341 | DEBUG    | train.trainer:train_and_evaluation:115 - train_loss:0.0015256358640564774,index:7
2025-12-16 19:11:28.341 | DEBUG    | train.trainer:train_and_evaluation:117 - validation_loss:0.0011926809608491815,index:7
2025-12-16 19:11:28.341 | DEBUG    | train.trainer:train_and_evaluation:119 - location_rmse:19.506697866960007,index:7
2025-12-16 19:11:28.341 | DEBUG    | train.trainer:train_and_evaluation:121 - velocity_rmse:2.665093042937192,index:7
2025-12-16 19:22:22.370 | DEBUG    | train.trainer:train_and_evaluation:115 - train_loss:0.0014513098679440604,index:8
2025-12-16 19:22:22.370 | DEBUG    | train.trainer:train_and_evaluation:117 - validation_loss:0.0010867041803007437,index:8
2025-12-16 19:22:22.370 | DEBUG    | train.trainer:train_and_evaluation:119 - location_rmse:18.648331471529875,index:8
2025-12-16 19:22:22.370 | DEBUG    | train.trainer:train_and_evaluation:121 - velocity_rmse:2.573136305548928,index:8
2025-12-16 19:31:39.926 | DEBUG    | train.trainer:train_and_evaluation:115 - train_loss:0.0014122076045058555,index:9
2025-12-16 19:31:39.926 | DEBUG    | train.trainer:train_and_evaluation:117 - validation_loss:0.0010954034745121713,index:9
2025-12-16 19:31:39.927 | DEBUG    | train.trainer:train_and_evaluation:119 - location_rmse:18.947648210005326,index:9
2025-12-16 19:31:39.927 | DEBUG    | train.trainer:train_and_evaluation:121 - velocity_rmse:2.568761721264232,index:9
2025-12-16 19:40:54.245 | DEBUG    | train.trainer:train_and_evaluation:115 - train_loss:0.0013730016889078826,index:10
2025-12-16 19:40:54.246 | DEBUG    | train.trainer:train_and_evaluation:117 - validation_loss:0.00105000176851172,index:10
2025-12-16 19:40:54.246 | DEBUG    | train.trainer:train_and_evaluation:119 - location_rmse:17.55096142994274,index:10
2025-12-16 19:40:54.246 | DEBUG    | train.trainer:train_and_evaluation:121 - velocity_rmse:2.5636620231541722,index:10
2025-12-16 19:50:34.581 | DEBUG    | train.trainer:train_and_evaluation:115 - train_loss:0.001326876655079876,index:11
2025-12-16 19:50:34.581 | DEBUG    | train.trainer:train_and_evaluation:117 - validation_loss:0.0011168663457925007,index:11
2025-12-16 19:50:34.581 | DEBUG    | train.trainer:train_and_evaluation:119 - location_rmse:19.99574077536843,index:11
2025-12-16 19:50:34.581 | DEBUG    | train.trainer:train_and_evaluation:121 - velocity_rmse:2.4765121079358186,index:11
2025-12-16 20:00:41.820 | DEBUG    | train.trainer:train_and_evaluation:115 - train_loss:0.0012985068079239379,index:12
2025-12-16 20:00:41.820 | DEBUG    | train.trainer:train_and_evaluation:117 - validation_loss:0.001091306650598364,index:12
2025-12-16 20:00:41.821 | DEBUG    | train.trainer:train_and_evaluation:119 - location_rmse:19.031978252064096,index:12
2025-12-16 20:00:41.821 | DEBUG    | train.trainer:train_and_evaluation:121 - velocity_rmse:2.547224580157887,index:12
2025-12-16 20:11:49.550 | DEBUG    | train.trainer:train_and_evaluation:115 - train_loss:0.001262890273528738,index:13
2025-12-16 20:11:49.550 | DEBUG    | train.trainer:train_and_evaluation:117 - validation_loss:0.0010831370111025701,index:13
2025-12-16 20:11:49.550 | DEBUG    | train.trainer:train_and_evaluation:119 - location_rmse:19.10399195098877,index:13
2025-12-16 20:11:49.551 | DEBUG    | train.trainer:train_and_evaluation:121 - velocity_rmse:2.509000776984475,index:13
2025-12-16 20:22:32.755 | DEBUG    | train.trainer:train_and_evaluation:115 - train_loss:0.0012398607656006898,index:14
2025-12-16 20:22:32.755 | DEBUG    | train.trainer:train_and_evaluation:117 - validation_loss:0.0010410282327052713,index:14
2025-12-16 20:22:32.755 | DEBUG    | train.trainer:train_and_evaluation:119 - location_rmse:18.358974186637184,index:14
2025-12-16 20:22:32.755 | DEBUG    | train.trainer:train_and_evaluation:121 - velocity_rmse:2.46279909805818,index:14
2025-12-16 20:33:28.903 | DEBUG    | train.trainer:train_and_evaluation:115 - train_loss:0.0012056237159007595,index:15
2025-12-16 20:33:28.903 | DEBUG    | train.trainer:train_and_evaluation:117 - validation_loss:0.0009823621223384346,index:15
2025-12-16 20:33:28.903 | DEBUG    | train.trainer:train_and_evaluation:119 - location_rmse:17.40479592097889,index:15
2025-12-16 20:33:28.903 | DEBUG    | train.trainer:train_and_evaluation:121 - velocity_rmse:2.4436649120504206,index:15
2025-12-16 20:43:23.725 | DEBUG    | train.trainer:train_and_evaluation:115 - train_loss:0.0011454711439384316,index:16
2025-12-16 20:43:23.725 | DEBUG    | train.trainer:train_and_evaluation:117 - validation_loss:0.0009168459231097421,index:16
2025-12-16 20:43:23.725 | DEBUG    | train.trainer:train_and_evaluation:119 - location_rmse:15.758835221030495,index:16
2025-12-16 20:43:23.725 | DEBUG    | train.trainer:train_and_evaluation:121 - velocity_rmse:2.401015747460452,index:16
2025-12-16 20:52:57.759 | DEBUG    | train.trainer:train_and_evaluation:115 - train_loss:0.001102846017678861,index:17
2025-12-16 20:52:57.760 | DEBUG    | train.trainer:train_and_evaluation:117 - validation_loss:0.0009359262504678389,index:17
2025-12-16 20:52:57.761 | DEBUG    | train.trainer:train_and_evaluation:119 - location_rmse:16.52271363136985,index:17
2025-12-16 20:52:57.761 | DEBUG    | train.trainer:train_and_evaluation:121 - velocity_rmse:2.352619555733421,index:17
2025-12-16 21:03:53.534 | DEBUG    | train.trainer:train_and_evaluation:115 - train_loss:0.0010931756148947346,index:18
2025-12-16 21:03:53.535 | DEBUG    | train.trainer:train_and_evaluation:117 - validation_loss:0.0009187775352461772,index:18
2025-12-16 21:03:53.535 | DEBUG    | train.trainer:train_and_evaluation:119 - location_rmse:16.570347230044277,index:18
2025-12-16 21:03:53.535 | DEBUG    | train.trainer:train_and_evaluation:121 - velocity_rmse:2.33335864201459,index:18
2025-12-16 21:16:18.860 | DEBUG    | train.trainer:train_and_evaluation:115 - train_loss:0.0010799213974263915,index:19
2025-12-16 21:16:18.860 | DEBUG    | train.trainer:train_and_evaluation:117 - validation_loss:0.000918238040218553,index:19
2025-12-16 21:16:18.860 | DEBUG    | train.trainer:train_and_evaluation:119 - location_rmse:15.613173989382657,index:19
2025-12-16 21:16:18.860 | DEBUG    | train.trainer:train_and_evaluation:121 - velocity_rmse:2.3912123333757576,index:19
2025-12-20 17:04:06.554 | DEBUG    | train.trainer:train_and_evaluation:115 - train_loss:0.0012772268313335988,index:0
2025-12-20 17:04:06.557 | DEBUG    | train.trainer:train_and_evaluation:117 - validation_loss:0.0011531735436927358,index:0
2025-12-20 17:04:06.557 | DEBUG    | train.trainer:train_and_evaluation:119 - location_rmse:32.16679845567183,index:0
2025-12-20 17:04:06.558 | DEBUG    | train.trainer:train_and_evaluation:121 - velocity_rmse:3.2760637070915917,index:0
2025-12-20 17:19:23.691 | DEBUG    | train.trainer:train_and_evaluation:115 - train_loss:0.0009401292389533905,index:1
2025-12-20 17:19:23.692 | DEBUG    | train.trainer:train_and_evaluation:117 - validation_loss:0.0007969394990888593,index:1
2025-12-20 17:19:23.692 | DEBUG    | train.trainer:train_and_evaluation:119 - location_rmse:25.620588434045963,index:1
2025-12-20 17:19:23.692 | DEBUG    | train.trainer:train_and_evaluation:121 - velocity_rmse:2.7328750386671588,index:1
2025-12-20 17:37:42.134 | DEBUG    | train.trainer:train_and_evaluation:115 - train_loss:0.0008198463565010267,index:2
2025-12-20 17:37:42.137 | DEBUG    | train.trainer:train_and_evaluation:117 - validation_loss:0.0006542024792341346,index:2
2025-12-20 17:37:42.137 | DEBUG    | train.trainer:train_and_evaluation:119 - location_rmse:23.327545956004748,index:2
2025-12-20 17:37:42.137 | DEBUG    | train.trainer:train_and_evaluation:121 - velocity_rmse:2.349608281439001,index:2
2025-12-20 17:55:01.421 | DEBUG    | train.trainer:train_and_evaluation:115 - train_loss:0.0007729039709859838,index:3
2025-12-20 17:55:01.421 | DEBUG    | train.trainer:train_and_evaluation:117 - validation_loss:0.0006320071099696427,index:3
2025-12-20 17:55:01.421 | DEBUG    | train.trainer:train_and_evaluation:119 - location_rmse:22.64266239304976,index:3
2025-12-20 17:55:01.421 | DEBUG    | train.trainer:train_and_evaluation:121 - velocity_rmse:2.3301619733897123,index:3
2025-12-20 18:08:51.146 | DEBUG    | train.trainer:train_and_evaluation:115 - train_loss:0.0007473265256108293,index:4
2025-12-20 18:08:51.146 | DEBUG    | train.trainer:train_and_evaluation:117 - validation_loss:0.0006062023468865928,index:4
2025-12-20 18:08:51.147 | DEBUG    | train.trainer:train_and_evaluation:119 - location_rmse:21.80277208328247,index:4
2025-12-20 18:08:51.147 | DEBUG    | train.trainer:train_and_evaluation:121 - velocity_rmse:2.2529901405247776,index:4
2025-12-20 18:25:00.579 | DEBUG    | train.trainer:train_and_evaluation:115 - train_loss:0.000718104380193505,index:5
2025-12-20 18:25:00.579 | DEBUG    | train.trainer:train_and_evaluation:117 - validation_loss:0.0006267442213138565,index:5
2025-12-20 18:25:00.580 | DEBUG    | train.trainer:train_and_evaluation:119 - location_rmse:22.092185700850052,index:5
2025-12-20 18:25:00.580 | DEBUG    | train.trainer:train_and_evaluation:121 - velocity_rmse:2.3140873162529685,index:5
2025-12-20 18:41:02.734 | DEBUG    | train.trainer:train_and_evaluation:115 - train_loss:0.0006941685750833571,index:6
2025-12-20 18:41:02.734 | DEBUG    | train.trainer:train_and_evaluation:117 - validation_loss:0.0006079748070597733,index:6
2025-12-20 18:41:02.735 | DEBUG    | train.trainer:train_and_evaluation:119 - location_rmse:21.483587653073396,index:6
2025-12-20 18:41:02.735 | DEBUG    | train.trainer:train_and_evaluation:121 - velocity_rmse:2.273523252140392,index:6
2025-12-20 18:58:22.718 | DEBUG    | train.trainer:train_and_evaluation:115 - train_loss:0.000680110544266151,index:7
2025-12-20 18:58:22.719 | DEBUG    | train.trainer:train_and_evaluation:117 - validation_loss:0.0006334875221787529,index:7
2025-12-20 18:58:22.720 | DEBUG    | train.trainer:train_and_evaluation:119 - location_rmse:21.059487715634432,index:7
2025-12-20 18:58:22.721 | DEBUG    | train.trainer:train_and_evaluation:121 - velocity_rmse:2.3326813872944223,index:7
2025-12-20 19:13:34.152 | DEBUG    | train.trainer:train_and_evaluation:115 - train_loss:0.0006651983484749287,index:8
2025-12-20 19:13:34.152 | DEBUG    | train.trainer:train_and_evaluation:117 - validation_loss:0.0005880430968404239,index:8
2025-12-20 19:13:34.152 | DEBUG    | train.trainer:train_and_evaluation:119 - location_rmse:20.986420273173938,index:8
2025-12-20 19:13:34.153 | DEBUG    | train.trainer:train_and_evaluation:121 - velocity_rmse:2.2642424596439708,index:8
2025-12-20 19:28:24.801 | DEBUG    | train.trainer:train_and_evaluation:115 - train_loss:0.0006527579934089303,index:9
2025-12-20 19:28:24.802 | DEBUG    | train.trainer:train_and_evaluation:117 - validation_loss:0.0005863383390348066,index:9
2025-12-20 19:28:24.802 | DEBUG    | train.trainer:train_and_evaluation:119 - location_rmse:20.191255079442804,index:9
2025-12-20 19:28:24.802 | DEBUG    | train.trainer:train_and_evaluation:121 - velocity_rmse:2.2828096173026347,index:9
2025-12-20 19:42:21.598 | DEBUG    | train.trainer:train_and_evaluation:115 - train_loss:0.0006347501527810836,index:10
2025-12-20 19:42:21.598 | DEBUG    | train.trainer:train_and_evaluation:117 - validation_loss:0.000568718569136267,index:10
2025-12-20 19:42:21.599 | DEBUG    | train.trainer:train_and_evaluation:119 - location_rmse:19.5339458212419,index:10
2025-12-20 19:42:21.599 | DEBUG    | train.trainer:train_and_evaluation:121 - velocity_rmse:2.3204849259636617,index:10
2025-12-20 19:56:33.215 | DEBUG    | train.trainer:train_and_evaluation:115 - train_loss:0.0006195216045333919,index:11
2025-12-20 19:56:33.216 | DEBUG    | train.trainer:train_and_evaluation:117 - validation_loss:0.0005570423731114715,index:11
2025-12-20 19:56:33.216 | DEBUG    | train.trainer:train_and_evaluation:119 - location_rmse:19.19230752216686,index:11
2025-12-20 19:56:33.217 | DEBUG    | train.trainer:train_and_evaluation:121 - velocity_rmse:2.3013049908551304,index:11
2025-12-20 20:11:06.030 | DEBUG    | train.trainer:train_and_evaluation:115 - train_loss:0.0006017902127721093,index:12
2025-12-20 20:11:06.030 | DEBUG    | train.trainer:train_and_evaluation:117 - validation_loss:0.0005685304458813995,index:12
2025-12-20 20:11:06.030 | DEBUG    | train.trainer:train_and_evaluation:119 - location_rmse:18.825401422674005,index:12
2025-12-20 20:11:06.030 | DEBUG    | train.trainer:train_and_evaluation:121 - velocity_rmse:2.390815471909263,index:12
2025-12-20 20:25:55.039 | DEBUG    | train.trainer:train_and_evaluation:115 - train_loss:0.0005895528975189805,index:13
2025-12-20 20:25:55.039 | DEBUG    | train.trainer:train_and_evaluation:117 - validation_loss:0.0005194969293873079,index:13
2025-12-20 20:25:55.041 | DEBUG    | train.trainer:train_and_evaluation:119 - location_rmse:18.02460324304754,index:13
2025-12-20 20:25:55.041 | DEBUG    | train.trainer:train_and_evaluation:121 - velocity_rmse:2.2542930561412464,index:13
2025-12-20 20:40:29.910 | DEBUG    | train.trainer:train_and_evaluation:115 - train_loss:0.0005756572828642234,index:14
2025-12-20 20:40:29.911 | DEBUG    | train.trainer:train_and_evaluation:117 - validation_loss:0.0005650283754591577,index:14
2025-12-20 20:40:29.911 | DEBUG    | train.trainer:train_and_evaluation:119 - location_rmse:18.22245625409213,index:14
2025-12-20 20:40:29.911 | DEBUG    | train.trainer:train_and_evaluation:121 - velocity_rmse:2.4347709340615706,index:14
2025-12-20 20:54:49.028 | DEBUG    | train.trainer:train_and_evaluation:115 - train_loss:0.0005636523302192941,index:15
2025-12-20 20:54:49.029 | DEBUG    | train.trainer:train_and_evaluation:117 - validation_loss:0.0005400384778516706,index:15
2025-12-20 20:54:49.029 | DEBUG    | train.trainer:train_and_evaluation:119 - location_rmse:18.120411261818624,index:15
2025-12-20 20:54:49.029 | DEBUG    | train.trainer:train_and_evaluation:121 - velocity_rmse:2.325011614712802,index:15
2025-12-20 21:08:51.222 | DEBUG    | train.trainer:train_and_evaluation:115 - train_loss:0.0005228805890268026,index:16
2025-12-20 21:08:51.222 | DEBUG    | train.trainer:train_and_evaluation:117 - validation_loss:0.0005293939453232186,index:16
2025-12-20 21:08:51.223 | DEBUG    | train.trainer:train_and_evaluation:119 - location_rmse:17.576480592901056,index:16
2025-12-20 21:08:51.223 | DEBUG    | train.trainer:train_and_evaluation:121 - velocity_rmse:2.298114453705874,index:16
2025-12-20 21:23:15.940 | DEBUG    | train.trainer:train_and_evaluation:115 - train_loss:0.000509022622527978,index:17
2025-12-20 21:23:15.940 | DEBUG    | train.trainer:train_and_evaluation:117 - validation_loss:0.0005108840857071548,index:17
2025-12-20 21:23:15.941 | DEBUG    | train.trainer:train_and_evaluation:119 - location_rmse:17.04215872192383,index:17
2025-12-20 21:23:15.941 | DEBUG    | train.trainer:train_and_evaluation:121 - velocity_rmse:2.28601017704877,index:17
2025-12-20 21:37:42.286 | DEBUG    | train.trainer:train_and_evaluation:115 - train_loss:0.0004975860329807003,index:18
2025-12-20 21:37:42.287 | DEBUG    | train.trainer:train_and_evaluation:117 - validation_loss:0.0004989867511850951,index:18
2025-12-20 21:37:42.287 | DEBUG    | train.trainer:train_and_evaluation:119 - location_rmse:16.809684440266004,index:18
2025-12-20 21:37:42.287 | DEBUG    | train.trainer:train_and_evaluation:121 - velocity_rmse:2.2651249214952642,index:18
2025-12-20 21:51:39.975 | DEBUG    | train.trainer:train_and_evaluation:115 - train_loss:0.0004898097120087847,index:19
2025-12-20 21:51:39.975 | DEBUG    | train.trainer:train_and_evaluation:117 - validation_loss:0.0005125751143099148,index:19
2025-12-20 21:51:39.975 | DEBUG    | train.trainer:train_and_evaluation:119 - location_rmse:16.901597071560946,index:19
2025-12-20 21:51:39.975 | DEBUG    | train.trainer:train_and_evaluation:121 - velocity_rmse:2.2847415461973712,index:19
2025-12-20 22:05:58.798 | DEBUG    | train.trainer:train_and_evaluation:115 - train_loss:0.00048058239905565805,index:20
2025-12-20 22:05:58.798 | DEBUG    | train.trainer:train_and_evaluation:117 - validation_loss:0.0005039341073133982,index:20
2025-12-20 22:05:58.798 | DEBUG    | train.trainer:train_and_evaluation:119 - location_rmse:16.917091876983644,index:20
2025-12-20 22:05:58.799 | DEBUG    | train.trainer:train_and_evaluation:121 - velocity_rmse:2.2633298329006544,index:20
2025-12-20 22:19:04.081 | DEBUG    | train.trainer:train_and_evaluation:115 - train_loss:0.0004720010874584797,index:21
2025-12-20 22:19:04.081 | DEBUG    | train.trainer:train_and_evaluation:117 - validation_loss:0.000507267586897466,index:21
2025-12-20 22:19:04.081 | DEBUG    | train.trainer:train_and_evaluation:119 - location_rmse:16.85487456304377,index:21
2025-12-20 22:19:04.081 | DEBUG    | train.trainer:train_and_evaluation:121 - velocity_rmse:2.287907945589586,index:21
2025-12-20 22:34:54.173 | DEBUG    | train.trainer:train_and_evaluation:115 - train_loss:0.0004633480237662849,index:22
2025-12-20 22:34:54.173 | DEBUG    | train.trainer:train_and_evaluation:117 - validation_loss:0.000507791839725211,index:22
2025-12-20 22:34:54.173 | DEBUG    | train.trainer:train_and_evaluation:119 - location_rmse:16.89791139567982,index:22
2025-12-20 22:34:54.174 | DEBUG    | train.trainer:train_and_evaluation:121 - velocity_rmse:2.292178213336251,index:22
2025-12-20 23:02:55.438 | DEBUG    | train.trainer:train_and_evaluation:118 - train_loss:0.0005549227125293604,index:0
2025-12-20 23:02:55.439 | DEBUG    | train.trainer:train_and_evaluation:120 - validation_loss:0.000766545141687278,index:0
2025-12-20 23:02:55.439 | DEBUG    | train.trainer:train_and_evaluation:122 - location_rmse:22.561501016790217,index:0
2025-12-20 23:02:55.440 | DEBUG    | train.trainer:train_and_evaluation:124 - velocity_rmse:2.9615533422990277,index:0
2025-12-20 23:17:24.964 | DEBUG    | train.trainer:train_and_evaluation:118 - train_loss:0.0005172624457239484,index:1
2025-12-20 23:17:24.964 | DEBUG    | train.trainer:train_and_evaluation:120 - validation_loss:0.0005634031740482896,index:1
2025-12-20 23:17:24.964 | DEBUG    | train.trainer:train_and_evaluation:122 - location_rmse:17.51995812780207,index:1
2025-12-20 23:17:24.964 | DEBUG    | train.trainer:train_and_evaluation:124 - velocity_rmse:2.4622324779250406,index:1
2025-12-20 23:32:04.904 | DEBUG    | train.trainer:train_and_evaluation:118 - train_loss:0.0005042375202121383,index:2
2025-12-20 23:32:04.905 | DEBUG    | train.trainer:train_and_evaluation:120 - validation_loss:0.0005168280450955288,index:2
2025-12-20 23:32:04.905 | DEBUG    | train.trainer:train_and_evaluation:122 - location_rmse:16.941558170665395,index:2
2025-12-20 23:32:04.905 | DEBUG    | train.trainer:train_and_evaluation:124 - velocity_rmse:2.3116040620803835,index:2
2025-12-20 23:47:28.131 | DEBUG    | train.trainer:train_and_evaluation:118 - train_loss:0.0004989336081392442,index:3
2025-12-20 23:47:28.131 | DEBUG    | train.trainer:train_and_evaluation:120 - validation_loss:0.0005469053197990764,index:3
2025-12-20 23:47:28.131 | DEBUG    | train.trainer:train_and_evaluation:122 - location_rmse:17.45545503477617,index:3
2025-12-20 23:47:28.131 | DEBUG    | train.trainer:train_and_evaluation:124 - velocity_rmse:2.3971695229790426,index:3
2025-12-21 00:02:31.835 | DEBUG    | train.trainer:train_and_evaluation:118 - train_loss:0.0004927172529401794,index:4
2025-12-21 00:02:31.835 | DEBUG    | train.trainer:train_and_evaluation:120 - validation_loss:0.0005218494772773491,index:4
2025-12-21 00:02:31.835 | DEBUG    | train.trainer:train_and_evaluation:122 - location_rmse:17.017557436162775,index:4
2025-12-21 00:02:31.835 | DEBUG    | train.trainer:train_and_evaluation:124 - velocity_rmse:2.3475455865426498,index:4
2025-12-21 00:17:58.715 | DEBUG    | train.trainer:train_and_evaluation:118 - train_loss:0.00048324729628141294,index:5
2025-12-21 00:17:58.716 | DEBUG    | train.trainer:train_and_evaluation:120 - validation_loss:0.0005129383181285283,index:5
2025-12-21 00:17:58.716 | DEBUG    | train.trainer:train_and_evaluation:122 - location_rmse:17.282105229464445,index:5
2025-12-21 00:17:58.716 | DEBUG    | train.trainer:train_and_evaluation:124 - velocity_rmse:2.304705132441087,index:5
2025-12-21 00:32:45.275 | DEBUG    | train.trainer:train_and_evaluation:118 - train_loss:0.0004817712598755448,index:6
2025-12-21 00:32:45.275 | DEBUG    | train.trainer:train_and_evaluation:120 - validation_loss:0.0005208974610590799,index:6
2025-12-21 00:32:45.275 | DEBUG    | train.trainer:train_and_evaluation:122 - location_rmse:17.11451483293013,index:6
2025-12-21 00:32:45.275 | DEBUG    | train.trainer:train_and_evaluation:124 - velocity_rmse:2.343661509470506,index:6
2025-12-21 00:47:10.300 | DEBUG    | train.trainer:train_and_evaluation:118 - train_loss:0.0004729928241153671,index:7
2025-12-21 00:47:10.300 | DEBUG    | train.trainer:train_and_evaluation:120 - validation_loss:0.000530851900741585,index:7
2025-12-21 00:47:10.300 | DEBUG    | train.trainer:train_and_evaluation:122 - location_rmse:16.893462053125553,index:7
2025-12-21 00:47:10.301 | DEBUG    | train.trainer:train_and_evaluation:124 - velocity_rmse:2.388631254022772,index:7
2025-12-21 01:01:35.231 | DEBUG    | train.trainer:train_and_evaluation:118 - train_loss:0.0004672253671998271,index:8
2025-12-21 01:01:35.231 | DEBUG    | train.trainer:train_and_evaluation:120 - validation_loss:0.0005115642046069049,index:8
2025-12-21 01:01:35.232 | DEBUG    | train.trainer:train_and_evaluation:122 - location_rmse:17.032285769029098,index:8
2025-12-21 01:01:35.232 | DEBUG    | train.trainer:train_and_evaluation:124 - velocity_rmse:2.3244250625263563,index:8
2025-12-21 01:15:59.850 | DEBUG    | train.trainer:train_and_evaluation:118 - train_loss:0.0004615356561226883,index:9
2025-12-21 01:15:59.850 | DEBUG    | train.trainer:train_and_evaluation:120 - validation_loss:0.0005136144857335074,index:9
2025-12-21 01:15:59.850 | DEBUG    | train.trainer:train_and_evaluation:122 - location_rmse:16.793514689358798,index:9
2025-12-21 01:15:59.850 | DEBUG    | train.trainer:train_and_evaluation:124 - velocity_rmse:2.3115905961990357,index:9
2025-12-21 01:30:23.895 | DEBUG    | train.trainer:train_and_evaluation:118 - train_loss:0.0004510309266624972,index:10
2025-12-21 01:30:23.895 | DEBUG    | train.trainer:train_and_evaluation:120 - validation_loss:0.0005346992096059363,index:10
2025-12-21 01:30:23.895 | DEBUG    | train.trainer:train_and_evaluation:122 - location_rmse:16.68498069867221,index:10
2025-12-21 01:30:23.895 | DEBUG    | train.trainer:train_and_evaluation:124 - velocity_rmse:2.4182291497750716,index:10
2025-12-21 01:44:42.871 | DEBUG    | train.trainer:train_and_evaluation:118 - train_loss:0.00044961789209275706,index:11
2025-12-21 01:44:42.871 | DEBUG    | train.trainer:train_and_evaluation:120 - validation_loss:0.0005186718779256229,index:11
2025-12-21 01:44:42.872 | DEBUG    | train.trainer:train_and_evaluation:122 - location_rmse:16.755160950747403,index:11
2025-12-21 01:44:42.872 | DEBUG    | train.trainer:train_and_evaluation:124 - velocity_rmse:2.3680269439003685,index:11
2025-12-21 01:59:11.804 | DEBUG    | train.trainer:train_and_evaluation:118 - train_loss:0.00044477854670328795,index:12
2025-12-21 01:59:11.805 | DEBUG    | train.trainer:train_and_evaluation:120 - validation_loss:0.0005371304092748853,index:12
2025-12-21 01:59:11.805 | DEBUG    | train.trainer:train_and_evaluation:122 - location_rmse:16.914308547973633,index:12
2025-12-21 01:59:11.805 | DEBUG    | train.trainer:train_and_evaluation:124 - velocity_rmse:2.4141538583148607,index:12
2025-12-21 02:13:39.146 | DEBUG    | train.trainer:train_and_evaluation:118 - train_loss:0.00043811954687010833,index:13
2025-12-21 02:13:39.147 | DEBUG    | train.trainer:train_and_evaluation:120 - validation_loss:0.0005306209829127924,index:13
2025-12-21 02:13:39.147 | DEBUG    | train.trainer:train_and_evaluation:122 - location_rmse:16.53954809258201,index:13
2025-12-21 02:13:39.147 | DEBUG    | train.trainer:train_and_evaluation:124 - velocity_rmse:2.414107601859353,index:13
2025-12-21 02:28:01.205 | DEBUG    | train.trainer:train_and_evaluation:118 - train_loss:0.0004351670720180581,index:14
2025-12-21 02:28:01.205 | DEBUG    | train.trainer:train_and_evaluation:120 - validation_loss:0.0005348188212268393,index:14
2025-12-21 02:28:01.205 | DEBUG    | train.trainer:train_and_evaluation:122 - location_rmse:16.88225926000422,index:14
2025-12-21 02:28:01.206 | DEBUG    | train.trainer:train_and_evaluation:124 - velocity_rmse:2.4151948852539062,index:14
2025-12-21 02:42:28.390 | DEBUG    | train.trainer:train_and_evaluation:118 - train_loss:0.00043184518234832495,index:15
2025-12-21 02:42:28.391 | DEBUG    | train.trainer:train_and_evaluation:120 - validation_loss:0.0005160732659754682,index:15
2025-12-21 02:42:28.391 | DEBUG    | train.trainer:train_and_evaluation:122 - location_rmse:16.62493625640869,index:15
2025-12-21 02:42:28.391 | DEBUG    | train.trainer:train_and_evaluation:124 - velocity_rmse:2.3726317392696035,index:15
2025-12-21 02:56:45.176 | DEBUG    | train.trainer:train_and_evaluation:118 - train_loss:0.0004010901699445888,index:16
2025-12-21 02:56:45.177 | DEBUG    | train.trainer:train_and_evaluation:120 - validation_loss:0.0005074722995367747,index:16
2025-12-21 02:56:45.177 | DEBUG    | train.trainer:train_and_evaluation:122 - location_rmse:15.88867487820712,index:16
2025-12-21 02:56:45.177 | DEBUG    | train.trainer:train_and_evaluation:124 - velocity_rmse:2.335582221247933,index:16
2025-12-21 03:12:25.795 | DEBUG    | train.trainer:train_and_evaluation:118 - train_loss:0.00039436316489996955,index:17
2025-12-21 03:12:25.796 | DEBUG    | train.trainer:train_and_evaluation:120 - validation_loss:0.0005123420045499436,index:17
2025-12-21 03:12:25.796 | DEBUG    | train.trainer:train_and_evaluation:122 - location_rmse:15.932618146029386,index:17
2025-12-21 03:12:25.796 | DEBUG    | train.trainer:train_and_evaluation:124 - velocity_rmse:2.3627261794263665,index:17
2025-12-21 03:25:57.587 | DEBUG    | train.trainer:train_and_evaluation:118 - train_loss:0.000394048034700311,index:18
2025-12-21 03:25:57.588 | DEBUG    | train.trainer:train_and_evaluation:120 - validation_loss:0.0004951499741079963,index:18
2025-12-21 03:25:57.588 | DEBUG    | train.trainer:train_and_evaluation:122 - location_rmse:15.977529364845969,index:18
2025-12-21 03:25:57.588 | DEBUG    | train.trainer:train_and_evaluation:124 - velocity_rmse:2.295926517313177,index:18
2025-12-21 03:35:53.617 | DEBUG    | train.trainer:train_and_evaluation:118 - train_loss:0.00038480654141202455,index:19
2025-12-21 03:35:53.617 | DEBUG    | train.trainer:train_and_evaluation:120 - validation_loss:0.0005211754076140509,index:19
2025-12-21 03:35:53.617 | DEBUG    | train.trainer:train_and_evaluation:122 - location_rmse:16.073279528184372,index:19
2025-12-21 03:35:53.617 | DEBUG    | train.trainer:train_and_evaluation:124 - velocity_rmse:2.3911727832880887,index:19
2025-12-21 03:45:42.845 | DEBUG    | train.trainer:train_and_evaluation:118 - train_loss:0.0003852604875785553,index:20
2025-12-21 03:45:42.845 | DEBUG    | train.trainer:train_and_evaluation:120 - validation_loss:0.0005245712800216014,index:20
2025-12-21 03:45:42.846 | DEBUG    | train.trainer:train_and_evaluation:122 - location_rmse:16.46467316575484,index:20
2025-12-21 03:45:42.846 | DEBUG    | train.trainer:train_and_evaluation:124 - velocity_rmse:2.3645668582482773,index:20
2025-12-21 03:54:55.627 | DEBUG    | train.trainer:train_and_evaluation:118 - train_loss:0.0003822959062191799,index:21
2025-12-21 03:54:55.627 | DEBUG    | train.trainer:train_and_evaluation:120 - validation_loss:0.0005031809188658371,index:21
2025-12-21 03:54:55.628 | DEBUG    | train.trainer:train_and_evaluation:122 - location_rmse:16.02250917746804,index:21
2025-12-21 03:54:55.628 | DEBUG    | train.trainer:train_and_evaluation:124 - velocity_rmse:2.3291279364932667,index:21
2025-12-21 04:04:13.045 | DEBUG    | train.trainer:train_and_evaluation:118 - train_loss:0.0003791550169998752,index:22
2025-12-21 04:04:13.046 | DEBUG    | train.trainer:train_and_evaluation:120 - validation_loss:0.0005029825291871517,index:22
2025-12-21 04:04:13.046 | DEBUG    | train.trainer:train_and_evaluation:122 - location_rmse:16.05532080563632,index:22
2025-12-21 04:04:13.046 | DEBUG    | train.trainer:train_and_evaluation:124 - velocity_rmse:2.331068710500544,index:22
2025-12-21 04:13:32.396 | DEBUG    | train.trainer:train_and_evaluation:118 - train_loss:0.0003741998837442335,index:23
2025-12-21 04:13:32.396 | DEBUG    | train.trainer:train_and_evaluation:120 - validation_loss:0.0005181906903268431,index:23
2025-12-21 04:13:32.396 | DEBUG    | train.trainer:train_and_evaluation:122 - location_rmse:16.088099432511765,index:23
2025-12-21 04:13:32.396 | DEBUG    | train.trainer:train_and_evaluation:124 - velocity_rmse:2.3757689677151768,index:23
2025-12-21 04:22:52.942 | DEBUG    | train.trainer:train_and_evaluation:118 - train_loss:0.0003708992335701954,index:24
2025-12-21 04:22:52.943 | DEBUG    | train.trainer:train_and_evaluation:120 - validation_loss:0.0005318032619755038,index:24
2025-12-21 04:22:52.943 | DEBUG    | train.trainer:train_and_evaluation:122 - location_rmse:16.294038811770353,index:24
2025-12-21 04:22:52.943 | DEBUG    | train.trainer:train_and_evaluation:124 - velocity_rmse:2.418405472235246,index:24
2025-12-21 04:32:07.824 | DEBUG    | train.trainer:train_and_evaluation:118 - train_loss:0.00036897375506602905,index:25
2025-12-21 04:32:07.825 | DEBUG    | train.trainer:train_and_evaluation:120 - validation_loss:0.0005182096238766627,index:25
2025-12-21 04:32:07.825 | DEBUG    | train.trainer:train_and_evaluation:122 - location_rmse:15.97879093690352,index:25
2025-12-21 04:32:07.825 | DEBUG    | train.trainer:train_and_evaluation:124 - velocity_rmse:2.4012666898640718,index:25
2025-12-21 04:41:20.058 | DEBUG    | train.trainer:train_and_evaluation:118 - train_loss:0.000365969176070807,index:26
2025-12-21 04:41:20.059 | DEBUG    | train.trainer:train_and_evaluation:120 - validation_loss:0.000498118636679878,index:26
2025-12-21 04:41:20.059 | DEBUG    | train.trainer:train_and_evaluation:122 - location_rmse:15.984542324412953,index:26
2025-12-21 04:41:20.059 | DEBUG    | train.trainer:train_and_evaluation:124 - velocity_rmse:2.319274632540616,index:26
2025-12-21 04:50:29.407 | DEBUG    | train.trainer:train_and_evaluation:118 - train_loss:0.00036307600257163306,index:27
2025-12-21 04:50:29.407 | DEBUG    | train.trainer:train_and_evaluation:120 - validation_loss:0.0005050557024978017,index:27
2025-12-21 04:50:29.408 | DEBUG    | train.trainer:train_and_evaluation:122 - location_rmse:15.938099040291526,index:27
2025-12-21 04:50:29.408 | DEBUG    | train.trainer:train_and_evaluation:124 - velocity_rmse:2.3646000025055627,index:27
2025-12-21 04:59:39.927 | DEBUG    | train.trainer:train_and_evaluation:118 - train_loss:0.00035767417846981325,index:28
2025-12-21 04:59:39.928 | DEBUG    | train.trainer:train_and_evaluation:120 - validation_loss:0.0005401529447884637,index:28
2025-12-21 04:59:39.928 | DEBUG    | train.trainer:train_and_evaluation:122 - location_rmse:15.914276552026923,index:28
2025-12-21 04:59:39.928 | DEBUG    | train.trainer:train_and_evaluation:124 - velocity_rmse:2.492360184799541,index:28
2025-12-21 05:08:49.191 | DEBUG    | train.trainer:train_and_evaluation:118 - train_loss:0.0003587252785412905,index:29
2025-12-21 05:08:49.191 | DEBUG    | train.trainer:train_and_evaluation:120 - validation_loss:0.000508620983000252,index:29
2025-12-21 05:08:49.191 | DEBUG    | train.trainer:train_and_evaluation:122 - location_rmse:15.971545631755482,index:29
2025-12-21 05:08:49.192 | DEBUG    | train.trainer:train_and_evaluation:124 - velocity_rmse:2.3700897208994087,index:29
2025-12-21 05:18:05.473 | DEBUG    | train.trainer:train_and_evaluation:118 - train_loss:0.00035875055353883935,index:30
2025-12-21 05:18:05.474 | DEBUG    | train.trainer:train_and_evaluation:120 - validation_loss:0.0005152012965832413,index:30
2025-12-21 05:18:05.474 | DEBUG    | train.trainer:train_and_evaluation:122 - location_rmse:16.062178840983997,index:30
2025-12-21 05:18:05.474 | DEBUG    | train.trainer:train_and_evaluation:124 - velocity_rmse:2.3767163207314232,index:30
2025-12-21 05:27:15.261 | DEBUG    | train.trainer:train_and_evaluation:118 - train_loss:0.0003521784462429809,index:31
2025-12-21 05:27:15.261 | DEBUG    | train.trainer:train_and_evaluation:120 - validation_loss:0.0005105379457077519,index:31
2025-12-21 05:27:15.261 | DEBUG    | train.trainer:train_and_evaluation:122 - location_rmse:16.268376041412353,index:31
2025-12-21 05:27:15.261 | DEBUG    | train.trainer:train_and_evaluation:124 - velocity_rmse:2.3644201840487393,index:31
2025-12-21 05:36:32.232 | DEBUG    | train.trainer:train_and_evaluation:118 - train_loss:0.0003193764956844406,index:32
2025-12-21 05:36:32.232 | DEBUG    | train.trainer:train_and_evaluation:120 - validation_loss:0.0005065143061695959,index:32
2025-12-21 05:36:32.233 | DEBUG    | train.trainer:train_and_evaluation:122 - location_rmse:15.32801357754794,index:32
2025-12-21 05:36:32.233 | DEBUG    | train.trainer:train_and_evaluation:124 - velocity_rmse:2.3817583680152894,index:32
2025-12-21 05:45:47.954 | DEBUG    | train.trainer:train_and_evaluation:118 - train_loss:0.0003180675555768451,index:33
2025-12-21 05:45:47.954 | DEBUG    | train.trainer:train_and_evaluation:120 - validation_loss:0.0004901296712817963,index:33
2025-12-21 05:45:47.956 | DEBUG    | train.trainer:train_and_evaluation:122 - location_rmse:15.452937885284424,index:33
2025-12-21 05:45:47.957 | DEBUG    | train.trainer:train_and_evaluation:124 - velocity_rmse:2.331250050761483,index:33
2025-12-21 05:55:01.253 | DEBUG    | train.trainer:train_and_evaluation:118 - train_loss:0.00031482307287991385,index:34
2025-12-21 05:55:01.253 | DEBUG    | train.trainer:train_and_evaluation:120 - validation_loss:0.0004925397232661701,index:34
2025-12-21 05:55:01.253 | DEBUG    | train.trainer:train_and_evaluation:122 - location_rmse:15.404451904643667,index:34
2025-12-21 05:55:01.253 | DEBUG    | train.trainer:train_and_evaluation:124 - velocity_rmse:2.329698191859505,index:34
2025-12-21 06:04:41.474 | DEBUG    | train.trainer:train_and_evaluation:118 - train_loss:0.0003143568040827769,index:35
2025-12-21 06:04:41.474 | DEBUG    | train.trainer:train_and_evaluation:120 - validation_loss:0.000503096894371662,index:35
2025-12-21 06:04:41.474 | DEBUG    | train.trainer:train_and_evaluation:122 - location_rmse:15.127480029019443,index:35
2025-12-21 06:04:41.474 | DEBUG    | train.trainer:train_and_evaluation:124 - velocity_rmse:2.373916366230358,index:35
2025-12-21 06:14:25.958 | DEBUG    | train.trainer:train_and_evaluation:118 - train_loss:0.00031136197151058836,index:36
2025-12-21 06:14:25.958 | DEBUG    | train.trainer:train_and_evaluation:120 - validation_loss:0.0005096498476605948,index:36
2025-12-21 06:14:25.959 | DEBUG    | train.trainer:train_and_evaluation:122 - location_rmse:15.415128689505837,index:36
2025-12-21 06:14:25.959 | DEBUG    | train.trainer:train_and_evaluation:124 - velocity_rmse:2.4054455694718793,index:36
2025-12-21 06:24:09.961 | DEBUG    | train.trainer:train_and_evaluation:118 - train_loss:0.0003088487253743083,index:37
2025-12-21 06:24:09.961 | DEBUG    | train.trainer:train_and_evaluation:120 - validation_loss:0.0005025529336893338,index:37
2025-12-21 06:24:09.962 | DEBUG    | train.trainer:train_and_evaluation:122 - location_rmse:15.70160845565796,index:37
2025-12-21 06:24:09.962 | DEBUG    | train.trainer:train_and_evaluation:124 - velocity_rmse:2.3330155291123824,index:37
2025-12-21 06:33:24.382 | DEBUG    | train.trainer:train_and_evaluation:118 - train_loss:0.0003047331660830726,index:38
2025-12-21 06:33:24.383 | DEBUG    | train.trainer:train_and_evaluation:120 - validation_loss:0.0005131204255105165,index:38
2025-12-21 06:33:24.383 | DEBUG    | train.trainer:train_and_evaluation:122 - location_rmse:15.554961265563964,index:38
2025-12-21 06:33:24.383 | DEBUG    | train.trainer:train_and_evaluation:124 - velocity_rmse:2.4030373505245555,index:38
2025-12-21 06:42:33.023 | DEBUG    | train.trainer:train_and_evaluation:118 - train_loss:0.00030903254087950865,index:39
2025-12-21 06:42:33.023 | DEBUG    | train.trainer:train_and_evaluation:120 - validation_loss:0.0005032462926994248,index:39
2025-12-21 06:42:33.023 | DEBUG    | train.trainer:train_and_evaluation:122 - location_rmse:15.54371810913086,index:39
2025-12-21 06:42:33.023 | DEBUG    | train.trainer:train_and_evaluation:124 - velocity_rmse:2.3627953368533743,index:39
2025-12-21 06:51:38.549 | DEBUG    | train.trainer:train_and_evaluation:118 - train_loss:0.0003005214544104864,index:40
2025-12-21 06:51:38.550 | DEBUG    | train.trainer:train_and_evaluation:120 - validation_loss:0.0004962434165169147,index:40
2025-12-21 06:51:38.550 | DEBUG    | train.trainer:train_and_evaluation:122 - location_rmse:15.390793697010388,index:40
2025-12-21 06:51:38.550 | DEBUG    | train.trainer:train_and_evaluation:124 - velocity_rmse:2.355056961926547,index:40
2025-12-21 07:00:45.682 | DEBUG    | train.trainer:train_and_evaluation:118 - train_loss:0.00029925612357064067,index:41
2025-12-21 07:00:45.682 | DEBUG    | train.trainer:train_and_evaluation:120 - validation_loss:0.0005018393657572398,index:41
2025-12-21 07:00:45.682 | DEBUG    | train.trainer:train_and_evaluation:122 - location_rmse:15.479972825137052,index:41
2025-12-21 07:00:45.682 | DEBUG    | train.trainer:train_and_evaluation:124 - velocity_rmse:2.3606558025966993,index:41
2025-12-21 07:09:51.533 | DEBUG    | train.trainer:train_and_evaluation:118 - train_loss:0.00029860297609543936,index:42
2025-12-21 07:09:51.533 | DEBUG    | train.trainer:train_and_evaluation:120 - validation_loss:0.0004926145660521632,index:42
2025-12-21 07:09:51.533 | DEBUG    | train.trainer:train_and_evaluation:122 - location_rmse:15.447962635387073,index:42
2025-12-21 07:09:51.534 | DEBUG    | train.trainer:train_and_evaluation:124 - velocity_rmse:2.3380391346758063,index:42
2025-12-21 07:19:02.391 | DEBUG    | train.trainer:train_and_evaluation:118 - train_loss:0.000296183905102115,index:43
2025-12-21 07:19:02.391 | DEBUG    | train.trainer:train_and_evaluation:120 - validation_loss:0.000514780390039298,index:43
2025-12-21 07:19:02.391 | DEBUG    | train.trainer:train_and_evaluation:122 - location_rmse:15.608760120391846,index:43
2025-12-21 07:19:02.392 | DEBUG    | train.trainer:train_and_evaluation:124 - velocity_rmse:2.4118592022115535,index:43
2025-12-21 07:28:19.196 | DEBUG    | train.trainer:train_and_evaluation:118 - train_loss:0.0002969895661208835,index:44
2025-12-21 07:28:19.196 | DEBUG    | train.trainer:train_and_evaluation:120 - validation_loss:0.0005008405819217759,index:44
2025-12-21 07:28:19.196 | DEBUG    | train.trainer:train_and_evaluation:122 - location_rmse:15.34637711126154,index:44
2025-12-21 07:28:19.196 | DEBUG    | train.trainer:train_and_evaluation:124 - velocity_rmse:2.3717379691384055,index:44
2025-12-21 07:37:33.891 | DEBUG    | train.trainer:train_and_evaluation:118 - train_loss:0.00029528569426937875,index:45
2025-12-21 07:37:33.891 | DEBUG    | train.trainer:train_and_evaluation:120 - validation_loss:0.0004891242790353399,index:45
2025-12-21 07:37:33.892 | DEBUG    | train.trainer:train_and_evaluation:122 - location_rmse:15.37284324021773,index:45
2025-12-21 07:37:33.892 | DEBUG    | train.trainer:train_and_evaluation:124 - velocity_rmse:2.340700315952301,index:45
2025-12-21 07:46:46.828 | DEBUG    | train.trainer:train_and_evaluation:118 - train_loss:0.0002915886927089146,index:46
2025-12-21 07:46:46.828 | DEBUG    | train.trainer:train_and_evaluation:120 - validation_loss:0.0005410547626564618,index:46
2025-12-21 07:46:46.828 | DEBUG    | train.trainer:train_and_evaluation:122 - location_rmse:15.488462620821867,index:46
2025-12-21 07:46:46.829 | DEBUG    | train.trainer:train_and_evaluation:124 - velocity_rmse:2.4655673951669175,index:46
2025-12-21 07:55:57.740 | DEBUG    | train.trainer:train_and_evaluation:118 - train_loss:0.0002551624614182704,index:47
2025-12-21 07:55:57.740 | DEBUG    | train.trainer:train_and_evaluation:120 - validation_loss:0.0005114799109446308,index:47
2025-12-21 07:55:57.741 | DEBUG    | train.trainer:train_and_evaluation:122 - location_rmse:15.286044676694003,index:47
2025-12-21 07:55:57.741 | DEBUG    | train.trainer:train_and_evaluation:124 - velocity_rmse:2.4150919156508013,index:47
2025-12-21 08:05:03.902 | DEBUG    | train.trainer:train_and_evaluation:118 - train_loss:0.0002534055119454437,index:48
2025-12-21 08:05:03.902 | DEBUG    | train.trainer:train_and_evaluation:120 - validation_loss:0.0005177424102122049,index:48
2025-12-21 08:05:03.903 | DEBUG    | train.trainer:train_and_evaluation:122 - location_rmse:15.607883137096058,index:48
2025-12-21 08:05:03.903 | DEBUG    | train.trainer:train_and_evaluation:124 - velocity_rmse:2.4303332441069863,index:48
2025-12-21 08:14:18.398 | DEBUG    | train.trainer:train_and_evaluation:118 - train_loss:0.0002504104682628884,index:49
2025-12-21 08:14:18.398 | DEBUG    | train.trainer:train_and_evaluation:120 - validation_loss:0.0005044680467796173,index:49
2025-12-21 08:14:18.398 | DEBUG    | train.trainer:train_and_evaluation:122 - location_rmse:15.675611872933128,index:49
2025-12-21 08:14:18.398 | DEBUG    | train.trainer:train_and_evaluation:124 - velocity_rmse:2.3761010825850746,index:49
2025-12-21 08:23:21.760 | DEBUG    | train.trainer:train_and_evaluation:118 - train_loss:0.0002524158481004027,index:50
2025-12-21 08:23:21.760 | DEBUG    | train.trainer:train_and_evaluation:120 - validation_loss:0.0005054112646506507,index:50
2025-12-21 08:23:21.761 | DEBUG    | train.trainer:train_and_evaluation:122 - location_rmse:15.691978934201327,index:50
2025-12-21 08:23:21.761 | DEBUG    | train.trainer:train_and_evaluation:124 - velocity_rmse:2.369298812779513,index:50
2025-12-21 08:32:30.355 | DEBUG    | train.trainer:train_and_evaluation:118 - train_loss:0.00025249970278695623,index:51
2025-12-21 08:32:30.355 | DEBUG    | train.trainer:train_and_evaluation:120 - validation_loss:0.0005137307621030645,index:51
2025-12-21 08:32:30.356 | DEBUG    | train.trainer:train_and_evaluation:122 - location_rmse:15.863901431343772,index:51
2025-12-21 08:32:30.356 | DEBUG    | train.trainer:train_and_evaluation:124 - velocity_rmse:2.4015193677815523,index:51
2025-12-21 08:41:35.740 | DEBUG    | train.trainer:train_and_evaluation:118 - train_loss:0.0002521578016863769,index:52
2025-12-21 08:41:35.740 | DEBUG    | train.trainer:train_and_evaluation:120 - validation_loss:0.0005284696714740924,index:52
2025-12-21 08:41:35.740 | DEBUG    | train.trainer:train_and_evaluation:122 - location_rmse:15.867859990553422,index:52
2025-12-21 08:41:35.740 | DEBUG    | train.trainer:train_and_evaluation:124 - velocity_rmse:2.434233552759344,index:52
2025-12-21 08:50:42.997 | DEBUG    | train.trainer:train_and_evaluation:118 - train_loss:0.00024659545150070423,index:53
2025-12-21 08:50:42.997 | DEBUG    | train.trainer:train_and_evaluation:120 - validation_loss:0.0005053221741214987,index:53
2025-12-21 08:50:42.998 | DEBUG    | train.trainer:train_and_evaluation:122 - location_rmse:15.393541648171166,index:53
2025-12-21 08:50:42.998 | DEBUG    | train.trainer:train_and_evaluation:124 - velocity_rmse:2.3831747270497408,index:53
2025-12-21 09:00:08.001 | DEBUG    | train.trainer:train_and_evaluation:118 - train_loss:0.0002498742144600714,index:54
2025-12-21 09:00:08.002 | DEBUG    | train.trainer:train_and_evaluation:120 - validation_loss:0.0005169185759891248,index:54
2025-12-21 09:00:08.002 | DEBUG    | train.trainer:train_and_evaluation:122 - location_rmse:15.51628989653154,index:54
2025-12-21 09:00:08.002 | DEBUG    | train.trainer:train_and_evaluation:124 - velocity_rmse:2.4185102512186223,index:54
2025-12-21 09:09:54.659 | DEBUG    | train.trainer:train_and_evaluation:118 - train_loss:0.00024532464946528445,index:55
2025-12-21 09:09:54.660 | DEBUG    | train.trainer:train_and_evaluation:120 - validation_loss:0.0005134224463783374,index:55
2025-12-21 09:09:54.660 | DEBUG    | train.trainer:train_and_evaluation:122 - location_rmse:15.451000558332963,index:55
2025-12-21 09:09:54.661 | DEBUG    | train.trainer:train_and_evaluation:124 - velocity_rmse:2.4109291019873185,index:55
2025-12-21 09:19:46.191 | DEBUG    | train.trainer:train_and_evaluation:118 - train_loss:0.00024397537614409388,index:56
2025-12-21 09:19:46.191 | DEBUG    | train.trainer:train_and_evaluation:120 - validation_loss:0.0005129426353325306,index:56
2025-12-21 09:19:46.192 | DEBUG    | train.trainer:train_and_evaluation:122 - location_rmse:15.741672139601274,index:56
2025-12-21 09:19:46.192 | DEBUG    | train.trainer:train_and_evaluation:124 - velocity_rmse:2.4054290618462995,index:56
2025-12-21 09:29:20.707 | DEBUG    | train.trainer:train_and_evaluation:118 - train_loss:0.00025811563627124116,index:57
2025-12-21 09:29:20.707 | DEBUG    | train.trainer:train_and_evaluation:120 - validation_loss:0.0005019464857151351,index:57
2025-12-21 09:29:20.707 | DEBUG    | train.trainer:train_and_evaluation:122 - location_rmse:15.636197218808261,index:57
2025-12-21 09:29:20.708 | DEBUG    | train.trainer:train_and_evaluation:124 - velocity_rmse:2.3819598086964002,index:57
2025-12-21 09:38:35.560 | DEBUG    | train.trainer:train_and_evaluation:118 - train_loss:0.00024462394209077694,index:58
2025-12-21 09:38:35.560 | DEBUG    | train.trainer:train_and_evaluation:120 - validation_loss:0.000532776530043603,index:58
2025-12-21 09:38:35.560 | DEBUG    | train.trainer:train_and_evaluation:122 - location_rmse:15.562756255756724,index:58
2025-12-21 09:38:35.560 | DEBUG    | train.trainer:train_and_evaluation:124 - velocity_rmse:2.4560484004020693,index:58
2025-12-21 09:47:47.921 | DEBUG    | train.trainer:train_and_evaluation:118 - train_loss:0.00024156367914243178,index:59
2025-12-21 09:47:47.921 | DEBUG    | train.trainer:train_and_evaluation:120 - validation_loss:0.0005191691300080328,index:59
2025-12-21 09:47:47.922 | DEBUG    | train.trainer:train_and_evaluation:122 - location_rmse:15.875645246332342,index:59
2025-12-21 09:47:47.922 | DEBUG    | train.trainer:train_and_evaluation:124 - velocity_rmse:2.4291224652637133,index:59
2025-12-21 09:56:48.167 | DEBUG    | train.trainer:train_and_evaluation:118 - train_loss:0.0002447735889467312,index:60
2025-12-21 09:56:48.167 | DEBUG    | train.trainer:train_and_evaluation:120 - validation_loss:0.0005094404955426316,index:60
2025-12-21 09:56:48.168 | DEBUG    | train.trainer:train_and_evaluation:122 - location_rmse:15.661099249059504,index:60
2025-12-21 09:56:48.168 | DEBUG    | train.trainer:train_and_evaluation:124 - velocity_rmse:2.409136686151678,index:60
2025-12-21 10:05:49.760 | DEBUG    | train.trainer:train_and_evaluation:118 - train_loss:0.00023635120239376908,index:61
2025-12-21 10:05:49.760 | DEBUG    | train.trainer:train_and_evaluation:120 - validation_loss:0.0005335668502798812,index:61
2025-12-21 10:05:49.760 | DEBUG    | train.trainer:train_and_evaluation:122 - location_rmse:16.139082233082163,index:61
2025-12-21 10:05:49.760 | DEBUG    | train.trainer:train_and_evaluation:124 - velocity_rmse:2.4595812468095257,index:61
2025-12-21 10:14:47.611 | DEBUG    | train.trainer:train_and_evaluation:118 - train_loss:0.00024355264485083437,index:62
2025-12-21 10:14:47.611 | DEBUG    | train.trainer:train_and_evaluation:120 - validation_loss:0.0005351791800507768,index:62
2025-12-21 10:14:47.612 | DEBUG    | train.trainer:train_and_evaluation:122 - location_rmse:15.620141804781827,index:62
2025-12-21 10:14:47.612 | DEBUG    | train.trainer:train_and_evaluation:124 - velocity_rmse:2.4915252617922694,index:62
2025-12-21 10:23:52.399 | DEBUG    | train.trainer:train_and_evaluation:118 - train_loss:0.00021099918682452744,index:63
2025-12-21 10:23:52.399 | DEBUG    | train.trainer:train_and_evaluation:120 - validation_loss:0.0004295572547178546,index:63
2025-12-21 10:23:52.399 | DEBUG    | train.trainer:train_and_evaluation:122 - location_rmse:12.955934383045543,index:63
2025-12-21 10:23:52.399 | DEBUG    | train.trainer:train_and_evaluation:124 - velocity_rmse:2.143227478764274,index:63
2025-12-21 10:32:59.009 | DEBUG    | train.trainer:train_and_evaluation:118 - train_loss:0.00021865127331605462,index:64
2025-12-21 10:32:59.010 | DEBUG    | train.trainer:train_and_evaluation:120 - validation_loss:0.0004141445510137022,index:64
2025-12-21 10:32:59.010 | DEBUG    | train.trainer:train_and_evaluation:122 - location_rmse:13.07267795493386,index:64
2025-12-21 10:32:59.010 | DEBUG    | train.trainer:train_and_evaluation:124 - velocity_rmse:2.0933499758893794,index:64
2025-12-21 10:42:14.920 | DEBUG    | train.trainer:train_and_evaluation:118 - train_loss:0.000208498171382499,index:65
2025-12-21 10:42:14.920 | DEBUG    | train.trainer:train_and_evaluation:120 - validation_loss:0.00043788791983123785,index:65
2025-12-21 10:42:14.920 | DEBUG    | train.trainer:train_and_evaluation:122 - location_rmse:12.975570086392489,index:65
2025-12-21 10:42:14.920 | DEBUG    | train.trainer:train_and_evaluation:124 - velocity_rmse:2.142008833885193,index:65
2025-12-21 10:52:31.355 | DEBUG    | train.trainer:train_and_evaluation:118 - train_loss:0.00020676959171947657,index:66
2025-12-21 10:52:31.356 | DEBUG    | train.trainer:train_and_evaluation:120 - validation_loss:0.0004278182971836279,index:66
2025-12-21 10:52:31.356 | DEBUG    | train.trainer:train_and_evaluation:122 - location_rmse:12.853830525484952,index:66
2025-12-21 10:52:31.356 | DEBUG    | train.trainer:train_and_evaluation:124 - velocity_rmse:2.1424625545415013,index:66
2025-12-21 11:02:34.010 | DEBUG    | train.trainer:train_and_evaluation:118 - train_loss:0.0002063208749080359,index:67
2025-12-21 11:02:34.011 | DEBUG    | train.trainer:train_and_evaluation:120 - validation_loss:0.00040159884993441996,index:67
2025-12-21 11:02:34.011 | DEBUG    | train.trainer:train_and_evaluation:122 - location_rmse:12.484618485884234,index:67
2025-12-21 11:02:34.011 | DEBUG    | train.trainer:train_and_evaluation:124 - velocity_rmse:2.0516629728403957,index:67
2025-12-21 11:13:27.285 | DEBUG    | train.trainer:train_and_evaluation:118 - train_loss:0.00020490960975593858,index:68
2025-12-21 11:13:27.285 | DEBUG    | train.trainer:train_and_evaluation:120 - validation_loss:0.00043632197148029013,index:68
2025-12-21 11:13:27.285 | DEBUG    | train.trainer:train_and_evaluation:122 - location_rmse:13.166190517772328,index:68
2025-12-21 11:13:27.285 | DEBUG    | train.trainer:train_and_evaluation:124 - velocity_rmse:2.183833387331529,index:68
2025-12-21 11:24:21.452 | DEBUG    | train.trainer:train_and_evaluation:118 - train_loss:0.00020260418030419245,index:69
2025-12-21 11:24:21.452 | DEBUG    | train.trainer:train_and_evaluation:120 - validation_loss:0.0004059564865945669,index:69
2025-12-21 11:24:21.452 | DEBUG    | train.trainer:train_and_evaluation:122 - location_rmse:12.554371601798318,index:69
2025-12-21 11:24:21.452 | DEBUG    | train.trainer:train_and_evaluation:124 - velocity_rmse:2.063465867129239,index:69
2025-12-21 11:35:23.124 | DEBUG    | train.trainer:train_and_evaluation:118 - train_loss:0.0002023230689219693,index:70
2025-12-21 11:35:23.125 | DEBUG    | train.trainer:train_and_evaluation:120 - validation_loss:0.00043620575822635806,index:70
2025-12-21 11:35:23.125 | DEBUG    | train.trainer:train_and_evaluation:122 - location_rmse:13.117218536723744,index:70
2025-12-21 11:35:23.126 | DEBUG    | train.trainer:train_and_evaluation:124 - velocity_rmse:2.1846685783212836,index:70
2025-12-21 11:45:54.420 | DEBUG    | train.trainer:train_and_evaluation:118 - train_loss:0.00020636325506987333,index:71
2025-12-21 11:45:54.421 | DEBUG    | train.trainer:train_and_evaluation:120 - validation_loss:0.0004082333811886863,index:71
2025-12-21 11:45:54.422 | DEBUG    | train.trainer:train_and_evaluation:122 - location_rmse:12.737560292330656,index:71
2025-12-21 11:45:54.422 | DEBUG    | train.trainer:train_and_evaluation:124 - velocity_rmse:2.0682860094417226,index:71
2025-12-21 11:56:30.370 | DEBUG    | train.trainer:train_and_evaluation:118 - train_loss:0.0002013005736243389,index:72
2025-12-21 11:56:30.370 | DEBUG    | train.trainer:train_and_evaluation:120 - validation_loss:0.0004074946689705195,index:72
2025-12-21 11:56:30.370 | DEBUG    | train.trainer:train_and_evaluation:122 - location_rmse:13.412758488048206,index:72
2025-12-21 11:56:30.371 | DEBUG    | train.trainer:train_and_evaluation:124 - velocity_rmse:2.058577022812583,index:72
2025-12-21 12:07:09.329 | DEBUG    | train.trainer:train_and_evaluation:118 - train_loss:0.00019952414347084634,index:73
2025-12-21 12:07:09.330 | DEBUG    | train.trainer:train_and_evaluation:120 - validation_loss:0.00041746235101494347,index:73
2025-12-21 12:07:09.330 | DEBUG    | train.trainer:train_and_evaluation:122 - location_rmse:12.507171715302901,index:73
2025-12-21 12:07:09.330 | DEBUG    | train.trainer:train_and_evaluation:124 - velocity_rmse:2.1140690163699065,index:73
2025-12-21 12:18:17.424 | DEBUG    | train.trainer:train_and_evaluation:118 - train_loss:0.00019935641848397526,index:74
2025-12-21 12:18:17.424 | DEBUG    | train.trainer:train_and_evaluation:120 - validation_loss:0.0004220379632580179,index:74
2025-12-21 12:18:17.424 | DEBUG    | train.trainer:train_and_evaluation:122 - location_rmse:12.915246987429532,index:74
2025-12-21 12:18:17.425 | DEBUG    | train.trainer:train_and_evaluation:124 - velocity_rmse:2.136820349476554,index:74
2025-12-21 12:29:43.381 | DEBUG    | train.trainer:train_and_evaluation:118 - train_loss:0.0001982618165978541,index:75
2025-12-21 12:29:43.382 | DEBUG    | train.trainer:train_and_evaluation:120 - validation_loss:0.0004410895005937412,index:75
2025-12-21 12:29:43.382 | DEBUG    | train.trainer:train_and_evaluation:122 - location_rmse:13.31430711364746,index:75
2025-12-21 12:29:43.382 | DEBUG    | train.trainer:train_and_evaluation:124 - velocity_rmse:2.170127320679751,index:75
2025-12-21 12:40:45.162 | DEBUG    | train.trainer:train_and_evaluation:118 - train_loss:0.0001988141822238862,index:76
2025-12-21 12:40:45.163 | DEBUG    | train.trainer:train_and_evaluation:120 - validation_loss:0.00041716918692691254,index:76
2025-12-21 12:40:45.163 | DEBUG    | train.trainer:train_and_evaluation:122 - location_rmse:12.829000817038796,index:76
2025-12-21 12:40:45.163 | DEBUG    | train.trainer:train_and_evaluation:124 - velocity_rmse:2.1150514646009966,index:76
2025-12-21 12:53:33.015 | DEBUG    | train.trainer:train_and_evaluation:118 - train_loss:0.00019846860636607745,index:77
2025-12-21 12:53:33.015 | DEBUG    | train.trainer:train_and_evaluation:120 - validation_loss:0.0004358593562554399,index:77
2025-12-21 12:53:33.015 | DEBUG    | train.trainer:train_and_evaluation:122 - location_rmse:13.080332937413996,index:77
2025-12-21 12:53:33.016 | DEBUG    | train.trainer:train_and_evaluation:124 - velocity_rmse:2.1695666213035585,index:77
2025-12-21 13:06:51.501 | DEBUG    | train.trainer:train_and_evaluation:118 - train_loss:0.00019454150643132654,index:78
2025-12-21 13:06:51.501 | DEBUG    | train.trainer:train_and_evaluation:120 - validation_loss:0.00042149436560628766,index:78
2025-12-21 13:06:51.502 | DEBUG    | train.trainer:train_and_evaluation:122 - location_rmse:13.046826900135388,index:78
2025-12-21 13:06:51.502 | DEBUG    | train.trainer:train_and_evaluation:124 - velocity_rmse:2.123962554844943,index:78
2025-12-21 13:18:24.474 | DEBUG    | train.trainer:train_and_evaluation:118 - train_loss:0.0001704373113126635,index:79
2025-12-21 13:18:24.474 | DEBUG    | train.trainer:train_and_evaluation:120 - validation_loss:0.00037731441521530296,index:79
2025-12-21 13:18:24.475 | DEBUG    | train.trainer:train_and_evaluation:122 - location_rmse:11.804505325490778,index:79
2025-12-21 13:18:24.475 | DEBUG    | train.trainer:train_and_evaluation:124 - velocity_rmse:1.967600609475916,index:79
2025-12-21 13:30:04.225 | DEBUG    | train.trainer:train_and_evaluation:118 - train_loss:0.00017325257659875647,index:80
2025-12-21 13:30:04.227 | DEBUG    | train.trainer:train_and_evaluation:120 - validation_loss:0.0003782573661433575,index:80
2025-12-21 13:30:04.228 | DEBUG    | train.trainer:train_and_evaluation:122 - location_rmse:12.075511429179798,index:80
2025-12-21 13:30:04.229 | DEBUG    | train.trainer:train_and_evaluation:124 - velocity_rmse:1.9826251319104975,index:80
2025-12-21 13:41:37.805 | DEBUG    | train.trainer:train_and_evaluation:118 - train_loss:0.00016995179980894493,index:81
2025-12-21 13:41:37.805 | DEBUG    | train.trainer:train_and_evaluation:120 - validation_loss:0.0003795250710470348,index:81
2025-12-21 13:41:37.805 | DEBUG    | train.trainer:train_and_evaluation:122 - location_rmse:11.984408209714022,index:81
2025-12-21 13:41:37.805 | DEBUG    | train.trainer:train_and_evaluation:124 - velocity_rmse:1.9574726444157686,index:81
2025-12-21 13:53:15.358 | DEBUG    | train.trainer:train_and_evaluation:118 - train_loss:0.0001685165835678521,index:82
2025-12-21 13:53:15.358 | DEBUG    | train.trainer:train_and_evaluation:120 - validation_loss:0.00037647425787608053,index:82
2025-12-21 13:53:15.359 | DEBUG    | train.trainer:train_and_evaluation:122 - location_rmse:12.318322151184082,index:82
2025-12-21 13:53:15.359 | DEBUG    | train.trainer:train_and_evaluation:124 - velocity_rmse:1.9706931002790278,index:82
2025-12-21 14:04:54.181 | DEBUG    | train.trainer:train_and_evaluation:118 - train_loss:0.00016627679304061035,index:83
2025-12-21 14:04:54.182 | DEBUG    | train.trainer:train_and_evaluation:120 - validation_loss:0.00039418054817096245,index:83
2025-12-21 14:04:54.182 | DEBUG    | train.trainer:train_and_evaluation:122 - location_rmse:11.890744872179898,index:83
2025-12-21 14:04:54.182 | DEBUG    | train.trainer:train_and_evaluation:124 - velocity_rmse:2.023355740633878,index:83
2025-12-21 14:16:44.776 | DEBUG    | train.trainer:train_and_evaluation:118 - train_loss:0.0001748858668636813,index:84
2025-12-21 14:16:44.776 | DEBUG    | train.trainer:train_and_evaluation:120 - validation_loss:0.0003743683819987134,index:84
2025-12-21 14:16:44.776 | DEBUG    | train.trainer:train_and_evaluation:122 - location_rmse:11.79754373030229,index:84
2025-12-21 14:16:44.776 | DEBUG    | train.trainer:train_and_evaluation:124 - velocity_rmse:1.9442644654187289,index:84
2025-12-21 14:28:41.626 | DEBUG    | train.trainer:train_and_evaluation:118 - train_loss:0.00017101967347888134,index:85
2025-12-21 14:28:41.626 | DEBUG    | train.trainer:train_and_evaluation:120 - validation_loss:0.00036201806624409406,index:85
2025-12-21 14:28:41.626 | DEBUG    | train.trainer:train_and_evaluation:122 - location_rmse:11.592982984716242,index:85
2025-12-21 14:28:41.626 | DEBUG    | train.trainer:train_and_evaluation:124 - velocity_rmse:1.9154199691252274,index:85
2025-12-21 14:40:26.564 | DEBUG    | train.trainer:train_and_evaluation:118 - train_loss:0.0001675417520278698,index:86
2025-12-21 14:40:26.565 | DEBUG    | train.trainer:train_and_evaluation:120 - validation_loss:0.00038122509079667824,index:86
2025-12-21 14:40:26.565 | DEBUG    | train.trainer:train_and_evaluation:122 - location_rmse:12.008408086603339,index:86
2025-12-21 14:40:26.565 | DEBUG    | train.trainer:train_and_evaluation:124 - velocity_rmse:1.9797648387388749,index:86
2025-12-21 14:52:08.373 | DEBUG    | train.trainer:train_and_evaluation:118 - train_loss:0.00016586606852114059,index:87
2025-12-21 14:52:08.373 | DEBUG    | train.trainer:train_and_evaluation:120 - validation_loss:0.00036281814246533694,index:87
2025-12-21 14:52:08.373 | DEBUG    | train.trainer:train_and_evaluation:122 - location_rmse:11.764886906016956,index:87
2025-12-21 14:52:08.373 | DEBUG    | train.trainer:train_and_evaluation:124 - velocity_rmse:1.893535056330941,index:87
2025-12-21 15:04:17.258 | DEBUG    | train.trainer:train_and_evaluation:118 - train_loss:0.00016519030130108479,index:88
2025-12-21 15:04:17.259 | DEBUG    | train.trainer:train_and_evaluation:120 - validation_loss:0.0003677915309566412,index:88
2025-12-21 15:04:17.259 | DEBUG    | train.trainer:train_and_evaluation:122 - location_rmse:11.670727613275702,index:88
2025-12-21 15:04:17.260 | DEBUG    | train.trainer:train_and_evaluation:124 - velocity_rmse:1.9379504258849405,index:88
2025-12-21 15:16:40.859 | DEBUG    | train.trainer:train_and_evaluation:118 - train_loss:0.00016392705631424728,index:89
2025-12-21 15:16:40.859 | DEBUG    | train.trainer:train_and_evaluation:120 - validation_loss:0.0004203422842150427,index:89
2025-12-21 15:16:40.859 | DEBUG    | train.trainer:train_and_evaluation:122 - location_rmse:13.169316126389937,index:89
2025-12-21 15:16:40.859 | DEBUG    | train.trainer:train_and_evaluation:124 - velocity_rmse:2.0726125327890568,index:89
2025-12-21 15:28:29.991 | DEBUG    | train.trainer:train_and_evaluation:118 - train_loss:0.0001674798936486089,index:90
2025-12-21 15:28:29.991 | DEBUG    | train.trainer:train_and_evaluation:120 - validation_loss:0.00039210703974557954,index:90
2025-12-21 15:28:29.992 | DEBUG    | train.trainer:train_and_evaluation:122 - location_rmse:11.928479132218794,index:90
2025-12-21 15:28:29.992 | DEBUG    | train.trainer:train_and_evaluation:124 - velocity_rmse:2.0412532479546286,index:90
2025-12-21 15:40:36.871 | DEBUG    | train.trainer:train_and_evaluation:118 - train_loss:0.0001620985853298793,index:91
2025-12-21 15:40:36.871 | DEBUG    | train.trainer:train_and_evaluation:120 - validation_loss:0.00038135669466150417,index:91
2025-12-21 15:40:36.871 | DEBUG    | train.trainer:train_and_evaluation:122 - location_rmse:12.086047210693359,index:91
2025-12-21 15:40:36.872 | DEBUG    | train.trainer:train_and_evaluation:124 - velocity_rmse:1.9755978442972357,index:91
2025-12-21 15:52:40.403 | DEBUG    | train.trainer:train_and_evaluation:118 - train_loss:0.00016634101629130205,index:92
2025-12-21 15:52:40.403 | DEBUG    | train.trainer:train_and_evaluation:120 - validation_loss:0.0003853840953723358,index:92
2025-12-21 15:52:40.403 | DEBUG    | train.trainer:train_and_evaluation:122 - location_rmse:12.421017641934482,index:92
2025-12-21 15:52:40.403 | DEBUG    | train.trainer:train_and_evaluation:124 - velocity_rmse:1.9904537791338834,index:92
2025-12-21 16:04:47.978 | DEBUG    | train.trainer:train_and_evaluation:118 - train_loss:0.00016314572117566556,index:93
2025-12-21 16:04:47.978 | DEBUG    | train.trainer:train_and_evaluation:120 - validation_loss:0.00037023314238335427,index:93
2025-12-21 16:04:47.978 | DEBUG    | train.trainer:train_and_evaluation:122 - location_rmse:11.812606294458563,index:93
2025-12-21 16:04:47.978 | DEBUG    | train.trainer:train_and_evaluation:124 - velocity_rmse:1.9552320833206176,index:93
2025-12-21 16:16:29.157 | DEBUG    | train.trainer:train_and_evaluation:118 - train_loss:0.00013901254554741282,index:94
2025-12-21 16:16:29.157 | DEBUG    | train.trainer:train_and_evaluation:120 - validation_loss:0.0003297708162572235,index:94
2025-12-21 16:16:29.157 | DEBUG    | train.trainer:train_and_evaluation:122 - location_rmse:10.74697720267556,index:94
2025-12-21 16:16:29.157 | DEBUG    | train.trainer:train_and_evaluation:124 - velocity_rmse:1.7984164847894148,index:94
2025-12-21 16:28:39.423 | DEBUG    | train.trainer:train_and_evaluation:118 - train_loss:0.00013808502786030825,index:95
2025-12-21 16:28:39.423 | DEBUG    | train.trainer:train_and_evaluation:120 - validation_loss:0.0003413316047729247,index:95
2025-12-21 16:28:39.423 | DEBUG    | train.trainer:train_and_evaluation:122 - location_rmse:10.951170133070512,index:95
2025-12-21 16:28:39.423 | DEBUG    | train.trainer:train_and_evaluation:124 - velocity_rmse:1.8345155708573082,index:95
2025-12-22 23:24:59.211 | DEBUG    | train.trainer:train_and_evaluation:118 - train_loss:0.011125128572352995,index:0
2025-12-22 23:24:59.211 | DEBUG    | train.trainer:train_and_evaluation:120 - validation_loss:0.0009977845102660536,index:0
2025-12-22 23:24:59.212 | DEBUG    | train.trainer:train_and_evaluation:122 - location_rmse:20.304397135881278,index:0
2025-12-22 23:24:59.212 | DEBUG    | train.trainer:train_and_evaluation:124 - velocity_rmse:3.437737014935567,index:0
2025-12-22 23:39:49.336 | DEBUG    | train.trainer:train_and_evaluation:118 - train_loss:0.0011282103452144954,index:1
2025-12-22 23:39:49.336 | DEBUG    | train.trainer:train_and_evaluation:120 - validation_loss:0.000864551321574254,index:1
2025-12-22 23:39:49.336 | DEBUG    | train.trainer:train_and_evaluation:122 - location_rmse:20.177062249183656,index:1
2025-12-22 23:39:49.337 | DEBUG    | train.trainer:train_and_evaluation:124 - velocity_rmse:2.9590591504023624,index:1
2025-12-22 23:59:16.948 | DEBUG    | train.trainer:train_and_evaluation:118 - train_loss:0.0010346195501766393,index:2
2025-12-22 23:59:16.948 | DEBUG    | train.trainer:train_and_evaluation:120 - validation_loss:0.0008537394636144969,index:2
2025-12-22 23:59:16.948 | DEBUG    | train.trainer:train_and_evaluation:122 - location_rmse:21.755335209919856,index:2
2025-12-22 23:59:16.949 | DEBUG    | train.trainer:train_and_evaluation:124 - velocity_rmse:2.984200363984475,index:2
2025-12-23 00:17:03.190 | DEBUG    | train.trainer:train_and_evaluation:118 - train_loss:0.000894189980164624,index:3
2025-12-23 00:17:03.190 | DEBUG    | train.trainer:train_and_evaluation:120 - validation_loss:0.0007509047349202984,index:3
2025-12-23 00:17:03.190 | DEBUG    | train.trainer:train_and_evaluation:122 - location_rmse:22.268462973741386,index:3
2025-12-23 00:17:03.190 | DEBUG    | train.trainer:train_and_evaluation:124 - velocity_rmse:2.61376904295041,index:3
2025-12-23 00:32:03.954 | DEBUG    | train.trainer:train_and_evaluation:118 - train_loss:0.0008440375558506602,index:4
2025-12-23 00:32:03.955 | DEBUG    | train.trainer:train_and_evaluation:120 - validation_loss:0.0006919262433970849,index:4
2025-12-23 00:32:03.955 | DEBUG    | train.trainer:train_and_evaluation:122 - location_rmse:20.172606840133668,index:4
2025-12-23 00:32:03.956 | DEBUG    | train.trainer:train_and_evaluation:124 - velocity_rmse:2.595881750583649,index:4
2025-12-23 00:47:45.517 | DEBUG    | train.trainer:train_and_evaluation:118 - train_loss:0.0007938573222222308,index:5
2025-12-23 00:47:45.518 | DEBUG    | train.trainer:train_and_evaluation:120 - validation_loss:0.0005920948170611294,index:5
2025-12-23 00:47:45.518 | DEBUG    | train.trainer:train_and_evaluation:122 - location_rmse:18.704350727154658,index:5
2025-12-23 00:47:45.519 | DEBUG    | train.trainer:train_and_evaluation:124 - velocity_rmse:2.350341896689855,index:5
2025-12-23 01:06:17.236 | DEBUG    | train.trainer:train_and_evaluation:118 - train_loss:0.000770736825372576,index:6
2025-12-23 01:06:17.237 | DEBUG    | train.trainer:train_and_evaluation:120 - validation_loss:0.0006684378992269138,index:6
2025-12-23 01:06:17.237 | DEBUG    | train.trainer:train_and_evaluation:122 - location_rmse:19.572654220140898,index:6
2025-12-23 01:06:17.237 | DEBUG    | train.trainer:train_and_evaluation:124 - velocity_rmse:2.55588024359483,index:6
2025-12-23 01:21:41.973 | DEBUG    | train.trainer:train_and_evaluation:118 - train_loss:0.0007381868015904613,index:7
2025-12-23 01:21:41.973 | DEBUG    | train.trainer:train_and_evaluation:120 - validation_loss:0.000695938556802083,index:7
2025-12-23 01:21:41.974 | DEBUG    | train.trainer:train_and_evaluation:122 - location_rmse:21.882873974580033,index:7
2025-12-23 01:21:41.974 | DEBUG    | train.trainer:train_and_evaluation:124 - velocity_rmse:2.4585223909066274,index:7
2025-12-23 01:37:12.412 | DEBUG    | train.trainer:train_and_evaluation:118 - train_loss:0.0007142333028791771,index:8
2025-12-23 01:37:12.412 | DEBUG    | train.trainer:train_and_evaluation:120 - validation_loss:0.0006065425458151507,index:8
2025-12-23 01:37:12.412 | DEBUG    | train.trainer:train_and_evaluation:122 - location_rmse:19.372082595458398,index:8
2025-12-23 01:37:12.412 | DEBUG    | train.trainer:train_and_evaluation:124 - velocity_rmse:2.34050404883348,index:8
2025-12-23 01:52:28.123 | DEBUG    | train.trainer:train_and_evaluation:118 - train_loss:0.0006807564177572017,index:9
2025-12-23 01:52:28.123 | DEBUG    | train.trainer:train_and_evaluation:120 - validation_loss:0.0005880664455225297,index:9
2025-12-23 01:52:28.124 | DEBUG    | train.trainer:train_and_evaluation:122 - location_rmse:19.30220583475553,index:9
2025-12-23 01:52:28.124 | DEBUG    | train.trainer:train_and_evaluation:124 - velocity_rmse:2.3019419813614626,index:9
2025-12-23 02:07:29.107 | DEBUG    | train.trainer:train_and_evaluation:118 - train_loss:0.000648842694216187,index:10
2025-12-23 02:07:29.107 | DEBUG    | train.trainer:train_and_evaluation:120 - validation_loss:0.000577498178681708,index:10
2025-12-23 02:07:29.107 | DEBUG    | train.trainer:train_and_evaluation:122 - location_rmse:17.33137850357936,index:10
2025-12-23 02:07:29.107 | DEBUG    | train.trainer:train_and_evaluation:124 - velocity_rmse:2.4146887809955158,index:10
2025-12-23 02:22:36.310 | DEBUG    | train.trainer:train_and_evaluation:118 - train_loss:0.0006349787407051713,index:11
2025-12-23 02:22:36.310 | DEBUG    | train.trainer:train_and_evaluation:120 - validation_loss:0.0006027101905279918,index:11
2025-12-23 02:22:36.310 | DEBUG    | train.trainer:train_and_evaluation:122 - location_rmse:19.11361600142259,index:11
2025-12-23 02:22:36.310 | DEBUG    | train.trainer:train_and_evaluation:124 - velocity_rmse:2.3311630004185897,index:11
2025-12-23 02:37:45.033 | DEBUG    | train.trainer:train_and_evaluation:118 - train_loss:0.0006085735651047286,index:12
2025-12-23 02:37:45.034 | DEBUG    | train.trainer:train_and_evaluation:120 - validation_loss:0.000503161156823178,index:12
2025-12-23 02:37:45.034 | DEBUG    | train.trainer:train_and_evaluation:122 - location_rmse:16.217380734590385,index:12
2025-12-23 02:37:45.034 | DEBUG    | train.trainer:train_and_evaluation:124 - velocity_rmse:2.2123853660546815,index:12
2025-12-23 02:52:52.833 | DEBUG    | train.trainer:train_and_evaluation:118 - train_loss:0.0005940660535084018,index:13
2025-12-23 02:52:52.833 | DEBUG    | train.trainer:train_and_evaluation:120 - validation_loss:0.0005653085697569902,index:13
2025-12-23 02:52:52.833 | DEBUG    | train.trainer:train_and_evaluation:122 - location_rmse:16.749583963981042,index:13
2025-12-23 02:52:52.833 | DEBUG    | train.trainer:train_and_evaluation:124 - velocity_rmse:2.424945899110574,index:13
2025-12-23 03:07:49.415 | DEBUG    | train.trainer:train_and_evaluation:118 - train_loss:0.0005741897027026145,index:14
2025-12-23 03:07:49.415 | DEBUG    | train.trainer:train_and_evaluation:120 - validation_loss:0.0005613289752475864,index:14
2025-12-23 03:07:49.415 | DEBUG    | train.trainer:train_and_evaluation:122 - location_rmse:17.19227769558246,index:14
2025-12-23 03:07:49.416 | DEBUG    | train.trainer:train_and_evaluation:124 - velocity_rmse:2.351156196456689,index:14
2025-12-23 03:22:49.382 | DEBUG    | train.trainer:train_and_evaluation:118 - train_loss:0.0005619300739281477,index:15
2025-12-23 03:22:49.383 | DEBUG    | train.trainer:train_and_evaluation:120 - validation_loss:0.0005447141175794129,index:15
2025-12-23 03:22:49.383 | DEBUG    | train.trainer:train_and_evaluation:122 - location_rmse:16.96348110455733,index:15
2025-12-23 03:22:49.383 | DEBUG    | train.trainer:train_and_evaluation:124 - velocity_rmse:2.2951751123941864,index:15
2025-12-23 03:38:05.817 | DEBUG    | train.trainer:train_and_evaluation:118 - train_loss:0.0005167922681292298,index:16
2025-12-23 03:38:05.817 | DEBUG    | train.trainer:train_and_evaluation:120 - validation_loss:0.0005243827295691098,index:16
2025-12-23 03:38:05.817 | DEBUG    | train.trainer:train_and_evaluation:122 - location_rmse:16.141520127883325,index:16
2025-12-23 03:38:05.817 | DEBUG    | train.trainer:train_and_evaluation:124 - velocity_rmse:2.2795872457669333,index:16
2025-12-23 03:53:19.048 | DEBUG    | train.trainer:train_and_evaluation:118 - train_loss:0.0005011326114562018,index:17
2025-12-23 03:53:19.049 | DEBUG    | train.trainer:train_and_evaluation:120 - validation_loss:0.0005175001997737966,index:17
2025-12-23 03:53:19.049 | DEBUG    | train.trainer:train_and_evaluation:122 - location_rmse:15.744677830476027,index:17
2025-12-23 03:53:19.049 | DEBUG    | train.trainer:train_and_evaluation:124 - velocity_rmse:2.2785525177075314,index:17
2025-12-23 04:08:24.989 | DEBUG    | train.trainer:train_and_evaluation:118 - train_loss:0.0004868704554694257,index:18
2025-12-23 04:08:24.991 | DEBUG    | train.trainer:train_and_evaluation:120 - validation_loss:0.0005451197725387128,index:18
2025-12-23 04:08:24.991 | DEBUG    | train.trainer:train_and_evaluation:122 - location_rmse:15.687184472084045,index:18
2025-12-23 04:08:24.991 | DEBUG    | train.trainer:train_and_evaluation:124 - velocity_rmse:2.387787217314427,index:18
2025-12-23 04:23:15.424 | DEBUG    | train.trainer:train_and_evaluation:118 - train_loss:0.00048127291826508906,index:19
2025-12-23 04:23:15.424 | DEBUG    | train.trainer:train_and_evaluation:120 - validation_loss:0.0005112051705061906,index:19
2025-12-23 04:23:15.424 | DEBUG    | train.trainer:train_and_evaluation:122 - location_rmse:16.05601316562066,index:19
2025-12-23 04:23:15.425 | DEBUG    | train.trainer:train_and_evaluation:124 - velocity_rmse:2.25325205211456,index:19
2025-12-23 04:38:15.658 | DEBUG    | train.trainer:train_and_evaluation:118 - train_loss:0.000461010533776388,index:20
2025-12-23 04:38:15.658 | DEBUG    | train.trainer:train_and_evaluation:120 - validation_loss:0.0005456353963437813,index:20
2025-12-23 04:38:15.658 | DEBUG    | train.trainer:train_and_evaluation:122 - location_rmse:15.853615508813125,index:20
2025-12-23 04:38:15.659 | DEBUG    | train.trainer:train_and_evaluation:124 - velocity_rmse:2.426163309720846,index:20
2025-12-23 04:53:15.489 | DEBUG    | train.trainer:train_and_evaluation:118 - train_loss:0.0004453442141862186,index:21
2025-12-23 04:53:15.490 | DEBUG    | train.trainer:train_and_evaluation:120 - validation_loss:0.0005254002189870404,index:21
2025-12-23 04:53:15.490 | DEBUG    | train.trainer:train_and_evaluation:122 - location_rmse:15.597027646211478,index:21
2025-12-23 04:53:15.490 | DEBUG    | train.trainer:train_and_evaluation:124 - velocity_rmse:2.3648750990629197,index:21
2025-12-23 05:08:17.817 | DEBUG    | train.trainer:train_and_evaluation:118 - train_loss:0.0004205505878426499,index:22
2025-12-23 05:08:17.817 | DEBUG    | train.trainer:train_and_evaluation:120 - validation_loss:0.0005203202377015259,index:22
2025-12-23 05:08:17.817 | DEBUG    | train.trainer:train_and_evaluation:122 - location_rmse:15.672073700611408,index:22
2025-12-23 05:08:17.817 | DEBUG    | train.trainer:train_and_evaluation:124 - velocity_rmse:2.297439057964545,index:22
2025-12-23 05:23:16.593 | DEBUG    | train.trainer:train_and_evaluation:118 - train_loss:0.0004154723605050747,index:23
2025-12-23 05:23:16.593 | DEBUG    | train.trainer:train_and_evaluation:120 - validation_loss:0.000516402255536657,index:23
2025-12-23 05:23:16.593 | DEBUG    | train.trainer:train_and_evaluation:122 - location_rmse:15.198429690507743,index:23
2025-12-23 05:23:16.594 | DEBUG    | train.trainer:train_and_evaluation:124 - velocity_rmse:2.363811802680676,index:23
2025-12-23 05:38:11.760 | DEBUG    | train.trainer:train_and_evaluation:118 - train_loss:0.00039955582736113756,index:24
2025-12-23 05:38:11.760 | DEBUG    | train.trainer:train_and_evaluation:120 - validation_loss:0.0005305975472583668,index:24
2025-12-23 05:38:11.760 | DEBUG    | train.trainer:train_and_evaluation:122 - location_rmse:15.541667637825013,index:24
2025-12-23 05:38:11.761 | DEBUG    | train.trainer:train_and_evaluation:124 - velocity_rmse:2.366533137514041,index:24
2025-12-23 05:53:18.435 | DEBUG    | train.trainer:train_and_evaluation:118 - train_loss:0.0003886748610164385,index:25
2025-12-23 05:53:18.435 | DEBUG    | train.trainer:train_and_evaluation:120 - validation_loss:0.000562452004568723,index:25
2025-12-23 05:53:18.435 | DEBUG    | train.trainer:train_and_evaluation:122 - location_rmse:15.950697678786058,index:25
2025-12-23 05:53:18.435 | DEBUG    | train.trainer:train_and_evaluation:124 - velocity_rmse:2.4507499569654465,index:25
2025-12-23 06:08:21.787 | DEBUG    | train.trainer:train_and_evaluation:118 - train_loss:0.0003798807524193156,index:26
2025-12-23 06:08:21.788 | DEBUG    | train.trainer:train_and_evaluation:120 - validation_loss:0.000531991619841742,index:26
2025-12-23 06:08:21.788 | DEBUG    | train.trainer:train_and_evaluation:122 - location_rmse:15.551142310362597,index:26
2025-12-23 06:08:21.788 | DEBUG    | train.trainer:train_and_evaluation:124 - velocity_rmse:2.381186658281546,index:26
2025-12-23 06:23:19.156 | DEBUG    | train.trainer:train_and_evaluation:118 - train_loss:0.00037632207224632086,index:27
2025-12-23 06:23:19.156 | DEBUG    | train.trainer:train_and_evaluation:120 - validation_loss:0.0005174161575940581,index:27
2025-12-23 06:23:19.156 | DEBUG    | train.trainer:train_and_evaluation:122 - location_rmse:14.798265143541188,index:27
2025-12-23 06:23:19.156 | DEBUG    | train.trainer:train_and_evaluation:124 - velocity_rmse:2.3873218385531354,index:27
2025-12-23 06:38:09.734 | DEBUG    | train.trainer:train_and_evaluation:118 - train_loss:0.00036405267339619174,index:28
2025-12-23 06:38:09.734 | DEBUG    | train.trainer:train_and_evaluation:120 - validation_loss:0.0005250177727206252,index:28
2025-12-23 06:38:09.735 | DEBUG    | train.trainer:train_and_evaluation:122 - location_rmse:15.180694533494803,index:28
2025-12-23 06:38:09.735 | DEBUG    | train.trainer:train_and_evaluation:124 - velocity_rmse:2.361050790594174,index:28
2025-12-23 06:53:11.310 | DEBUG    | train.trainer:train_and_evaluation:118 - train_loss:0.0003555608360012486,index:29
2025-12-23 06:53:11.310 | DEBUG    | train.trainer:train_and_evaluation:120 - validation_loss:0.0005526979617738666,index:29
2025-12-23 06:53:11.310 | DEBUG    | train.trainer:train_and_evaluation:122 - location_rmse:16.09321806320777,index:29
2025-12-23 06:53:11.311 | DEBUG    | train.trainer:train_and_evaluation:124 - velocity_rmse:2.422712402206201,index:29
2025-12-23 07:08:11.240 | DEBUG    | train.trainer:train_and_evaluation:118 - train_loss:0.00035348552649501914,index:30
2025-12-23 07:08:11.241 | DEBUG    | train.trainer:train_and_evaluation:120 - validation_loss:0.0005815331969027354,index:30
2025-12-23 07:08:11.241 | DEBUG    | train.trainer:train_and_evaluation:122 - location_rmse:15.787284736633302,index:30
2025-12-23 07:08:11.241 | DEBUG    | train.trainer:train_and_evaluation:124 - velocity_rmse:2.545135744351607,index:30
2025-12-23 07:23:10.434 | DEBUG    | train.trainer:train_and_evaluation:118 - train_loss:0.00034976202667353506,index:31
2025-12-23 07:23:10.435 | DEBUG    | train.trainer:train_and_evaluation:120 - validation_loss:0.000578490271184889,index:31
2025-12-23 07:23:10.436 | DEBUG    | train.trainer:train_and_evaluation:122 - location_rmse:15.588109919474675,index:31
2025-12-23 07:23:10.436 | DEBUG    | train.trainer:train_and_evaluation:124 - velocity_rmse:2.5480050252951107,index:31
2025-12-23 07:38:11.425 | DEBUG    | train.trainer:train_and_evaluation:118 - train_loss:0.0003026092863374521,index:32
2025-12-23 07:38:11.426 | DEBUG    | train.trainer:train_and_evaluation:120 - validation_loss:0.0005619512869452592,index:32
2025-12-23 07:38:11.426 | DEBUG    | train.trainer:train_and_evaluation:122 - location_rmse:15.829279228357167,index:32
2025-12-23 07:38:11.426 | DEBUG    | train.trainer:train_and_evaluation:124 - velocity_rmse:2.468711524835,index:32
2025-12-23 07:53:10.083 | DEBUG    | train.trainer:train_and_evaluation:118 - train_loss:0.0003053437939916666,index:33
2025-12-23 07:53:10.084 | DEBUG    | train.trainer:train_and_evaluation:120 - validation_loss:0.0005302694679938633,index:33
2025-12-23 07:53:10.084 | DEBUG    | train.trainer:train_and_evaluation:122 - location_rmse:15.310375125591571,index:33
2025-12-23 07:53:10.084 | DEBUG    | train.trainer:train_and_evaluation:124 - velocity_rmse:2.3712247803119513,index:33
2025-12-23 08:08:21.524 | DEBUG    | train.trainer:train_and_evaluation:118 - train_loss:0.00029115044181824676,index:34
2025-12-23 08:08:21.524 | DEBUG    | train.trainer:train_and_evaluation:120 - validation_loss:0.0005480261299313637,index:34
2025-12-23 08:08:21.524 | DEBUG    | train.trainer:train_and_evaluation:122 - location_rmse:16.159804252110995,index:34
2025-12-23 08:08:21.524 | DEBUG    | train.trainer:train_and_evaluation:124 - velocity_rmse:2.433286905517945,index:34
2025-12-23 08:23:15.643 | DEBUG    | train.trainer:train_and_evaluation:118 - train_loss:0.000292954324011076,index:35
2025-12-23 08:23:15.643 | DEBUG    | train.trainer:train_and_evaluation:120 - validation_loss:0.0005631294945431783,index:35
2025-12-23 08:23:15.643 | DEBUG    | train.trainer:train_and_evaluation:122 - location_rmse:16.68663299193749,index:35
2025-12-23 08:23:15.643 | DEBUG    | train.trainer:train_and_evaluation:124 - velocity_rmse:2.411204060591184,index:35
2025-12-23 08:38:05.649 | DEBUG    | train.trainer:train_and_evaluation:118 - train_loss:0.0002864416346150952,index:36
2025-12-23 08:38:05.649 | DEBUG    | train.trainer:train_and_evaluation:120 - validation_loss:0.0005784182663494274,index:36
2025-12-23 08:38:05.649 | DEBUG    | train.trainer:train_and_evaluation:122 - location_rmse:16.88040121812087,index:36
2025-12-23 08:38:05.649 | DEBUG    | train.trainer:train_and_evaluation:124 - velocity_rmse:2.514887440067071,index:36
2025-12-23 08:52:55.463 | DEBUG    | train.trainer:train_and_evaluation:118 - train_loss:0.00028222578694485725,index:37
2025-12-23 08:52:55.464 | DEBUG    | train.trainer:train_and_evaluation:120 - validation_loss:0.0005520795605787917,index:37
2025-12-23 08:52:55.464 | DEBUG    | train.trainer:train_and_evaluation:122 - location_rmse:15.824547349122854,index:37
2025-12-23 08:52:55.464 | DEBUG    | train.trainer:train_and_evaluation:124 - velocity_rmse:2.4570990597743254,index:37
2025-12-23 09:07:41.977 | DEBUG    | train.trainer:train_and_evaluation:118 - train_loss:0.00028273718558827963,index:38
2025-12-23 09:07:41.977 | DEBUG    | train.trainer:train_and_evaluation:120 - validation_loss:0.0005490056677249063,index:38
2025-12-23 09:07:41.979 | DEBUG    | train.trainer:train_and_evaluation:122 - location_rmse:15.284350250684298,index:38
2025-12-23 09:07:41.979 | DEBUG    | train.trainer:train_and_evaluation:124 - velocity_rmse:2.478670061643307,index:38
2025-12-23 09:23:43.566 | DEBUG    | train.trainer:train_and_evaluation:118 - train_loss:0.0002702742815353514,index:39
2025-12-23 09:23:43.567 | DEBUG    | train.trainer:train_and_evaluation:120 - validation_loss:0.0005563586141159668,index:39
2025-12-23 09:23:43.567 | DEBUG    | train.trainer:train_and_evaluation:122 - location_rmse:16.648192809545076,index:39
2025-12-23 09:23:43.567 | DEBUG    | train.trainer:train_and_evaluation:124 - velocity_rmse:2.4290325563687545,index:39
2025-12-23 09:38:28.127 | DEBUG    | train.trainer:train_and_evaluation:118 - train_loss:0.0002706194914618465,index:40
2025-12-23 09:38:28.127 | DEBUG    | train.trainer:train_and_evaluation:120 - validation_loss:0.0005911968635672775,index:40
2025-12-23 09:38:28.129 | DEBUG    | train.trainer:train_and_evaluation:122 - location_rmse:16.557849672757662,index:40
2025-12-23 09:38:28.129 | DEBUG    | train.trainer:train_and_evaluation:124 - velocity_rmse:2.5247395237134054,index:40
2025-12-23 10:05:29.865 | DEBUG    | train.trainer:train_and_evaluation:118 - train_loss:0.0015259321208614916,index:0
2025-12-23 10:05:29.865 | DEBUG    | train.trainer:train_and_evaluation:120 - validation_loss:0.000855576841903922,index:0
2025-12-23 10:05:29.865 | DEBUG    | train.trainer:train_and_evaluation:122 - location_rmse:23.633275401775652,index:0
2025-12-23 10:05:29.866 | DEBUG    | train.trainer:train_and_evaluation:124 - velocity_rmse:2.873801394242507,index:0
2026-01-05 20:06:31.972 | DEBUG    | train.trainer_baseline:train_and_evaluation_baseline:216 - train_loss:0.20024320706055407,index:0
2026-01-05 20:06:31.973 | DEBUG    | train.trainer_baseline:train_and_evaluation_baseline:218 - validation_loss:0.20293013049980227,index:0
2026-01-05 20:06:31.973 | DEBUG    | train.trainer_baseline:train_and_evaluation_baseline:220 - location_rmse:228.04704318957383,index:0
2026-01-05 20:06:31.973 | DEBUG    | train.trainer_baseline:train_and_evaluation_baseline:222 - velocity_rmse:24.619186135624233,index:0
2026-01-05 20:33:08.974 | DEBUG    | train.trainer_baseline:train_and_evaluation_baseline:218 - train_loss:0.20024320706055407,index:0
2026-01-05 20:33:08.974 | DEBUG    | train.trainer_baseline:train_and_evaluation_baseline:220 - validation_loss:0.20293013049980227,index:0
2026-01-05 20:33:08.974 | DEBUG    | train.trainer_baseline:train_and_evaluation_baseline:222 - location_rmse:228.04704318957383,index:0
2026-01-05 20:33:08.974 | DEBUG    | train.trainer_baseline:train_and_evaluation_baseline:224 - velocity_rmse:24.619186135624233,index:0
2026-01-05 20:42:43.204 | DEBUG    | train.trainer_baseline:train_and_evaluation_baseline:218 - train_loss:0.12137240293341574,index:1
2026-01-05 20:42:43.204 | DEBUG    | train.trainer_baseline:train_and_evaluation_baseline:220 - validation_loss:0.1316634186365631,index:1
2026-01-05 20:42:43.205 | DEBUG    | train.trainer_baseline:train_and_evaluation_baseline:222 - location_rmse:140.60760513477112,index:1
2026-01-05 20:42:43.205 | DEBUG    | train.trainer_baseline:train_and_evaluation_baseline:224 - velocity_rmse:23.103718952650436,index:1
2026-01-05 20:51:41.936 | DEBUG    | train.trainer_baseline:train_and_evaluation_baseline:218 - train_loss:0.1280547496961074,index:2
2026-01-05 20:51:41.936 | DEBUG    | train.trainer_baseline:train_and_evaluation_baseline:220 - validation_loss:0.14056241321429777,index:2
2026-01-05 20:51:41.936 | DEBUG    | train.trainer_baseline:train_and_evaluation_baseline:222 - location_rmse:155.00885030339273,index:2
2026-01-05 20:51:41.936 | DEBUG    | train.trainer_baseline:train_and_evaluation_baseline:224 - velocity_rmse:23.730947550227132,index:2
2026-01-05 21:00:20.648 | DEBUG    | train.trainer_baseline:train_and_evaluation_baseline:218 - train_loss:0.12316622410178854,index:3
2026-01-05 21:00:20.648 | DEBUG    | train.trainer_baseline:train_and_evaluation_baseline:220 - validation_loss:0.1472119734026073,index:3
2026-01-05 21:00:20.649 | DEBUG    | train.trainer_baseline:train_and_evaluation_baseline:222 - location_rmse:157.9451780683539,index:3
2026-01-05 21:00:20.649 | DEBUG    | train.trainer_baseline:train_and_evaluation_baseline:224 - velocity_rmse:24.037788155373562,index:3
2026-01-05 21:11:17.684 | DEBUG    | train.trainer_baseline:train_and_evaluation_baseline:222 - train_loss:0.09008234082752567,index:0
2026-01-05 21:11:17.685 | DEBUG    | train.trainer_baseline:train_and_evaluation_baseline:224 - validation_loss:0.07460663196411026,index:0
2026-01-05 21:11:17.685 | DEBUG    | train.trainer_baseline:train_and_evaluation_baseline:226 - location_rmse:97.97372540248914,index:0
2026-01-05 21:11:17.685 | DEBUG    | train.trainer_baseline:train_and_evaluation_baseline:228 - velocity_rmse:18.475477094328806,index:0
2026-01-05 21:19:51.077 | DEBUG    | train.trainer_baseline:train_and_evaluation_baseline:222 - train_loss:0.06203858429995062,index:1
2026-01-05 21:19:51.077 | DEBUG    | train.trainer_baseline:train_and_evaluation_baseline:224 - validation_loss:0.06671655166977912,index:1
2026-01-05 21:19:51.077 | DEBUG    | train.trainer_baseline:train_and_evaluation_baseline:226 - location_rmse:127.14174220052998,index:1
2026-01-05 21:19:51.077 | DEBUG    | train.trainer_baseline:train_and_evaluation_baseline:228 - velocity_rmse:13.673375978362694,index:1
2026-01-08 18:13:25.739 | DEBUG    | train.trainer_baseline:train_and_evaluation_baseline:222 - train_loss:0.15929891954626094,index:0
2026-01-08 18:13:25.740 | DEBUG    | train.trainer_baseline:train_and_evaluation_baseline:224 - validation_loss:0.04223652305604702,index:0
2026-01-08 18:13:25.741 | DEBUG    | train.trainer_baseline:train_and_evaluation_baseline:226 - location_rmse:243.91582075826238,index:0
2026-01-08 18:13:25.741 | DEBUG    | train.trainer_baseline:train_and_evaluation_baseline:228 - velocity_rmse:12.761774463064215,index:0
2026-01-08 23:23:26.227 | DEBUG    | train.trainer_baseline:train_and_evaluation_baseline:222 - train_loss:0.03639726011018436,index:0
2026-01-08 23:23:26.228 | DEBUG    | train.trainer_baseline:train_and_evaluation_baseline:224 - validation_loss:0.007673422738012408,index:0
2026-01-08 23:23:26.228 | DEBUG    | train.trainer_baseline:train_and_evaluation_baseline:226 - location_rmse:49.35649561828442,index:0
2026-01-08 23:23:26.228 | DEBUG    | train.trainer_baseline:train_and_evaluation_baseline:228 - velocity_rmse:6.701313214891412,index:0
2026-01-09 21:53:35.176 | DEBUG    | train.trainer_baseline:train_and_evaluation_baseline:222 - train_loss:0.019265589405052637,index:0
2026-01-09 21:53:35.177 | DEBUG    | train.trainer_baseline:train_and_evaluation_baseline:224 - validation_loss:0.0072136829290905275,index:0
2026-01-09 21:53:35.177 | DEBUG    | train.trainer_baseline:train_and_evaluation_baseline:226 - location_rmse:66.52040435276675,index:0
2026-01-09 21:53:35.178 | DEBUG    | train.trainer_baseline:train_and_evaluation_baseline:228 - velocity_rmse:6.6169045063618865,index:0
2026-01-09 22:09:08.187 | DEBUG    | train.trainer_baseline:train_and_evaluation_baseline:222 - train_loss:0.006724303469740723,index:1
2026-01-09 22:09:08.187 | DEBUG    | train.trainer_baseline:train_and_evaluation_baseline:224 - validation_loss:0.009610976922336254,index:1
2026-01-09 22:09:08.188 | DEBUG    | train.trainer_baseline:train_and_evaluation_baseline:226 - location_rmse:92.8415354199356,index:1
2026-01-09 22:09:08.188 | DEBUG    | train.trainer_baseline:train_and_evaluation_baseline:228 - velocity_rmse:6.7164456334274805,index:1
2026-01-09 22:25:44.549 | DEBUG    | train.trainer_baseline:train_and_evaluation_baseline:222 - train_loss:0.006022995509782785,index:2
2026-01-09 22:25:44.549 | DEBUG    | train.trainer_baseline:train_and_evaluation_baseline:224 - validation_loss:0.005650008396988504,index:2
2026-01-09 22:25:44.549 | DEBUG    | train.trainer_baseline:train_and_evaluation_baseline:226 - location_rmse:41.30650852246231,index:2
2026-01-09 22:25:44.551 | DEBUG    | train.trainer_baseline:train_and_evaluation_baseline:228 - velocity_rmse:6.001851785102587,index:2
2026-01-09 22:42:41.378 | DEBUG    | train.trainer_baseline:train_and_evaluation_baseline:222 - train_loss:0.006256573309763491,index:3
2026-01-09 22:42:41.379 | DEBUG    | train.trainer_baseline:train_and_evaluation_baseline:224 - validation_loss:0.005640650461140099,index:3
2026-01-09 22:42:41.379 | DEBUG    | train.trainer_baseline:train_and_evaluation_baseline:226 - location_rmse:32.86651145849335,index:3
2026-01-09 22:42:41.379 | DEBUG    | train.trainer_baseline:train_and_evaluation_baseline:228 - velocity_rmse:6.262887731991457,index:3
2026-01-10 17:17:47.551 | DEBUG    | train.trainer_baseline:train_and_evaluation_baseline:226 - train_loss:0.01892798876079333,index:0
2026-01-10 17:17:47.553 | DEBUG    | train.trainer_baseline:train_and_evaluation_baseline:228 - validation_loss:0.006285183470738068,index:0
2026-01-10 17:17:47.554 | DEBUG    | train.trainer_baseline:train_and_evaluation_baseline:230 - location_rmse:57.154160477713255,index:0
2026-01-10 17:17:47.554 | DEBUG    | train.trainer_baseline:train_and_evaluation_baseline:232 - velocity_rmse:6.356288108932838,index:0
2026-01-10 17:45:31.075 | DEBUG    | train.trainer_baseline:train_and_evaluation_baseline:226 - train_loss:0.007040245596085298,index:1
2026-01-10 17:45:31.075 | DEBUG    | train.trainer_baseline:train_and_evaluation_baseline:228 - validation_loss:0.009021072486844542,index:1
2026-01-10 17:45:31.075 | DEBUG    | train.trainer_baseline:train_and_evaluation_baseline:230 - location_rmse:75.12145206365693,index:1
2026-01-10 17:45:31.075 | DEBUG    | train.trainer_baseline:train_and_evaluation_baseline:232 - velocity_rmse:7.113699355125427,index:1
2026-01-10 18:12:33.007 | DEBUG    | train.trainer_baseline:train_and_evaluation_baseline:226 - train_loss:0.007067066378211289,index:2
2026-01-10 18:12:33.007 | DEBUG    | train.trainer_baseline:train_and_evaluation_baseline:228 - validation_loss:0.005846507301412816,index:2
2026-01-10 18:12:33.007 | DEBUG    | train.trainer_baseline:train_and_evaluation_baseline:230 - location_rmse:31.553420172273444,index:2
2026-01-10 18:12:33.007 | DEBUG    | train.trainer_baseline:train_and_evaluation_baseline:232 - velocity_rmse:6.244039878791638,index:2
2026-01-10 18:43:38.522 | DEBUG    | train.trainer_baseline:train_and_evaluation_baseline:226 - train_loss:0.007568616533081643,index:3
2026-01-10 18:43:38.522 | DEBUG    | train.trainer_baseline:train_and_evaluation_baseline:228 - validation_loss:0.00690069170065716,index:3
2026-01-10 18:43:38.522 | DEBUG    | train.trainer_baseline:train_and_evaluation_baseline:230 - location_rmse:33.457101538368825,index:3
2026-01-10 18:43:38.522 | DEBUG    | train.trainer_baseline:train_and_evaluation_baseline:232 - velocity_rmse:6.8342432019951636,index:3
2026-01-10 19:13:06.523 | DEBUG    | train.trainer_baseline:train_and_evaluation_baseline:226 - train_loss:0.00785536135810825,index:4
2026-01-10 19:13:06.524 | DEBUG    | train.trainer_baseline:train_and_evaluation_baseline:228 - validation_loss:0.008766591352112382,index:4
2026-01-10 19:13:06.525 | DEBUG    | train.trainer_baseline:train_and_evaluation_baseline:230 - location_rmse:75.1868098449707,index:4
2026-01-10 19:13:06.525 | DEBUG    | train.trainer_baseline:train_and_evaluation_baseline:232 - velocity_rmse:6.722686309385836,index:4
2026-01-10 19:41:25.276 | DEBUG    | train.trainer_baseline:train_and_evaluation_baseline:226 - train_loss:0.008162959585329936,index:5
2026-01-10 19:41:25.277 | DEBUG    | train.trainer_baseline:train_and_evaluation_baseline:228 - validation_loss:0.00871048390098816,index:5
2026-01-10 19:41:25.277 | DEBUG    | train.trainer_baseline:train_and_evaluation_baseline:230 - location_rmse:64.06880931297044,index:5
2026-01-10 19:41:25.277 | DEBUG    | train.trainer_baseline:train_and_evaluation_baseline:232 - velocity_rmse:6.57111059472802,index:5
2026-01-10 20:16:43.296 | DEBUG    | train.trainer_baseline:train_and_evaluation_baseline:226 - train_loss:0.008598146195285377,index:6
2026-01-10 20:16:43.297 | DEBUG    | train.trainer_baseline:train_and_evaluation_baseline:228 - validation_loss:0.008461004525927952,index:6
2026-01-10 20:16:43.297 | DEBUG    | train.trainer_baseline:train_and_evaluation_baseline:230 - location_rmse:45.46283312593953,index:6
2026-01-10 20:16:43.297 | DEBUG    | train.trainer_baseline:train_and_evaluation_baseline:232 - velocity_rmse:7.078330431413114,index:6
2026-01-10 21:34:59.196 | DEBUG    | train.trainer_baseline:train_and_evaluation_baseline:226 - train_loss:0.00890248291356374,index:7
2026-01-10 21:34:59.196 | DEBUG    | train.trainer_baseline:train_and_evaluation_baseline:228 - validation_loss:0.008668153979776301,index:7
2026-01-10 21:34:59.196 | DEBUG    | train.trainer_baseline:train_and_evaluation_baseline:230 - location_rmse:52.173291040056206,index:7
2026-01-10 21:34:59.196 | DEBUG    | train.trainer_baseline:train_and_evaluation_baseline:232 - velocity_rmse:6.910581875168876,index:7
2026-02-04 18:34:35.759 | DEBUG    | train.trainer:train_and_evaluation:318 - train_loss:12.399754052941166,index:0
2026-02-04 18:34:35.761 | DEBUG    | train.trainer:train_and_evaluation:320 - validation_loss:-0.5432832768326114,index:0
2026-02-04 18:34:35.761 | DEBUG    | train.trainer:train_and_evaluation:322 - location_prediction_rmse:57.59497675214495,index:0
2026-02-04 18:34:35.762 | DEBUG    | train.trainer:train_and_evaluation:324 - velocity_prediction_rmse:17.427989686190426,index:0
2026-02-04 18:34:35.762 | DEBUG    | train.trainer:train_and_evaluation:326 - location_update_rmse:25.11314707326365,index:0
2026-02-04 18:34:35.762 | DEBUG    | train.trainer:train_and_evaluation:328 - velocity_update_rmse:17.04153741333511,index:0
2026-02-04 19:08:55.714 | DEBUG    | train.trainer:train_and_evaluation:318 - train_loss:-0.13420920965517616,index:1
2026-02-04 19:08:55.714 | DEBUG    | train.trainer:train_and_evaluation:320 - validation_loss:-0.4944728491774627,index:1
2026-02-04 19:08:55.714 | DEBUG    | train.trainer:train_and_evaluation:322 - location_prediction_rmse:48.0599912412874,index:1
2026-02-04 19:08:55.714 | DEBUG    | train.trainer:train_and_evaluation:324 - velocity_prediction_rmse:18.192103487685486,index:1
2026-02-04 19:08:55.715 | DEBUG    | train.trainer:train_and_evaluation:326 - location_update_rmse:28.09162165757064,index:1
2026-02-04 19:08:55.715 | DEBUG    | train.trainer:train_and_evaluation:328 - velocity_update_rmse:20.742675442957616,index:1
2026-02-04 19:46:00.103 | DEBUG    | train.trainer:train_and_evaluation:318 - train_loss:-0.1420639643757553,index:2
2026-02-04 19:46:00.104 | DEBUG    | train.trainer:train_and_evaluation:320 - validation_loss:-0.5443361957989388,index:2
2026-02-04 19:46:00.104 | DEBUG    | train.trainer:train_and_evaluation:322 - location_prediction_rmse:49.618918059632016,index:2
2026-02-04 19:46:00.104 | DEBUG    | train.trainer:train_and_evaluation:324 - velocity_prediction_rmse:16.629161501349984,index:2
2026-02-04 19:46:00.104 | DEBUG    | train.trainer:train_and_evaluation:326 - location_update_rmse:27.007988028054708,index:2
2026-02-04 19:46:00.104 | DEBUG    | train.trainer:train_and_evaluation:328 - velocity_update_rmse:16.741325158968078,index:2
2026-02-04 20:22:51.013 | DEBUG    | train.trainer:train_and_evaluation:318 - train_loss:-0.14231955400727445,index:3
2026-02-04 20:22:51.014 | DEBUG    | train.trainer:train_and_evaluation:320 - validation_loss:-0.5544873342577081,index:3
2026-02-04 20:22:51.014 | DEBUG    | train.trainer:train_and_evaluation:322 - location_prediction_rmse:42.67320769299518,index:3
2026-02-04 20:22:51.014 | DEBUG    | train.trainer:train_and_evaluation:324 - velocity_prediction_rmse:15.064540913655208,index:3
2026-02-04 20:22:51.014 | DEBUG    | train.trainer:train_and_evaluation:326 - location_update_rmse:27.225388536348447,index:3
2026-02-04 20:22:51.014 | DEBUG    | train.trainer:train_and_evaluation:328 - velocity_update_rmse:16.979303704565698,index:3
2026-02-04 21:00:22.776 | DEBUG    | train.trainer:train_and_evaluation:318 - train_loss:-0.14952751717904766,index:4
2026-02-04 21:00:22.776 | DEBUG    | train.trainer:train_and_evaluation:320 - validation_loss:-0.5750979227204244,index:4
2026-02-04 21:00:22.776 | DEBUG    | train.trainer:train_and_evaluation:322 - location_prediction_rmse:45.91163629972018,index:4
2026-02-04 21:00:22.776 | DEBUG    | train.trainer:train_and_evaluation:324 - velocity_prediction_rmse:15.86799181173136,index:4
2026-02-04 21:00:22.777 | DEBUG    | train.trainer:train_and_evaluation:326 - location_update_rmse:26.96181139118069,index:4
2026-02-04 21:00:22.777 | DEBUG    | train.trainer:train_and_evaluation:328 - velocity_update_rmse:17.052935969174563,index:4
2026-02-04 21:37:10.706 | DEBUG    | train.trainer:train_and_evaluation:318 - train_loss:-0.1492406010053806,index:5
2026-02-04 21:37:10.707 | DEBUG    | train.trainer:train_and_evaluation:320 - validation_loss:-0.5697832654866871,index:5
2026-02-04 21:37:10.707 | DEBUG    | train.trainer:train_and_evaluation:322 - location_prediction_rmse:49.32524586604192,index:5
2026-02-04 21:37:10.707 | DEBUG    | train.trainer:train_and_evaluation:324 - velocity_prediction_rmse:16.26889606936947,index:5
2026-02-04 21:37:10.707 | DEBUG    | train.trainer:train_and_evaluation:326 - location_update_rmse:26.95830137651045,index:5
2026-02-04 21:37:10.707 | DEBUG    | train.trainer:train_and_evaluation:328 - velocity_update_rmse:15.814547049344242,index:5
2026-02-04 22:09:47.464 | DEBUG    | train.trainer:train_and_evaluation:318 - train_loss:-0.1504810446278489,index:6
2026-02-04 22:09:47.465 | DEBUG    | train.trainer:train_and_evaluation:320 - validation_loss:-0.5732366157036561,index:6
2026-02-04 22:09:47.466 | DEBUG    | train.trainer:train_and_evaluation:322 - location_prediction_rmse:45.88125192663172,index:6
2026-02-04 22:09:47.466 | DEBUG    | train.trainer:train_and_evaluation:324 - velocity_prediction_rmse:15.36152212383983,index:6
2026-02-04 22:09:47.466 | DEBUG    | train.trainer:train_and_evaluation:326 - location_update_rmse:26.96145599553873,index:6
2026-02-04 22:09:47.466 | DEBUG    | train.trainer:train_and_evaluation:328 - velocity_update_rmse:15.632205605664096,index:6
2026-02-04 22:38:42.107 | DEBUG    | train.trainer:train_and_evaluation:318 - train_loss:-0.1569115461222418,index:7
2026-02-04 22:38:42.107 | DEBUG    | train.trainer:train_and_evaluation:320 - validation_loss:-0.597066150854577,index:7
2026-02-04 22:38:42.108 | DEBUG    | train.trainer:train_and_evaluation:322 - location_prediction_rmse:45.40717700916332,index:7
2026-02-04 22:38:42.108 | DEBUG    | train.trainer:train_and_evaluation:324 - velocity_prediction_rmse:13.567667233917739,index:7
2026-02-04 22:38:42.108 | DEBUG    | train.trainer:train_and_evaluation:326 - location_update_rmse:25.289339946285708,index:7
2026-02-04 22:38:42.108 | DEBUG    | train.trainer:train_and_evaluation:328 - velocity_update_rmse:13.547285930193388,index:7
2026-02-05 15:11:48.990 | DEBUG    | train.trainer:train_and_evaluation:318 - train_loss:-0.2123209729117679,index:0
2026-02-05 15:11:48.992 | DEBUG    | train.trainer:train_and_evaluation:320 - validation_loss:-0.749202434451698,index:0
2026-02-05 15:11:48.993 | DEBUG    | train.trainer:train_and_evaluation:322 - location_prediction_rmse:21.581829348763268,index:0
2026-02-05 15:11:48.993 | DEBUG    | train.trainer:train_and_evaluation:324 - velocity_prediction_rmse:3.117715492667733,index:0
2026-02-05 15:11:48.993 | DEBUG    | train.trainer:train_and_evaluation:326 - location_update_rmse:0.01649579386892063,index:0
2026-02-05 15:11:48.993 | DEBUG    | train.trainer:train_and_evaluation:328 - velocity_update_rmse:2.2896501867980747,index:0
2026-02-05 18:23:07.952 | DEBUG    | train.trainer:train_and_evaluation:320 - train_loss:0.2115283409704219,index:0
2026-02-05 18:23:07.953 | DEBUG    | train.trainer:train_and_evaluation:322 - validation_loss:-0.40968856001006704,index:0
2026-02-05 18:23:07.953 | DEBUG    | train.trainer:train_and_evaluation:324 - location_prediction_rmse:55.95658930348826,index:0
2026-02-05 18:23:07.953 | DEBUG    | train.trainer:train_and_evaluation:326 - velocity_prediction_rmse:17.592703304290772,index:0
2026-02-05 18:23:07.953 | DEBUG    | train.trainer:train_and_evaluation:328 - location_update_rmse:27.582344360351563,index:0
2026-02-05 18:23:07.953 | DEBUG    | train.trainer:train_and_evaluation:330 - velocity_update_rmse:15.967730351751976,index:0
2026-02-05 19:00:10.293 | DEBUG    | train.trainer:train_and_evaluation:320 - train_loss:-0.13199655570392752,index:1
2026-02-05 19:00:10.294 | DEBUG    | train.trainer:train_and_evaluation:322 - validation_loss:-0.4866757720848034,index:1
2026-02-05 19:00:10.295 | DEBUG    | train.trainer:train_and_evaluation:324 - location_prediction_rmse:45.03857641031454,index:1
2026-02-05 19:00:10.296 | DEBUG    | train.trainer:train_and_evaluation:326 - velocity_prediction_rmse:15.7942499093695,index:1
2026-02-05 19:00:10.296 | DEBUG    | train.trainer:train_and_evaluation:328 - location_update_rmse:28.48091960278186,index:1
2026-02-05 19:00:10.296 | DEBUG    | train.trainer:train_and_evaluation:330 - velocity_update_rmse:16.924731394380004,index:1
2026-02-05 19:42:47.980 | DEBUG    | train.trainer:train_and_evaluation:320 - train_loss:-0.13806352115991516,index:2
2026-02-05 19:42:47.981 | DEBUG    | train.trainer:train_and_evaluation:322 - validation_loss:-0.5196544084886273,index:2
2026-02-05 19:42:47.981 | DEBUG    | train.trainer:train_and_evaluation:324 - location_prediction_rmse:39.99246428311526,index:2
2026-02-05 19:42:47.981 | DEBUG    | train.trainer:train_and_evaluation:326 - velocity_prediction_rmse:14.032816194282784,index:2
2026-02-05 19:42:47.981 | DEBUG    | train.trainer:train_and_evaluation:328 - location_update_rmse:27.44885734138908,index:2
2026-02-05 19:42:47.981 | DEBUG    | train.trainer:train_and_evaluation:330 - velocity_update_rmse:15.850163834749997,index:2
2026-02-06 15:04:43.213 | DEBUG    | train.trainer:train_and_evaluation:319 - train_loss:0.005503918086098404,index:0
2026-02-06 15:04:43.216 | DEBUG    | train.trainer:train_and_evaluation:321 - validation_loss:0.006070770735153929,index:0
2026-02-06 15:04:43.216 | DEBUG    | train.trainer:train_and_evaluation:323 - location_prediction_rmse:36.681854317559136,index:0
2026-02-06 15:04:43.216 | DEBUG    | train.trainer:train_and_evaluation:325 - velocity_prediction_rmse:8.087643671883477,index:0
2026-02-06 15:04:43.216 | DEBUG    | train.trainer:train_and_evaluation:327 - location_update_rmse:14.019548758400811,index:0
2026-02-06 15:04:43.217 | DEBUG    | train.trainer:train_and_evaluation:329 - velocity_update_rmse:5.536384176784091,index:0
2026-02-09 13:27:35.188 | DEBUG    | train.trainer:train_and_evaluation:333 - train_loss:0.017169760240138405,index:0
2026-02-09 13:27:35.190 | DEBUG    | train.trainer:train_and_evaluation:335 - validation_loss:-0.19079683199193742,index:0
2026-02-09 13:27:35.191 | DEBUG    | train.trainer:train_and_evaluation:337 - location_prediction_rmse:37.878057384914825,index:0
2026-02-09 13:27:35.191 | DEBUG    | train.trainer:train_and_evaluation:339 - velocity_prediction_rmse:8.569941060066224,index:0
2026-02-09 13:27:35.191 | DEBUG    | train.trainer:train_and_evaluation:341 - location_update_rmse:15.335678113513522,index:0
2026-02-09 13:27:35.191 | DEBUG    | train.trainer:train_and_evaluation:343 - velocity_update_rmse:5.1041328283945715,index:0
2026-02-09 14:18:05.542 | DEBUG    | train.trainer:train_and_evaluation:333 - train_loss:-0.034354771020304826,index:1
2026-02-09 14:18:05.543 | DEBUG    | train.trainer:train_and_evaluation:335 - validation_loss:-0.19181453564431933,index:1
2026-02-09 14:18:05.543 | DEBUG    | train.trainer:train_and_evaluation:337 - location_prediction_rmse:36.109290397220185,index:1
2026-02-09 14:18:05.543 | DEBUG    | train.trainer:train_and_evaluation:339 - velocity_prediction_rmse:7.765819161203172,index:1
2026-02-09 14:18:05.543 | DEBUG    | train.trainer:train_and_evaluation:341 - location_update_rmse:15.705395193841722,index:1
2026-02-09 14:18:05.543 | DEBUG    | train.trainer:train_and_evaluation:343 - velocity_update_rmse:4.923313001950582,index:1
2026-02-10 16:54:00.824 | DEBUG    | train.trainer:train_and_evaluation:344 - train_loss:-0.022302016077382077,index:0
2026-02-10 16:54:00.824 | DEBUG    | train.trainer:train_and_evaluation:346 - validation_loss:-0.05709769249169363,index:0
2026-02-10 16:54:00.824 | DEBUG    | train.trainer:train_and_evaluation:348 - location_prediction_rmse:89.29012010786269,index:0
2026-02-10 16:54:00.824 | DEBUG    | train.trainer:train_and_evaluation:350 - velocity_prediction_rmse:15.703917467329237,index:0
2026-02-10 16:54:00.824 | DEBUG    | train.trainer:train_and_evaluation:352 - location_update_rmse:32.86316743554009,index:0
2026-02-10 16:54:00.824 | DEBUG    | train.trainer:train_and_evaluation:354 - velocity_update_rmse:11.400481701744928,index:0
2026-02-10 17:50:13.533 | DEBUG    | train.trainer:train_and_evaluation:344 - train_loss:-0.0625828134177977,index:1
2026-02-10 17:50:13.534 | DEBUG    | train.trainer:train_and_evaluation:346 - validation_loss:-0.10192348339574205,index:1
2026-02-10 17:50:13.534 | DEBUG    | train.trainer:train_and_evaluation:348 - location_prediction_rmse:46.775532348632815,index:1
2026-02-10 17:50:13.534 | DEBUG    | train.trainer:train_and_evaluation:350 - velocity_prediction_rmse:10.85638016043769,index:1
2026-02-10 17:50:13.534 | DEBUG    | train.trainer:train_and_evaluation:352 - location_update_rmse:18.213901617368062,index:1
2026-02-10 17:50:13.534 | DEBUG    | train.trainer:train_and_evaluation:354 - velocity_update_rmse:8.645022289276124,index:1
2026-02-10 18:46:10.590 | DEBUG    | train.trainer:train_and_evaluation:344 - train_loss:-0.0703887738798124,index:2
2026-02-10 18:46:10.591 | DEBUG    | train.trainer:train_and_evaluation:346 - validation_loss:-0.1276074782266385,index:2
2026-02-10 18:46:10.591 | DEBUG    | train.trainer:train_and_evaluation:348 - location_prediction_rmse:43.92823392952813,index:2
2026-02-10 18:46:10.591 | DEBUG    | train.trainer:train_and_evaluation:350 - velocity_prediction_rmse:9.610215255843269,index:2
2026-02-10 18:46:10.591 | DEBUG    | train.trainer:train_and_evaluation:352 - location_update_rmse:16.23983136071099,index:2
2026-02-10 18:46:10.592 | DEBUG    | train.trainer:train_and_evaluation:354 - velocity_update_rmse:7.76926757367452,index:2
2026-02-10 19:45:28.186 | DEBUG    | train.trainer:train_and_evaluation:344 - train_loss:-0.07420662644081231,index:3
2026-02-10 19:45:28.186 | DEBUG    | train.trainer:train_and_evaluation:346 - validation_loss:-0.17944413025925557,index:3
2026-02-10 19:45:28.187 | DEBUG    | train.trainer:train_and_evaluation:348 - location_prediction_rmse:40.10022324710422,index:3
2026-02-10 19:45:28.187 | DEBUG    | train.trainer:train_and_evaluation:350 - velocity_prediction_rmse:8.055974910100302,index:3
2026-02-10 19:45:28.187 | DEBUG    | train.trainer:train_and_evaluation:352 - location_update_rmse:15.845858674791124,index:3
2026-02-10 19:45:28.187 | DEBUG    | train.trainer:train_and_evaluation:354 - velocity_update_rmse:6.241861861758762,index:3
2026-02-11 22:29:31.942 | DEBUG    | train.trainer:train_and_evaluation:344 - train_loss:-0.03532235919989438,index:0
2026-02-11 22:29:31.942 | DEBUG    | train.trainer:train_and_evaluation:346 - validation_loss:-0.10700603343091078,index:0
2026-02-11 22:29:31.942 | DEBUG    | train.trainer:train_and_evaluation:348 - location_prediction_rmse:54.67276709069146,index:0
2026-02-11 22:29:31.942 | DEBUG    | train.trainer:train_and_evaluation:350 - velocity_prediction_rmse:12.492292298952739,index:0
2026-02-11 22:29:31.942 | DEBUG    | train.trainer:train_and_evaluation:352 - location_update_rmse:18.392088390986125,index:0
2026-02-11 22:29:31.942 | DEBUG    | train.trainer:train_and_evaluation:354 - velocity_update_rmse:8.64471011490292,index:0
2026-02-11 22:50:04.189 | DEBUG    | train.trainer:train_and_evaluation:344 - train_loss:-0.1486531962838231,index:0
2026-02-11 22:50:04.190 | DEBUG    | train.trainer:train_and_evaluation:346 - validation_loss:-0.2045826796061463,index:0
2026-02-11 22:50:04.190 | DEBUG    | train.trainer:train_and_evaluation:348 - location_prediction_rmse:46.30425860595703,index:0
2026-02-11 22:50:04.190 | DEBUG    | train.trainer:train_and_evaluation:350 - velocity_prediction_rmse:10.919018022537232,index:0
2026-02-11 22:50:04.190 | DEBUG    | train.trainer:train_and_evaluation:352 - location_update_rmse:17.04382631895277,index:0
2026-02-11 22:50:04.190 | DEBUG    | train.trainer:train_and_evaluation:354 - velocity_update_rmse:7.286650293244256,index:0
2026-02-11 23:06:02.199 | DEBUG    | train.trainer:train_and_evaluation:344 - train_loss:-0.22101383537799119,index:1
2026-02-11 23:06:02.199 | DEBUG    | train.trainer:train_and_evaluation:346 - validation_loss:-0.2096700662540065,index:1
2026-02-11 23:06:02.199 | DEBUG    | train.trainer:train_and_evaluation:348 - location_prediction_rmse:46.928644340515135,index:1
2026-02-11 23:06:02.199 | DEBUG    | train.trainer:train_and_evaluation:350 - velocity_prediction_rmse:10.94393216281467,index:1
2026-02-11 23:06:02.199 | DEBUG    | train.trainer:train_and_evaluation:352 - location_update_rmse:16.268577072249517,index:1
2026-02-11 23:06:02.199 | DEBUG    | train.trainer:train_and_evaluation:354 - velocity_update_rmse:7.279762505637275,index:1
2026-02-11 23:21:41.563 | DEBUG    | train.trainer:train_and_evaluation:344 - train_loss:-0.21906775519500177,index:2
2026-02-11 23:21:41.563 | DEBUG    | train.trainer:train_and_evaluation:346 - validation_loss:-0.2112884487244818,index:2
2026-02-11 23:21:41.564 | DEBUG    | train.trainer:train_and_evaluation:348 - location_prediction_rmse:46.371160588582356,index:2
2026-02-11 23:21:41.564 | DEBUG    | train.trainer:train_and_evaluation:350 - velocity_prediction_rmse:10.837930389404297,index:2
2026-02-11 23:21:41.564 | DEBUG    | train.trainer:train_and_evaluation:352 - location_update_rmse:16.067422246721055,index:2
2026-02-11 23:21:41.564 | DEBUG    | train.trainer:train_and_evaluation:354 - velocity_update_rmse:7.966882249938117,index:2
2026-02-11 23:47:23.245 | DEBUG    | train.trainer:train_and_evaluation:344 - train_loss:-0.1468772861981868,index:0
2026-02-11 23:47:23.245 | DEBUG    | train.trainer:train_and_evaluation:346 - validation_loss:-0.2002253927687804,index:0
2026-02-11 23:47:23.245 | DEBUG    | train.trainer:train_and_evaluation:348 - location_prediction_rmse:51.33648429361979,index:0
2026-02-11 23:47:23.245 | DEBUG    | train.trainer:train_and_evaluation:350 - velocity_prediction_rmse:11.845638573434618,index:0
2026-02-11 23:47:23.245 | DEBUG    | train.trainer:train_and_evaluation:352 - location_update_rmse:16.51867027876112,index:0
2026-02-11 23:47:23.246 | DEBUG    | train.trainer:train_and_evaluation:354 - velocity_update_rmse:8.108850448608399,index:0
2026-02-12 00:03:23.399 | DEBUG    | train.trainer:train_and_evaluation:344 - train_loss:-0.22384111064175766,index:1
2026-02-12 00:03:23.399 | DEBUG    | train.trainer:train_and_evaluation:346 - validation_loss:-0.22015724382052818,index:1
2026-02-12 00:03:23.399 | DEBUG    | train.trainer:train_and_evaluation:348 - location_prediction_rmse:40.60716927846273,index:1
2026-02-12 00:03:23.399 | DEBUG    | train.trainer:train_and_evaluation:350 - velocity_prediction_rmse:8.67418619134691,index:1
2026-02-12 00:03:23.399 | DEBUG    | train.trainer:train_and_evaluation:352 - location_update_rmse:16.127818287319606,index:1
2026-02-12 00:03:23.399 | DEBUG    | train.trainer:train_and_evaluation:354 - velocity_update_rmse:6.451784898016188,index:1
2026-02-12 00:19:23.207 | DEBUG    | train.trainer:train_and_evaluation:344 - train_loss:-0.22921694224327802,index:2
2026-02-12 00:19:23.207 | DEBUG    | train.trainer:train_and_evaluation:346 - validation_loss:-0.18570181988345252,index:2
2026-02-12 00:19:23.207 | DEBUG    | train.trainer:train_and_evaluation:348 - location_prediction_rmse:47.94226917012533,index:2
2026-02-12 00:19:23.207 | DEBUG    | train.trainer:train_and_evaluation:350 - velocity_prediction_rmse:12.137973932902018,index:2
2026-02-12 00:19:23.207 | DEBUG    | train.trainer:train_and_evaluation:352 - location_update_rmse:17.022298529730904,index:2
2026-02-12 00:19:23.207 | DEBUG    | train.trainer:train_and_evaluation:354 - velocity_update_rmse:11.365718944761488,index:2
2026-02-12 00:35:23.472 | DEBUG    | train.trainer:train_and_evaluation:344 - train_loss:-0.2368916676259703,index:3
2026-02-12 00:35:23.472 | DEBUG    | train.trainer:train_and_evaluation:346 - validation_loss:-0.20968886605236264,index:3
2026-02-12 00:35:23.472 | DEBUG    | train.trainer:train_and_evaluation:348 - location_prediction_rmse:38.2777605688307,index:3
2026-02-12 00:35:23.472 | DEBUG    | train.trainer:train_and_evaluation:350 - velocity_prediction_rmse:8.047111517588297,index:3
2026-02-12 00:35:23.472 | DEBUG    | train.trainer:train_and_evaluation:352 - location_update_rmse:15.788008806440565,index:3
2026-02-12 00:35:23.472 | DEBUG    | train.trainer:train_and_evaluation:354 - velocity_update_rmse:6.6582949432796905,index:3
2026-02-12 00:51:21.890 | DEBUG    | train.trainer:train_and_evaluation:344 - train_loss:-0.23287975133707126,index:4
2026-02-12 00:51:21.890 | DEBUG    | train.trainer:train_and_evaluation:346 - validation_loss:-0.20161435099194447,index:4
2026-02-12 00:51:21.890 | DEBUG    | train.trainer:train_and_evaluation:348 - location_prediction_rmse:43.31960120095147,index:4
2026-02-12 00:51:21.891 | DEBUG    | train.trainer:train_and_evaluation:350 - velocity_prediction_rmse:8.502396663665772,index:4
2026-02-12 00:51:21.891 | DEBUG    | train.trainer:train_and_evaluation:352 - location_update_rmse:17.544030781851873,index:4
2026-02-12 00:51:21.891 | DEBUG    | train.trainer:train_and_evaluation:354 - velocity_update_rmse:7.846379471566942,index:4
2026-02-12 01:07:16.582 | DEBUG    | train.trainer:train_and_evaluation:344 - train_loss:-0.23329934754388199,index:5
2026-02-12 01:07:16.582 | DEBUG    | train.trainer:train_and_evaluation:346 - validation_loss:-0.2494174538354079,index:5
2026-02-12 01:07:16.582 | DEBUG    | train.trainer:train_and_evaluation:348 - location_prediction_rmse:34.09409718322754,index:5
2026-02-12 01:07:16.582 | DEBUG    | train.trainer:train_and_evaluation:350 - velocity_prediction_rmse:6.843457113901774,index:5
2026-02-12 01:07:16.582 | DEBUG    | train.trainer:train_and_evaluation:352 - location_update_rmse:15.204933204650878,index:5
2026-02-12 01:07:16.582 | DEBUG    | train.trainer:train_and_evaluation:354 - velocity_update_rmse:6.614773947927687,index:5
2026-02-12 01:23:05.492 | DEBUG    | train.trainer:train_and_evaluation:344 - train_loss:-0.23535735762615997,index:6
2026-02-12 01:23:05.492 | DEBUG    | train.trainer:train_and_evaluation:346 - validation_loss:-0.2340391944911745,index:6
2026-02-12 01:23:05.492 | DEBUG    | train.trainer:train_and_evaluation:348 - location_prediction_rmse:36.495042853885224,index:6
2026-02-12 01:23:05.492 | DEBUG    | train.trainer:train_and_evaluation:350 - velocity_prediction_rmse:7.587180239571466,index:6
2026-02-12 01:23:05.492 | DEBUG    | train.trainer:train_and_evaluation:352 - location_update_rmse:15.251366315417819,index:6
2026-02-12 01:23:05.492 | DEBUG    | train.trainer:train_and_evaluation:354 - velocity_update_rmse:6.414788687494066,index:6
2026-02-12 01:38:50.166 | DEBUG    | train.trainer:train_and_evaluation:344 - train_loss:-0.2325534929037094,index:7
2026-02-12 01:38:50.166 | DEBUG    | train.trainer:train_and_evaluation:346 - validation_loss:-0.23056167957517837,index:7
2026-02-12 01:38:50.166 | DEBUG    | train.trainer:train_and_evaluation:348 - location_prediction_rmse:29.899738591512044,index:7
2026-02-12 01:38:50.166 | DEBUG    | train.trainer:train_and_evaluation:350 - velocity_prediction_rmse:5.86919011730618,index:7
2026-02-12 01:38:50.166 | DEBUG    | train.trainer:train_and_evaluation:352 - location_update_rmse:14.764611326429579,index:7
2026-02-12 01:38:50.166 | DEBUG    | train.trainer:train_and_evaluation:354 - velocity_update_rmse:5.571808432049221,index:7
2026-02-12 01:54:39.447 | DEBUG    | train.trainer:train_and_evaluation:344 - train_loss:-0.2295501908991072,index:8
2026-02-12 01:54:39.447 | DEBUG    | train.trainer:train_and_evaluation:346 - validation_loss:-0.2349262364870972,index:8
2026-02-12 01:54:39.447 | DEBUG    | train.trainer:train_and_evaluation:348 - location_prediction_rmse:34.14240636316935,index:8
2026-02-12 01:54:39.447 | DEBUG    | train.trainer:train_and_evaluation:350 - velocity_prediction_rmse:5.65121052090327,index:8
2026-02-12 01:54:39.447 | DEBUG    | train.trainer:train_and_evaluation:352 - location_update_rmse:16.913976351737976,index:8
2026-02-12 01:54:39.447 | DEBUG    | train.trainer:train_and_evaluation:354 - velocity_update_rmse:6.311637057622273,index:8
2026-02-12 02:10:28.461 | DEBUG    | train.trainer:train_and_evaluation:344 - train_loss:-0.2434918328722318,index:9
2026-02-12 02:10:28.461 | DEBUG    | train.trainer:train_and_evaluation:346 - validation_loss:-0.24843567455477183,index:9
2026-02-12 02:10:28.461 | DEBUG    | train.trainer:train_and_evaluation:348 - location_prediction_rmse:30.04442991892497,index:9
2026-02-12 02:10:28.461 | DEBUG    | train.trainer:train_and_evaluation:350 - velocity_prediction_rmse:5.948988663567437,index:9
2026-02-12 02:10:28.461 | DEBUG    | train.trainer:train_and_evaluation:352 - location_update_rmse:15.026102274364895,index:9
2026-02-12 02:10:28.461 | DEBUG    | train.trainer:train_and_evaluation:354 - velocity_update_rmse:6.393467026498582,index:9
2026-02-12 02:26:23.979 | DEBUG    | train.trainer:train_and_evaluation:344 - train_loss:-0.24682985400822427,index:10
2026-02-12 02:26:23.979 | DEBUG    | train.trainer:train_and_evaluation:346 - validation_loss:-0.23820120262437397,index:10
2026-02-12 02:26:23.979 | DEBUG    | train.trainer:train_and_evaluation:348 - location_prediction_rmse:29.409031115637884,index:10
2026-02-12 02:26:23.979 | DEBUG    | train.trainer:train_and_evaluation:350 - velocity_prediction_rmse:5.783361606809828,index:10
2026-02-12 02:26:23.980 | DEBUG    | train.trainer:train_and_evaluation:352 - location_update_rmse:15.268765841378107,index:10
2026-02-12 02:26:23.980 | DEBUG    | train.trainer:train_and_evaluation:354 - velocity_update_rmse:6.699314885563321,index:10
2026-02-12 02:42:25.844 | DEBUG    | train.trainer:train_and_evaluation:344 - train_loss:-0.24394417539073363,index:11
2026-02-12 02:42:25.844 | DEBUG    | train.trainer:train_and_evaluation:346 - validation_loss:-0.2449586996965938,index:11
2026-02-12 02:42:25.844 | DEBUG    | train.trainer:train_and_evaluation:348 - location_prediction_rmse:29.311033465915255,index:11
2026-02-12 02:42:25.844 | DEBUG    | train.trainer:train_and_evaluation:350 - velocity_prediction_rmse:4.937450830724504,index:11
2026-02-12 02:42:25.844 | DEBUG    | train.trainer:train_and_evaluation:352 - location_update_rmse:14.94078310669793,index:11
2026-02-12 02:42:25.844 | DEBUG    | train.trainer:train_and_evaluation:354 - velocity_update_rmse:5.762386946042379,index:11
2026-02-12 02:58:36.228 | DEBUG    | train.trainer:train_and_evaluation:344 - train_loss:-0.2341905720838242,index:12
2026-02-12 02:58:36.228 | DEBUG    | train.trainer:train_and_evaluation:346 - validation_loss:-0.23241048719154464,index:12
2026-02-12 02:58:36.229 | DEBUG    | train.trainer:train_and_evaluation:348 - location_prediction_rmse:32.64797187932332,index:12
2026-02-12 02:58:36.229 | DEBUG    | train.trainer:train_and_evaluation:350 - velocity_prediction_rmse:7.272658043649462,index:12
2026-02-12 02:58:36.229 | DEBUG    | train.trainer:train_and_evaluation:352 - location_update_rmse:15.357916023572287,index:12
2026-02-12 02:58:36.229 | DEBUG    | train.trainer:train_and_evaluation:354 - velocity_update_rmse:6.595450294176738,index:12
2026-02-12 03:14:46.567 | DEBUG    | train.trainer:train_and_evaluation:344 - train_loss:-0.2416625732877809,index:13
2026-02-12 03:14:46.567 | DEBUG    | train.trainer:train_and_evaluation:346 - validation_loss:-0.2427465105255445,index:13
2026-02-12 03:14:46.567 | DEBUG    | train.trainer:train_and_evaluation:348 - location_prediction_rmse:33.844071206410725,index:13
2026-02-12 03:14:46.567 | DEBUG    | train.trainer:train_and_evaluation:350 - velocity_prediction_rmse:6.872926000277201,index:13
2026-02-12 03:14:46.567 | DEBUG    | train.trainer:train_and_evaluation:352 - location_update_rmse:14.803435391108195,index:13
2026-02-12 03:14:46.567 | DEBUG    | train.trainer:train_and_evaluation:354 - velocity_update_rmse:5.729244741227892,index:13
2026-02-12 03:30:59.421 | DEBUG    | train.trainer:train_and_evaluation:344 - train_loss:-0.2355186925696002,index:14
2026-02-12 03:30:59.422 | DEBUG    | train.trainer:train_and_evaluation:346 - validation_loss:-0.24652635597520403,index:14
2026-02-12 03:30:59.422 | DEBUG    | train.trainer:train_and_evaluation:348 - location_prediction_rmse:30.81327662234836,index:14
2026-02-12 03:30:59.422 | DEBUG    | train.trainer:train_and_evaluation:350 - velocity_prediction_rmse:6.091980847040812,index:14
2026-02-12 03:30:59.422 | DEBUG    | train.trainer:train_and_evaluation:352 - location_update_rmse:14.424423258039687,index:14
2026-02-12 03:30:59.422 | DEBUG    | train.trainer:train_and_evaluation:354 - velocity_update_rmse:5.50054008907742,index:14
2026-02-12 03:47:15.523 | DEBUG    | train.trainer:train_and_evaluation:344 - train_loss:-0.22800924768547218,index:15
2026-02-12 03:47:15.523 | DEBUG    | train.trainer:train_and_evaluation:346 - validation_loss:-0.24149967387649748,index:15
2026-02-12 03:47:15.524 | DEBUG    | train.trainer:train_and_evaluation:348 - location_prediction_rmse:29.231885479397246,index:15
2026-02-12 03:47:15.524 | DEBUG    | train.trainer:train_and_evaluation:350 - velocity_prediction_rmse:6.460828148206075,index:15
2026-02-12 03:47:15.524 | DEBUG    | train.trainer:train_and_evaluation:352 - location_update_rmse:14.87972572072347,index:15
2026-02-12 03:47:15.524 | DEBUG    | train.trainer:train_and_evaluation:354 - velocity_update_rmse:6.14103603776296,index:15
2026-02-12 04:03:38.496 | DEBUG    | train.trainer:train_and_evaluation:344 - train_loss:-0.22524594602568282,index:16
2026-02-12 04:03:38.496 | DEBUG    | train.trainer:train_and_evaluation:346 - validation_loss:-0.2236005105442471,index:16
2026-02-12 04:03:38.496 | DEBUG    | train.trainer:train_and_evaluation:348 - location_prediction_rmse:29.08718808831109,index:16
2026-02-12 04:03:38.496 | DEBUG    | train.trainer:train_and_evaluation:350 - velocity_prediction_rmse:6.521915563689338,index:16
2026-02-12 04:03:38.496 | DEBUG    | train.trainer:train_and_evaluation:352 - location_update_rmse:14.95301469230652,index:16
2026-02-12 04:03:38.496 | DEBUG    | train.trainer:train_and_evaluation:354 - velocity_update_rmse:6.06670427746243,index:16
2026-02-12 04:20:01.544 | DEBUG    | train.trainer:train_and_evaluation:344 - train_loss:-0.23075860533118248,index:17
2026-02-12 04:20:01.544 | DEBUG    | train.trainer:train_and_evaluation:346 - validation_loss:-0.23672419322199292,index:17
2026-02-12 04:20:01.544 | DEBUG    | train.trainer:train_and_evaluation:348 - location_prediction_rmse:29.331180686526828,index:17
2026-02-12 04:20:01.544 | DEBUG    | train.trainer:train_and_evaluation:350 - velocity_prediction_rmse:6.235255514250861,index:17
2026-02-12 04:20:01.544 | DEBUG    | train.trainer:train_and_evaluation:352 - location_update_rmse:15.024260710186429,index:17
2026-02-12 04:20:01.544 | DEBUG    | train.trainer:train_and_evaluation:354 - velocity_update_rmse:5.722550480418735,index:17
2026-02-12 04:36:33.112 | DEBUG    | train.trainer:train_and_evaluation:344 - train_loss:-0.23935650270390843,index:18
2026-02-12 04:36:33.112 | DEBUG    | train.trainer:train_and_evaluation:346 - validation_loss:-0.2590901667210791,index:18
2026-02-12 04:36:33.112 | DEBUG    | train.trainer:train_and_evaluation:348 - location_prediction_rmse:35.345723112318254,index:18
2026-02-12 04:36:33.112 | DEBUG    | train.trainer:train_and_evaluation:350 - velocity_prediction_rmse:7.228738300959269,index:18
2026-02-12 04:36:33.112 | DEBUG    | train.trainer:train_and_evaluation:352 - location_update_rmse:14.772326897091336,index:18
2026-02-12 04:36:33.112 | DEBUG    | train.trainer:train_and_evaluation:354 - velocity_update_rmse:5.595140551461114,index:18
2026-02-12 04:53:08.365 | DEBUG    | train.trainer:train_and_evaluation:344 - train_loss:-0.24722631874763304,index:19
2026-02-12 04:53:08.365 | DEBUG    | train.trainer:train_and_evaluation:346 - validation_loss:-0.23335752093791962,index:19
2026-02-12 04:53:08.365 | DEBUG    | train.trainer:train_and_evaluation:348 - location_prediction_rmse:32.30587622367011,index:19
2026-02-12 04:53:08.365 | DEBUG    | train.trainer:train_and_evaluation:350 - velocity_prediction_rmse:7.306603830973307,index:19
2026-02-12 04:53:08.365 | DEBUG    | train.trainer:train_and_evaluation:352 - location_update_rmse:15.049691399998135,index:19
2026-02-12 04:53:08.365 | DEBUG    | train.trainer:train_and_evaluation:354 - velocity_update_rmse:6.000949327998691,index:19
2026-02-12 05:09:50.400 | DEBUG    | train.trainer:train_and_evaluation:344 - train_loss:-0.24496469880806077,index:20
2026-02-12 05:09:50.401 | DEBUG    | train.trainer:train_and_evaluation:346 - validation_loss:-0.2543199524945683,index:20
2026-02-12 05:09:50.401 | DEBUG    | train.trainer:train_and_evaluation:348 - location_prediction_rmse:31.44863066270616,index:20
2026-02-12 05:09:50.401 | DEBUG    | train.trainer:train_and_evaluation:350 - velocity_prediction_rmse:6.764902494960361,index:20
2026-02-12 05:09:50.401 | DEBUG    | train.trainer:train_and_evaluation:352 - location_update_rmse:14.51325947825114,index:20
2026-02-12 05:09:50.401 | DEBUG    | train.trainer:train_and_evaluation:354 - velocity_update_rmse:5.818312805493672,index:20
2026-02-12 05:26:43.113 | DEBUG    | train.trainer:train_and_evaluation:344 - train_loss:-0.23547979725235038,index:21
2026-02-12 05:26:43.113 | DEBUG    | train.trainer:train_and_evaluation:346 - validation_loss:-0.2352525620924102,index:21
2026-02-12 05:26:43.113 | DEBUG    | train.trainer:train_and_evaluation:348 - location_prediction_rmse:30.56419422234429,index:21
2026-02-12 05:26:43.113 | DEBUG    | train.trainer:train_and_evaluation:350 - velocity_prediction_rmse:6.932180047035217,index:21
2026-02-12 05:26:43.113 | DEBUG    | train.trainer:train_and_evaluation:352 - location_update_rmse:14.601643655141194,index:21
2026-02-12 05:26:43.113 | DEBUG    | train.trainer:train_and_evaluation:354 - velocity_update_rmse:6.9402241019143,index:21
2026-02-12 05:43:41.024 | DEBUG    | train.trainer:train_and_evaluation:344 - train_loss:-0.2362565518087811,index:22
2026-02-12 05:43:41.024 | DEBUG    | train.trainer:train_and_evaluation:346 - validation_loss:-0.2459180870321062,index:22
2026-02-12 05:43:41.024 | DEBUG    | train.trainer:train_and_evaluation:348 - location_prediction_rmse:29.719688911861844,index:22
2026-02-12 05:43:41.024 | DEBUG    | train.trainer:train_and_evaluation:350 - velocity_prediction_rmse:6.450619007428487,index:22
2026-02-12 05:43:41.024 | DEBUG    | train.trainer:train_and_evaluation:352 - location_update_rmse:15.098642309824626,index:22
2026-02-12 05:43:41.024 | DEBUG    | train.trainer:train_and_evaluation:354 - velocity_update_rmse:6.326924835417006,index:22
2026-02-12 06:00:40.798 | DEBUG    | train.trainer:train_and_evaluation:344 - train_loss:-0.2292940925045146,index:23
2026-02-12 06:00:40.798 | DEBUG    | train.trainer:train_and_evaluation:346 - validation_loss:-0.2417201790412267,index:23
2026-02-12 06:00:40.798 | DEBUG    | train.trainer:train_and_evaluation:348 - location_prediction_rmse:31.795366405910915,index:23
2026-02-12 06:00:40.798 | DEBUG    | train.trainer:train_and_evaluation:350 - velocity_prediction_rmse:7.169515224880643,index:23
2026-02-12 06:00:40.798 | DEBUG    | train.trainer:train_and_evaluation:352 - location_update_rmse:14.327139769024319,index:23
2026-02-12 06:00:40.798 | DEBUG    | train.trainer:train_and_evaluation:354 - velocity_update_rmse:5.957218372768826,index:23
2026-02-12 06:17:43.540 | DEBUG    | train.trainer:train_and_evaluation:344 - train_loss:-0.23536904949198167,index:24
2026-02-12 06:17:43.540 | DEBUG    | train.trainer:train_and_evaluation:346 - validation_loss:-0.25483336085743374,index:24
2026-02-12 06:17:43.540 | DEBUG    | train.trainer:train_and_evaluation:348 - location_prediction_rmse:33.866120048946804,index:24
2026-02-12 06:17:43.540 | DEBUG    | train.trainer:train_and_evaluation:350 - velocity_prediction_rmse:6.997646750768026,index:24
2026-02-12 06:17:43.540 | DEBUG    | train.trainer:train_and_evaluation:352 - location_update_rmse:14.531256363974677,index:24
2026-02-12 06:17:43.540 | DEBUG    | train.trainer:train_and_evaluation:354 - velocity_update_rmse:5.62002420870463,index:24
2026-02-12 06:34:48.174 | DEBUG    | train.trainer:train_and_evaluation:344 - train_loss:-0.24098057506481807,index:25
2026-02-12 06:34:48.174 | DEBUG    | train.trainer:train_and_evaluation:346 - validation_loss:-0.24898027251164118,index:25
2026-02-12 06:34:48.175 | DEBUG    | train.trainer:train_and_evaluation:348 - location_prediction_rmse:32.4790370042589,index:25
2026-02-12 06:34:48.175 | DEBUG    | train.trainer:train_and_evaluation:350 - velocity_prediction_rmse:6.764809786160787,index:25
2026-02-12 06:34:48.175 | DEBUG    | train.trainer:train_and_evaluation:352 - location_update_rmse:14.670902046839396,index:25
2026-02-12 06:34:48.175 | DEBUG    | train.trainer:train_and_evaluation:354 - velocity_update_rmse:5.765233499209086,index:25
2026-02-12 06:51:59.065 | DEBUG    | train.trainer:train_and_evaluation:344 - train_loss:-0.24152209839969874,index:26
2026-02-12 06:51:59.065 | DEBUG    | train.trainer:train_and_evaluation:346 - validation_loss:-0.25566845296488866,index:26
2026-02-12 06:51:59.065 | DEBUG    | train.trainer:train_and_evaluation:348 - location_prediction_rmse:34.298090318467885,index:26
2026-02-12 06:51:59.065 | DEBUG    | train.trainer:train_and_evaluation:350 - velocity_prediction_rmse:7.238832789738973,index:26
2026-02-12 06:51:59.065 | DEBUG    | train.trainer:train_and_evaluation:352 - location_update_rmse:14.354096958796184,index:26
2026-02-12 06:51:59.065 | DEBUG    | train.trainer:train_and_evaluation:354 - velocity_update_rmse:5.544438241852655,index:26
2026-02-12 07:09:15.025 | DEBUG    | train.trainer:train_and_evaluation:344 - train_loss:-0.24281191065410773,index:27
2026-02-12 07:09:15.025 | DEBUG    | train.trainer:train_and_evaluation:346 - validation_loss:-0.2530727560652627,index:27
2026-02-12 07:09:15.025 | DEBUG    | train.trainer:train_and_evaluation:348 - location_prediction_rmse:31.446143383873835,index:27
2026-02-12 07:09:15.026 | DEBUG    | train.trainer:train_and_evaluation:350 - velocity_prediction_rmse:6.88388592338562,index:27
2026-02-12 07:09:15.026 | DEBUG    | train.trainer:train_and_evaluation:352 - location_update_rmse:14.250238943311903,index:27
2026-02-12 07:09:15.026 | DEBUG    | train.trainer:train_and_evaluation:354 - velocity_update_rmse:5.9639045748180814,index:27
2026-02-12 07:26:33.667 | DEBUG    | train.trainer:train_and_evaluation:344 - train_loss:-0.2448156404470404,index:28
2026-02-12 07:26:33.668 | DEBUG    | train.trainer:train_and_evaluation:346 - validation_loss:-0.25710881794161267,index:28
2026-02-12 07:26:33.668 | DEBUG    | train.trainer:train_and_evaluation:348 - location_prediction_rmse:33.37484084150526,index:28
2026-02-12 07:26:33.668 | DEBUG    | train.trainer:train_and_evaluation:350 - velocity_prediction_rmse:7.149789129045274,index:28
2026-02-12 07:26:33.668 | DEBUG    | train.trainer:train_and_evaluation:352 - location_update_rmse:14.771283872392443,index:28
2026-02-12 07:26:33.668 | DEBUG    | train.trainer:train_and_evaluation:354 - velocity_update_rmse:5.414532153977288,index:28
2026-02-12 07:43:40.083 | DEBUG    | train.trainer:train_and_evaluation:344 - train_loss:-0.24549900369180574,index:29
2026-02-12 07:43:40.083 | DEBUG    | train.trainer:train_and_evaluation:346 - validation_loss:-0.2555443703201082,index:29
2026-02-12 07:43:40.083 | DEBUG    | train.trainer:train_and_evaluation:348 - location_prediction_rmse:31.09128366088867,index:29
2026-02-12 07:43:40.083 | DEBUG    | train.trainer:train_and_evaluation:350 - velocity_prediction_rmse:6.583493171479967,index:29
2026-02-12 07:43:40.083 | DEBUG    | train.trainer:train_and_evaluation:352 - location_update_rmse:14.944768470128377,index:29
2026-02-12 07:43:40.083 | DEBUG    | train.trainer:train_and_evaluation:354 - velocity_update_rmse:5.735691755824619,index:29
2026-02-12 08:00:44.746 | DEBUG    | train.trainer:train_and_evaluation:344 - train_loss:-0.24286871200634375,index:30
2026-02-12 08:00:44.746 | DEBUG    | train.trainer:train_and_evaluation:346 - validation_loss:-0.2478995724386639,index:30
2026-02-12 08:00:44.747 | DEBUG    | train.trainer:train_and_evaluation:348 - location_prediction_rmse:31.62533749516805,index:30
2026-02-12 08:00:44.747 | DEBUG    | train.trainer:train_and_evaluation:350 - velocity_prediction_rmse:6.755542144563463,index:30
2026-02-12 08:00:44.747 | DEBUG    | train.trainer:train_and_evaluation:352 - location_update_rmse:14.85909919505649,index:30
2026-02-12 08:00:44.747 | DEBUG    | train.trainer:train_and_evaluation:354 - velocity_update_rmse:5.504824756516351,index:30
2026-02-12 08:17:42.713 | DEBUG    | train.trainer:train_and_evaluation:344 - train_loss:-0.24061689617733162,index:31
2026-02-12 08:17:42.713 | DEBUG    | train.trainer:train_and_evaluation:346 - validation_loss:-0.2477410832643509,index:31
2026-02-12 08:17:42.713 | DEBUG    | train.trainer:train_and_evaluation:348 - location_prediction_rmse:31.36004319000244,index:31
2026-02-12 08:17:42.713 | DEBUG    | train.trainer:train_and_evaluation:350 - velocity_prediction_rmse:6.64394037299686,index:31
2026-02-12 08:17:42.713 | DEBUG    | train.trainer:train_and_evaluation:352 - location_update_rmse:14.739237232949998,index:31
2026-02-12 08:17:42.714 | DEBUG    | train.trainer:train_and_evaluation:354 - velocity_update_rmse:5.6604400803248085,index:31
2026-02-12 08:35:08.521 | DEBUG    | train.trainer:train_and_evaluation:344 - train_loss:-0.24003705858594426,index:32
2026-02-12 08:35:08.522 | DEBUG    | train.trainer:train_and_evaluation:346 - validation_loss:-0.2534921473728286,index:32
2026-02-12 08:35:08.522 | DEBUG    | train.trainer:train_and_evaluation:348 - location_prediction_rmse:30.619460522969565,index:32
2026-02-12 08:35:08.522 | DEBUG    | train.trainer:train_and_evaluation:350 - velocity_prediction_rmse:6.665662946383159,index:32
2026-02-12 08:35:08.522 | DEBUG    | train.trainer:train_and_evaluation:352 - location_update_rmse:14.417389074749417,index:32
2026-02-12 08:35:08.522 | DEBUG    | train.trainer:train_and_evaluation:354 - velocity_update_rmse:5.569835583792792,index:32
2026-02-12 09:01:38.634 | DEBUG    | train.trainer:train_and_evaluation:344 - train_loss:-0.23990927384297053,index:33
2026-02-12 09:01:38.635 | DEBUG    | train.trainer:train_and_evaluation:346 - validation_loss:-0.2531359585987197,index:33
2026-02-12 09:01:38.635 | DEBUG    | train.trainer:train_and_evaluation:348 - location_prediction_rmse:31.079214539845786,index:33
2026-02-12 09:01:38.635 | DEBUG    | train.trainer:train_and_evaluation:350 - velocity_prediction_rmse:6.71120969136556,index:33
2026-02-12 09:01:38.635 | DEBUG    | train.trainer:train_and_evaluation:352 - location_update_rmse:14.322722631878323,index:33
2026-02-12 09:01:38.635 | DEBUG    | train.trainer:train_and_evaluation:354 - velocity_update_rmse:5.553174794567956,index:33
2026-02-12 09:43:43.670 | DEBUG    | train.trainer:train_and_evaluation:344 - train_loss:-0.24111924009356234,index:34
2026-02-12 09:43:43.671 | DEBUG    | train.trainer:train_and_evaluation:346 - validation_loss:-0.2551639923784468,index:34
2026-02-12 09:43:43.671 | DEBUG    | train.trainer:train_and_evaluation:348 - location_prediction_rmse:28.68056341510349,index:34
2026-02-12 09:43:43.671 | DEBUG    | train.trainer:train_and_evaluation:350 - velocity_prediction_rmse:6.356264116817051,index:34
2026-02-12 09:43:43.671 | DEBUG    | train.trainer:train_and_evaluation:352 - location_update_rmse:14.051310652414958,index:34
2026-02-12 09:43:43.671 | DEBUG    | train.trainer:train_and_evaluation:354 - velocity_update_rmse:5.357773715231153,index:34
2026-02-12 12:07:26.159 | DEBUG    | train.trainer:train_and_evaluation:346 - train_loss:-0.24897467772688509,index:0
2026-02-12 12:07:26.160 | DEBUG    | train.trainer:train_and_evaluation:348 - validation_loss:-0.24758828244275516,index:0
2026-02-12 12:07:26.160 | DEBUG    | train.trainer:train_and_evaluation:350 - location_prediction_rmse:40.77240685696072,index:0
2026-02-12 12:07:26.160 | DEBUG    | train.trainer:train_and_evaluation:352 - velocity_prediction_rmse:9.018778601858351,index:0
2026-02-12 12:07:26.160 | DEBUG    | train.trainer:train_and_evaluation:354 - location_update_rmse:15.454101343578763,index:0
2026-02-12 12:07:26.160 | DEBUG    | train.trainer:train_and_evaluation:356 - velocity_update_rmse:6.6703707509570656,index:0
2026-02-12 13:57:18.037 | DEBUG    | train.trainer:train_and_evaluation:347 - train_loss:-0.24633902754800188,index:0
2026-02-12 13:57:18.037 | DEBUG    | train.trainer:train_and_evaluation:349 - validation_loss:-0.25527286622921624,index:0
2026-02-12 13:57:18.037 | DEBUG    | train.trainer:train_and_evaluation:351 - location_prediction_rmse:36.361708660125736,index:0
2026-02-12 13:57:18.037 | DEBUG    | train.trainer:train_and_evaluation:353 - velocity_prediction_rmse:7.877476453675164,index:0
2026-02-12 13:57:18.037 | DEBUG    | train.trainer:train_and_evaluation:355 - location_update_rmse:14.889378072102865,index:0
2026-02-12 13:57:18.037 | DEBUG    | train.trainer:train_and_evaluation:357 - velocity_update_rmse:5.828288164456685,index:0
2026-02-12 14:12:55.954 | DEBUG    | train.trainer:train_and_evaluation:347 - train_loss:-0.24922788228591283,index:1
2026-02-12 14:12:55.955 | DEBUG    | train.trainer:train_and_evaluation:349 - validation_loss:-0.2573051165342331,index:1
2026-02-12 14:12:55.955 | DEBUG    | train.trainer:train_and_evaluation:351 - location_prediction_rmse:32.57178147464328,index:1
2026-02-12 14:12:55.955 | DEBUG    | train.trainer:train_and_evaluation:353 - velocity_prediction_rmse:6.904942403263516,index:1
2026-02-12 14:12:55.955 | DEBUG    | train.trainer:train_and_evaluation:355 - location_update_rmse:14.321879034678142,index:1
2026-02-12 14:12:55.955 | DEBUG    | train.trainer:train_and_evaluation:357 - velocity_update_rmse:5.5360674310260345,index:1
2026-02-12 14:28:30.072 | DEBUG    | train.trainer:train_and_evaluation:347 - train_loss:-0.2516037260790666,index:2
2026-02-12 14:28:30.072 | DEBUG    | train.trainer:train_and_evaluation:349 - validation_loss:-0.25643138391441767,index:2
2026-02-12 14:28:30.072 | DEBUG    | train.trainer:train_and_evaluation:351 - location_prediction_rmse:32.51078710683187,index:2
2026-02-12 14:28:30.072 | DEBUG    | train.trainer:train_and_evaluation:353 - velocity_prediction_rmse:6.782665945582919,index:2
2026-02-12 14:28:30.072 | DEBUG    | train.trainer:train_and_evaluation:355 - location_update_rmse:14.37806518766615,index:2
2026-02-12 14:28:30.072 | DEBUG    | train.trainer:train_and_evaluation:357 - velocity_update_rmse:5.470308141496447,index:2
2026-02-12 14:44:05.010 | DEBUG    | train.trainer:train_and_evaluation:347 - train_loss:-0.25158849956923063,index:3
2026-02-12 14:44:05.010 | DEBUG    | train.trainer:train_and_evaluation:349 - validation_loss:-0.25547039828697843,index:3
2026-02-12 14:44:05.010 | DEBUG    | train.trainer:train_and_evaluation:351 - location_prediction_rmse:31.89402696100871,index:3
2026-02-12 14:44:05.010 | DEBUG    | train.trainer:train_and_evaluation:353 - velocity_prediction_rmse:6.586601014879014,index:3
2026-02-12 14:44:05.010 | DEBUG    | train.trainer:train_and_evaluation:355 - location_update_rmse:14.589043781280518,index:3
2026-02-12 14:44:05.010 | DEBUG    | train.trainer:train_and_evaluation:357 - velocity_update_rmse:5.5136763980123735,index:3
2026-02-12 14:59:41.827 | DEBUG    | train.trainer:train_and_evaluation:347 - train_loss:-0.252008131855064,index:4
2026-02-12 14:59:41.827 | DEBUG    | train.trainer:train_and_evaluation:349 - validation_loss:-0.23679478736884063,index:4
2026-02-12 14:59:41.827 | DEBUG    | train.trainer:train_and_evaluation:351 - location_prediction_rmse:31.152591437445746,index:4
2026-02-12 14:59:41.827 | DEBUG    | train.trainer:train_and_evaluation:353 - velocity_prediction_rmse:6.370722209135692,index:4
2026-02-12 14:59:41.827 | DEBUG    | train.trainer:train_and_evaluation:355 - location_update_rmse:14.816518051041497,index:4
2026-02-12 14:59:41.828 | DEBUG    | train.trainer:train_and_evaluation:357 - velocity_update_rmse:5.790402503967285,index:4
2026-02-12 15:15:17.300 | DEBUG    | train.trainer:train_and_evaluation:347 - train_loss:-0.24913106943335797,index:5
2026-02-12 15:15:17.300 | DEBUG    | train.trainer:train_and_evaluation:349 - validation_loss:-0.24941371880637275,index:5
2026-02-12 15:15:17.300 | DEBUG    | train.trainer:train_and_evaluation:351 - location_prediction_rmse:30.016318426344128,index:5
2026-02-12 15:15:17.300 | DEBUG    | train.trainer:train_and_evaluation:353 - velocity_prediction_rmse:5.956644163131714,index:5
2026-02-12 15:15:17.300 | DEBUG    | train.trainer:train_and_evaluation:355 - location_update_rmse:14.671319309234619,index:5
2026-02-12 15:15:17.300 | DEBUG    | train.trainer:train_and_evaluation:357 - velocity_update_rmse:5.730521855354309,index:5
2026-02-12 15:40:58.575 | DEBUG    | train.trainer:train_and_evaluation:347 - train_loss:-0.2503963608601027,index:6
2026-02-12 15:40:58.575 | DEBUG    | train.trainer:train_and_evaluation:349 - validation_loss:-0.2572928732633591,index:6
2026-02-12 15:40:58.575 | DEBUG    | train.trainer:train_and_evaluation:351 - location_prediction_rmse:29.50561734814114,index:6
2026-02-12 15:40:58.575 | DEBUG    | train.trainer:train_and_evaluation:353 - velocity_prediction_rmse:5.8666112703747215,index:6
2026-02-12 15:40:58.575 | DEBUG    | train.trainer:train_and_evaluation:355 - location_update_rmse:14.351141709645589,index:6
2026-02-12 15:40:58.575 | DEBUG    | train.trainer:train_and_evaluation:357 - velocity_update_rmse:5.41957768005795,index:6
2026-02-12 16:12:43.967 | DEBUG    | train.trainer:train_and_evaluation:347 - train_loss:-0.24706524201730887,index:7
2026-02-12 16:12:43.967 | DEBUG    | train.trainer:train_and_evaluation:349 - validation_loss:-0.257917174451881,index:7
2026-02-12 16:12:43.967 | DEBUG    | train.trainer:train_and_evaluation:351 - location_prediction_rmse:27.433029072231715,index:7
2026-02-12 16:12:43.967 | DEBUG    | train.trainer:train_and_evaluation:353 - velocity_prediction_rmse:5.453924872398376,index:7
2026-02-12 16:12:43.967 | DEBUG    | train.trainer:train_and_evaluation:355 - location_update_rmse:14.211281437449985,index:7
2026-02-12 16:12:43.967 | DEBUG    | train.trainer:train_and_evaluation:357 - velocity_update_rmse:5.288731563991971,index:7
2026-02-12 16:40:59.891 | DEBUG    | train.trainer:train_and_evaluation:347 - train_loss:-0.2528021269506878,index:8
2026-02-12 16:40:59.891 | DEBUG    | train.trainer:train_and_evaluation:349 - validation_loss:-0.26048291828234993,index:8
2026-02-12 16:40:59.891 | DEBUG    | train.trainer:train_and_evaluation:351 - location_prediction_rmse:28.439989201863607,index:8
2026-02-12 16:40:59.891 | DEBUG    | train.trainer:train_and_evaluation:353 - velocity_prediction_rmse:5.723041180398729,index:8
2026-02-12 16:40:59.891 | DEBUG    | train.trainer:train_and_evaluation:355 - location_update_rmse:14.454755057546828,index:8
2026-02-12 16:40:59.891 | DEBUG    | train.trainer:train_and_evaluation:357 - velocity_update_rmse:5.669600262429979,index:8
2026-02-12 16:56:58.182 | DEBUG    | train.trainer:train_and_evaluation:347 - train_loss:-0.2529475724829568,index:9
2026-02-12 16:56:58.182 | DEBUG    | train.trainer:train_and_evaluation:349 - validation_loss:-0.2588411151170731,index:9
2026-02-12 16:56:58.182 | DEBUG    | train.trainer:train_and_evaluation:351 - location_prediction_rmse:27.408059039645725,index:9
2026-02-12 16:56:58.182 | DEBUG    | train.trainer:train_and_evaluation:353 - velocity_prediction_rmse:5.31316467555364,index:9
2026-02-12 16:56:58.182 | DEBUG    | train.trainer:train_and_evaluation:355 - location_update_rmse:14.39059434170193,index:9
2026-02-12 16:56:58.182 | DEBUG    | train.trainer:train_and_evaluation:357 - velocity_update_rmse:5.628390992164612,index:9
2026-02-12 17:12:56.851 | DEBUG    | train.trainer:train_and_evaluation:347 - train_loss:-0.25497465452386275,index:10
2026-02-12 17:12:56.851 | DEBUG    | train.trainer:train_and_evaluation:349 - validation_loss:-0.2573888710803456,index:10
2026-02-12 17:12:56.851 | DEBUG    | train.trainer:train_and_evaluation:351 - location_prediction_rmse:27.947685000949434,index:10
2026-02-12 17:12:56.851 | DEBUG    | train.trainer:train_and_evaluation:353 - velocity_prediction_rmse:6.074814515749614,index:10
2026-02-12 17:12:56.851 | DEBUG    | train.trainer:train_and_evaluation:355 - location_update_rmse:16.299176833470664,index:10
2026-02-12 17:12:56.851 | DEBUG    | train.trainer:train_and_evaluation:357 - velocity_update_rmse:6.128872938050164,index:10
2026-02-12 17:28:36.126 | DEBUG    | train.trainer:train_and_evaluation:347 - train_loss:-0.25484828874634374,index:11
2026-02-12 17:28:36.126 | DEBUG    | train.trainer:train_and_evaluation:349 - validation_loss:-0.25156884986162187,index:11
2026-02-12 17:28:36.126 | DEBUG    | train.trainer:train_and_evaluation:351 - location_prediction_rmse:26.318507866329618,index:11
2026-02-12 17:28:36.126 | DEBUG    | train.trainer:train_and_evaluation:353 - velocity_prediction_rmse:5.995301737573412,index:11
2026-02-12 17:28:36.126 | DEBUG    | train.trainer:train_and_evaluation:355 - location_update_rmse:15.159889998753865,index:11
2026-02-12 17:28:36.126 | DEBUG    | train.trainer:train_and_evaluation:357 - velocity_update_rmse:6.0833061044481065,index:11
2026-02-12 17:44:17.542 | DEBUG    | train.trainer:train_and_evaluation:347 - train_loss:-0.25086070970528657,index:12
2026-02-12 17:44:17.543 | DEBUG    | train.trainer:train_and_evaluation:349 - validation_loss:-0.2555165299442079,index:12
2026-02-12 17:44:17.543 | DEBUG    | train.trainer:train_and_evaluation:351 - location_prediction_rmse:26.95236512374878,index:12
2026-02-12 17:44:17.543 | DEBUG    | train.trainer:train_and_evaluation:353 - velocity_prediction_rmse:5.725641519122654,index:12
2026-02-12 17:44:17.543 | DEBUG    | train.trainer:train_and_evaluation:355 - location_update_rmse:14.273904975043402,index:12
2026-02-12 17:44:17.543 | DEBUG    | train.trainer:train_and_evaluation:357 - velocity_update_rmse:5.571408882564969,index:12
2026-02-12 17:59:58.265 | DEBUG    | train.trainer:train_and_evaluation:347 - train_loss:-0.2504407004565001,index:13
2026-02-12 17:59:58.265 | DEBUG    | train.trainer:train_and_evaluation:349 - validation_loss:-0.24728197119633358,index:13
2026-02-12 17:59:58.266 | DEBUG    | train.trainer:train_and_evaluation:351 - location_prediction_rmse:27.590962169647216,index:13
2026-02-12 17:59:58.266 | DEBUG    | train.trainer:train_and_evaluation:353 - velocity_prediction_rmse:6.432108825047811,index:13
2026-02-12 17:59:58.266 | DEBUG    | train.trainer:train_and_evaluation:355 - location_update_rmse:14.41221240764194,index:13
2026-02-12 17:59:58.266 | DEBUG    | train.trainer:train_and_evaluation:357 - velocity_update_rmse:6.136574771033393,index:13
2026-02-12 18:15:38.506 | DEBUG    | train.trainer:train_and_evaluation:347 - train_loss:-0.25046802140275637,index:14
2026-02-12 18:15:38.506 | DEBUG    | train.trainer:train_and_evaluation:349 - validation_loss:-0.25289163405365417,index:14
2026-02-12 18:15:38.506 | DEBUG    | train.trainer:train_and_evaluation:351 - location_prediction_rmse:27.025473508622913,index:14
2026-02-12 18:15:38.506 | DEBUG    | train.trainer:train_and_evaluation:353 - velocity_prediction_rmse:6.482823252889845,index:14
2026-02-12 18:15:38.506 | DEBUG    | train.trainer:train_and_evaluation:355 - location_update_rmse:14.755798265033299,index:14
2026-02-12 18:15:38.506 | DEBUG    | train.trainer:train_and_evaluation:357 - velocity_update_rmse:6.3686147960027055,index:14
2026-02-12 18:31:21.625 | DEBUG    | train.trainer:train_and_evaluation:347 - train_loss:-0.25055523151324854,index:15
2026-02-12 18:31:21.625 | DEBUG    | train.trainer:train_and_evaluation:349 - validation_loss:-0.25326122044192423,index:15
2026-02-12 18:31:21.625 | DEBUG    | train.trainer:train_and_evaluation:351 - location_prediction_rmse:28.334608203464086,index:15
2026-02-12 18:31:21.625 | DEBUG    | train.trainer:train_and_evaluation:353 - velocity_prediction_rmse:6.125986141734653,index:15
2026-02-12 18:31:21.625 | DEBUG    | train.trainer:train_and_evaluation:355 - location_update_rmse:15.163819038920932,index:15
2026-02-12 18:31:21.625 | DEBUG    | train.trainer:train_and_evaluation:357 - velocity_update_rmse:5.752078343603346,index:15
2026-02-12 18:47:06.935 | DEBUG    | train.trainer:train_and_evaluation:347 - train_loss:-0.24971187188062402,index:16
2026-02-12 18:47:06.936 | DEBUG    | train.trainer:train_and_evaluation:349 - validation_loss:-0.23878480772839653,index:16
2026-02-12 18:47:06.936 | DEBUG    | train.trainer:train_and_evaluation:351 - location_prediction_rmse:30.828844332377116,index:16
2026-02-12 18:47:06.936 | DEBUG    | train.trainer:train_and_evaluation:353 - velocity_prediction_rmse:7.889176276101006,index:16
2026-02-12 18:47:06.936 | DEBUG    | train.trainer:train_and_evaluation:355 - location_update_rmse:15.129322003788419,index:16
2026-02-12 18:47:06.936 | DEBUG    | train.trainer:train_and_evaluation:357 - velocity_update_rmse:6.907513964758979,index:16
2026-02-12 19:02:57.902 | DEBUG    | train.trainer:train_and_evaluation:347 - train_loss:-0.24674164016048114,index:17
2026-02-12 19:02:57.902 | DEBUG    | train.trainer:train_and_evaluation:349 - validation_loss:-0.2569960580997997,index:17
2026-02-12 19:02:57.902 | DEBUG    | train.trainer:train_and_evaluation:351 - location_prediction_rmse:28.875543419308134,index:17
2026-02-12 19:02:57.902 | DEBUG    | train.trainer:train_and_evaluation:353 - velocity_prediction_rmse:6.153360139740838,index:17
2026-02-12 19:02:57.902 | DEBUG    | train.trainer:train_and_evaluation:355 - location_update_rmse:14.823947915607029,index:17
2026-02-12 19:02:57.902 | DEBUG    | train.trainer:train_and_evaluation:357 - velocity_update_rmse:5.832960127194722,index:17
2026-02-12 19:18:44.634 | DEBUG    | train.trainer:train_and_evaluation:347 - train_loss:-0.251566138934758,index:18
2026-02-12 19:18:44.634 | DEBUG    | train.trainer:train_and_evaluation:349 - validation_loss:-0.2563434340291553,index:18
2026-02-12 19:18:44.634 | DEBUG    | train.trainer:train_and_evaluation:351 - location_prediction_rmse:27.495421596103245,index:18
2026-02-12 19:18:44.634 | DEBUG    | train.trainer:train_and_evaluation:353 - velocity_prediction_rmse:5.978430973158942,index:18
2026-02-12 19:18:44.634 | DEBUG    | train.trainer:train_and_evaluation:355 - location_update_rmse:14.797353698624505,index:18
2026-02-12 19:18:44.634 | DEBUG    | train.trainer:train_and_evaluation:357 - velocity_update_rmse:5.579390617794461,index:18
2026-02-12 19:34:33.465 | DEBUG    | train.trainer:train_and_evaluation:347 - train_loss:-0.25101629570954376,index:19
2026-02-12 19:34:33.465 | DEBUG    | train.trainer:train_and_evaluation:349 - validation_loss:-0.24531789114077887,index:19
2026-02-12 19:34:33.465 | DEBUG    | train.trainer:train_and_evaluation:351 - location_prediction_rmse:27.754441454993355,index:19
2026-02-12 19:34:33.465 | DEBUG    | train.trainer:train_and_evaluation:353 - velocity_prediction_rmse:6.132186882230971,index:19
2026-02-12 19:34:33.465 | DEBUG    | train.trainer:train_and_evaluation:355 - location_update_rmse:15.612153055826823,index:19
2026-02-12 19:34:33.465 | DEBUG    | train.trainer:train_and_evaluation:357 - velocity_update_rmse:5.978025523609586,index:19
2026-02-12 19:50:20.192 | DEBUG    | train.trainer:train_and_evaluation:347 - train_loss:-0.2519467803753085,index:20
2026-02-12 19:50:20.192 | DEBUG    | train.trainer:train_and_evaluation:349 - validation_loss:-0.25683109398682913,index:20
2026-02-12 19:50:20.192 | DEBUG    | train.trainer:train_and_evaluation:351 - location_prediction_rmse:27.599586148579917,index:20
2026-02-12 19:50:20.193 | DEBUG    | train.trainer:train_and_evaluation:353 - velocity_prediction_rmse:5.827235432836744,index:20
2026-02-12 19:50:20.193 | DEBUG    | train.trainer:train_and_evaluation:355 - location_update_rmse:14.85692897076077,index:20
2026-02-12 19:50:20.193 | DEBUG    | train.trainer:train_and_evaluation:357 - velocity_update_rmse:5.296482019424438,index:20
2026-02-12 20:06:11.850 | DEBUG    | train.trainer:train_and_evaluation:347 - train_loss:-0.2514073223852449,index:21
2026-02-12 20:06:11.850 | DEBUG    | train.trainer:train_and_evaluation:349 - validation_loss:-0.24921993300649856,index:21
2026-02-12 20:06:11.850 | DEBUG    | train.trainer:train_and_evaluation:351 - location_prediction_rmse:27.098936393313938,index:21
2026-02-12 20:06:11.850 | DEBUG    | train.trainer:train_and_evaluation:353 - velocity_prediction_rmse:6.448911931885613,index:21
2026-02-12 20:06:11.850 | DEBUG    | train.trainer:train_and_evaluation:355 - location_update_rmse:14.583211228370667,index:21
2026-02-12 20:06:11.850 | DEBUG    | train.trainer:train_and_evaluation:357 - velocity_update_rmse:6.36669499206543,index:21
2026-02-12 20:22:03.823 | DEBUG    | train.trainer:train_and_evaluation:347 - train_loss:-0.2504992271612088,index:22
2026-02-12 20:22:03.823 | DEBUG    | train.trainer:train_and_evaluation:349 - validation_loss:-0.25152696263127855,index:22
2026-02-12 20:22:03.823 | DEBUG    | train.trainer:train_and_evaluation:351 - location_prediction_rmse:27.99601364856296,index:22
2026-02-12 20:22:03.823 | DEBUG    | train.trainer:train_and_evaluation:353 - velocity_prediction_rmse:6.271161938667297,index:22
2026-02-12 20:22:03.823 | DEBUG    | train.trainer:train_and_evaluation:355 - location_update_rmse:15.163263860596551,index:22
2026-02-12 20:22:03.823 | DEBUG    | train.trainer:train_and_evaluation:357 - velocity_update_rmse:5.986559253798591,index:22
2026-02-12 20:37:55.296 | DEBUG    | train.trainer:train_and_evaluation:347 - train_loss:-0.25190627901256085,index:23
2026-02-12 20:37:55.296 | DEBUG    | train.trainer:train_and_evaluation:349 - validation_loss:-0.2555543196929826,index:23
2026-02-12 20:37:55.296 | DEBUG    | train.trainer:train_and_evaluation:351 - location_prediction_rmse:31.464140870836047,index:23
2026-02-12 20:37:55.296 | DEBUG    | train.trainer:train_and_evaluation:353 - velocity_prediction_rmse:6.758733540852864,index:23
2026-02-12 20:37:55.296 | DEBUG    | train.trainer:train_and_evaluation:355 - location_update_rmse:15.286534835497537,index:23
2026-02-12 20:37:55.296 | DEBUG    | train.trainer:train_and_evaluation:357 - velocity_update_rmse:6.159527067714268,index:23
2026-02-12 20:53:56.377 | DEBUG    | train.trainer:train_and_evaluation:347 - train_loss:-0.2517210901396142,index:24
2026-02-12 20:53:56.377 | DEBUG    | train.trainer:train_and_evaluation:349 - validation_loss:-0.2522497609655062,index:24
2026-02-12 20:53:56.377 | DEBUG    | train.trainer:train_and_evaluation:351 - location_prediction_rmse:28.143682506985133,index:24
2026-02-12 20:53:56.377 | DEBUG    | train.trainer:train_and_evaluation:353 - velocity_prediction_rmse:6.71623743809594,index:24
2026-02-12 20:53:56.377 | DEBUG    | train.trainer:train_and_evaluation:355 - location_update_rmse:15.080129697057936,index:24
2026-02-12 20:53:56.378 | DEBUG    | train.trainer:train_and_evaluation:357 - velocity_update_rmse:6.129760180367364,index:24
2026-02-12 21:10:02.341 | DEBUG    | train.trainer:train_and_evaluation:347 - train_loss:-0.24913410322037008,index:25
2026-02-12 21:10:02.341 | DEBUG    | train.trainer:train_and_evaluation:349 - validation_loss:-0.25910046488046645,index:25
2026-02-12 21:10:02.341 | DEBUG    | train.trainer:train_and_evaluation:351 - location_prediction_rmse:28.203241835276287,index:25
2026-02-12 21:10:02.341 | DEBUG    | train.trainer:train_and_evaluation:353 - velocity_prediction_rmse:5.939946419927809,index:25
2026-02-12 21:10:02.341 | DEBUG    | train.trainer:train_and_evaluation:355 - location_update_rmse:14.513958367877537,index:25
2026-02-12 21:10:02.341 | DEBUG    | train.trainer:train_and_evaluation:357 - velocity_update_rmse:5.52307751083374,index:25
2026-02-12 21:26:21.558 | DEBUG    | train.trainer:train_and_evaluation:347 - train_loss:-0.2514423403657145,index:26
2026-02-12 21:26:21.559 | DEBUG    | train.trainer:train_and_evaluation:349 - validation_loss:-0.24412600166930093,index:26
2026-02-12 21:26:21.559 | DEBUG    | train.trainer:train_and_evaluation:351 - location_prediction_rmse:28.30798770480686,index:26
2026-02-12 21:26:21.559 | DEBUG    | train.trainer:train_and_evaluation:353 - velocity_prediction_rmse:6.330507799360487,index:26
2026-02-12 21:26:21.559 | DEBUG    | train.trainer:train_and_evaluation:355 - location_update_rmse:15.09473769463433,index:26
2026-02-12 21:26:21.559 | DEBUG    | train.trainer:train_and_evaluation:357 - velocity_update_rmse:6.52266784562005,index:26
2026-02-12 21:43:06.282 | DEBUG    | train.trainer:train_and_evaluation:347 - train_loss:-0.251513633493748,index:27
2026-02-12 21:43:06.282 | DEBUG    | train.trainer:train_and_evaluation:349 - validation_loss:-0.2617998965581258,index:27
2026-02-12 21:43:06.282 | DEBUG    | train.trainer:train_and_evaluation:351 - location_prediction_rmse:27.634519569820828,index:27
2026-02-12 21:43:06.282 | DEBUG    | train.trainer:train_and_evaluation:353 - velocity_prediction_rmse:5.9670076701906,index:27
2026-02-12 21:43:06.282 | DEBUG    | train.trainer:train_and_evaluation:355 - location_update_rmse:14.406369872411092,index:27
2026-02-12 21:43:06.282 | DEBUG    | train.trainer:train_and_evaluation:357 - velocity_update_rmse:5.288982789781358,index:27
2026-02-12 21:59:48.923 | DEBUG    | train.trainer:train_and_evaluation:347 - train_loss:-0.25361286210020384,index:28
2026-02-12 21:59:48.923 | DEBUG    | train.trainer:train_and_evaluation:349 - validation_loss:-0.2558189142545064,index:28
2026-02-12 21:59:48.923 | DEBUG    | train.trainer:train_and_evaluation:351 - location_prediction_rmse:26.76015861807929,index:28
2026-02-12 21:59:48.924 | DEBUG    | train.trainer:train_and_evaluation:353 - velocity_prediction_rmse:6.262417619175381,index:28
2026-02-12 21:59:48.924 | DEBUG    | train.trainer:train_and_evaluation:355 - location_update_rmse:14.423288620948792,index:28
2026-02-12 21:59:48.924 | DEBUG    | train.trainer:train_and_evaluation:357 - velocity_update_rmse:5.662532634576162,index:28
2026-02-12 22:16:28.987 | DEBUG    | train.trainer:train_and_evaluation:347 - train_loss:-0.25078911275830534,index:29
2026-02-12 22:16:28.987 | DEBUG    | train.trainer:train_and_evaluation:349 - validation_loss:-0.2556290614141358,index:29
2026-02-12 22:16:28.988 | DEBUG    | train.trainer:train_and_evaluation:351 - location_prediction_rmse:30.024134847005207,index:29
2026-02-12 22:16:28.988 | DEBUG    | train.trainer:train_and_evaluation:353 - velocity_prediction_rmse:6.758017875777351,index:29
2026-02-12 22:16:28.988 | DEBUG    | train.trainer:train_and_evaluation:355 - location_update_rmse:14.933777078416613,index:29
2026-02-12 22:16:28.988 | DEBUG    | train.trainer:train_and_evaluation:357 - velocity_update_rmse:5.965386897828844,index:29
2026-02-12 22:33:06.871 | DEBUG    | train.trainer:train_and_evaluation:347 - train_loss:-0.24808350656761063,index:30
2026-02-12 22:33:06.871 | DEBUG    | train.trainer:train_and_evaluation:349 - validation_loss:-0.2581366912987497,index:30
2026-02-12 22:33:06.871 | DEBUG    | train.trainer:train_and_evaluation:351 - location_prediction_rmse:28.38111580657959,index:30
2026-02-12 22:33:06.871 | DEBUG    | train.trainer:train_and_evaluation:353 - velocity_prediction_rmse:6.368194940990872,index:30
2026-02-12 22:33:06.871 | DEBUG    | train.trainer:train_and_evaluation:355 - location_update_rmse:14.944400880919563,index:30
2026-02-12 22:33:06.871 | DEBUG    | train.trainer:train_and_evaluation:357 - velocity_update_rmse:5.8766792569690285,index:30
2026-02-12 22:49:45.840 | DEBUG    | train.trainer:train_and_evaluation:347 - train_loss:-0.25164129216141173,index:31
2026-02-12 22:49:45.840 | DEBUG    | train.trainer:train_and_evaluation:349 - validation_loss:-0.2602943970693482,index:31
2026-02-12 22:49:45.840 | DEBUG    | train.trainer:train_and_evaluation:351 - location_prediction_rmse:28.289696611616346,index:31
2026-02-12 22:49:45.840 | DEBUG    | train.trainer:train_and_evaluation:353 - velocity_prediction_rmse:5.906659366925558,index:31
2026-02-12 22:49:45.840 | DEBUG    | train.trainer:train_and_evaluation:355 - location_update_rmse:14.92316609594557,index:31
2026-02-12 22:49:45.840 | DEBUG    | train.trainer:train_and_evaluation:357 - velocity_update_rmse:5.455963039504157,index:31
2026-02-12 23:06:23.866 | DEBUG    | train.trainer:train_and_evaluation:347 - train_loss:-0.2539804113821851,index:32
2026-02-12 23:06:23.866 | DEBUG    | train.trainer:train_and_evaluation:349 - validation_loss:-0.25858524863587484,index:32
2026-02-12 23:06:23.866 | DEBUG    | train.trainer:train_and_evaluation:351 - location_prediction_rmse:28.210465891944036,index:32
2026-02-12 23:06:23.866 | DEBUG    | train.trainer:train_and_evaluation:353 - velocity_prediction_rmse:6.217202709303962,index:32
2026-02-12 23:06:23.866 | DEBUG    | train.trainer:train_and_evaluation:355 - location_update_rmse:14.493212720870972,index:32
2026-02-12 23:06:23.866 | DEBUG    | train.trainer:train_and_evaluation:357 - velocity_update_rmse:5.493075806299846,index:32
2026-02-12 23:23:06.091 | DEBUG    | train.trainer:train_and_evaluation:347 - train_loss:-0.2546185952524344,index:33
2026-02-12 23:23:06.091 | DEBUG    | train.trainer:train_and_evaluation:349 - validation_loss:-0.2604923491477966,index:33
2026-02-12 23:23:06.091 | DEBUG    | train.trainer:train_and_evaluation:351 - location_prediction_rmse:28.427318625556097,index:33
2026-02-12 23:23:06.091 | DEBUG    | train.trainer:train_and_evaluation:353 - velocity_prediction_rmse:6.09461552757687,index:33
2026-02-12 23:23:06.091 | DEBUG    | train.trainer:train_and_evaluation:355 - location_update_rmse:15.00058661005232,index:33
2026-02-12 23:23:06.091 | DEBUG    | train.trainer:train_and_evaluation:357 - velocity_update_rmse:5.515671270794338,index:33
2026-02-12 23:39:42.149 | DEBUG    | train.trainer:train_and_evaluation:347 - train_loss:-0.253098288986418,index:34
2026-02-12 23:39:42.149 | DEBUG    | train.trainer:train_and_evaluation:349 - validation_loss:-0.2573528490463893,index:34
2026-02-12 23:39:42.149 | DEBUG    | train.trainer:train_and_evaluation:351 - location_prediction_rmse:28.080458272722034,index:34
2026-02-12 23:39:42.149 | DEBUG    | train.trainer:train_and_evaluation:353 - velocity_prediction_rmse:6.0974804130130345,index:34
2026-02-12 23:39:42.150 | DEBUG    | train.trainer:train_and_evaluation:355 - location_update_rmse:14.870036866082085,index:34
2026-02-12 23:39:42.150 | DEBUG    | train.trainer:train_and_evaluation:357 - velocity_update_rmse:5.461058924410079,index:34
2026-02-12 23:56:06.678 | DEBUG    | train.trainer:train_and_evaluation:347 - train_loss:-0.25272675939732125,index:35
2026-02-12 23:56:06.678 | DEBUG    | train.trainer:train_and_evaluation:349 - validation_loss:-0.26517238248056835,index:35
2026-02-12 23:56:06.678 | DEBUG    | train.trainer:train_and_evaluation:351 - location_prediction_rmse:27.490623989952937,index:35
2026-02-12 23:56:06.678 | DEBUG    | train.trainer:train_and_evaluation:353 - velocity_prediction_rmse:6.1517117584016585,index:35
2026-02-12 23:56:06.678 | DEBUG    | train.trainer:train_and_evaluation:355 - location_update_rmse:14.132513298458523,index:35
2026-02-12 23:56:06.679 | DEBUG    | train.trainer:train_and_evaluation:357 - velocity_update_rmse:5.421055059750874,index:35
2026-02-13 00:12:36.715 | DEBUG    | train.trainer:train_and_evaluation:347 - train_loss:-0.255025493701299,index:36
2026-02-13 00:12:36.716 | DEBUG    | train.trainer:train_and_evaluation:349 - validation_loss:-0.2564648248420821,index:36
2026-02-13 00:12:36.716 | DEBUG    | train.trainer:train_and_evaluation:351 - location_prediction_rmse:26.43751482942369,index:36
2026-02-13 00:12:36.716 | DEBUG    | train.trainer:train_and_evaluation:353 - velocity_prediction_rmse:5.948916087998284,index:36
2026-02-13 00:12:36.716 | DEBUG    | train.trainer:train_and_evaluation:355 - location_update_rmse:14.642839148945278,index:36
2026-02-13 00:12:36.716 | DEBUG    | train.trainer:train_and_evaluation:357 - velocity_update_rmse:5.71634159427219,index:36
2026-02-13 00:29:43.284 | DEBUG    | train.trainer:train_and_evaluation:347 - train_loss:-0.2537363949103488,index:37
2026-02-13 00:29:43.284 | DEBUG    | train.trainer:train_and_evaluation:349 - validation_loss:-0.2506635373102294,index:37
2026-02-13 00:29:43.284 | DEBUG    | train.trainer:train_and_evaluation:351 - location_prediction_rmse:29.74721187591553,index:37
2026-02-13 00:29:43.284 | DEBUG    | train.trainer:train_and_evaluation:353 - velocity_prediction_rmse:6.88980625184377,index:37
2026-02-13 00:29:43.284 | DEBUG    | train.trainer:train_and_evaluation:355 - location_update_rmse:14.711027993520101,index:37
2026-02-13 00:29:43.284 | DEBUG    | train.trainer:train_and_evaluation:357 - velocity_update_rmse:6.081958582030402,index:37
2026-02-13 00:52:45.201 | DEBUG    | train.trainer:train_and_evaluation:347 - train_loss:-0.24959396030836636,index:38
2026-02-13 00:52:45.201 | DEBUG    | train.trainer:train_and_evaluation:349 - validation_loss:-0.25805712136295106,index:38
2026-02-13 00:52:45.201 | DEBUG    | train.trainer:train_and_evaluation:351 - location_prediction_rmse:28.34172664981418,index:38
2026-02-13 00:52:45.201 | DEBUG    | train.trainer:train_and_evaluation:353 - velocity_prediction_rmse:6.452705633163452,index:38
2026-02-13 00:52:45.201 | DEBUG    | train.trainer:train_and_evaluation:355 - location_update_rmse:15.10708374288347,index:38
2026-02-13 00:52:45.201 | DEBUG    | train.trainer:train_and_evaluation:357 - velocity_update_rmse:5.767578693177965,index:38
2026-02-13 01:37:25.359 | DEBUG    | train.trainer:train_and_evaluation:347 - train_loss:-0.25580776168902714,index:39
2026-02-13 01:37:25.360 | DEBUG    | train.trainer:train_and_evaluation:349 - validation_loss:-0.2560975411136945,index:39
2026-02-13 01:37:25.360 | DEBUG    | train.trainer:train_and_evaluation:351 - location_prediction_rmse:26.51810065841675,index:39
2026-02-13 01:37:25.360 | DEBUG    | train.trainer:train_and_evaluation:353 - velocity_prediction_rmse:6.229744779374864,index:39
2026-02-13 01:37:25.360 | DEBUG    | train.trainer:train_and_evaluation:355 - location_update_rmse:14.853056395848592,index:39
2026-02-13 01:37:25.360 | DEBUG    | train.trainer:train_and_evaluation:357 - velocity_update_rmse:5.95726047261556,index:39
2026-02-13 02:22:25.955 | DEBUG    | train.trainer:train_and_evaluation:347 - train_loss:-0.2560882512927055,index:40
2026-02-13 02:22:25.956 | DEBUG    | train.trainer:train_and_evaluation:349 - validation_loss:-0.2605205237335629,index:40
2026-02-13 02:22:25.956 | DEBUG    | train.trainer:train_and_evaluation:351 - location_prediction_rmse:25.585182381947835,index:40
2026-02-13 02:22:25.956 | DEBUG    | train.trainer:train_and_evaluation:353 - velocity_prediction_rmse:5.597880041917165,index:40
2026-02-13 02:22:25.956 | DEBUG    | train.trainer:train_and_evaluation:355 - location_update_rmse:14.424600484530131,index:40
2026-02-13 02:22:25.956 | DEBUG    | train.trainer:train_and_evaluation:357 - velocity_update_rmse:5.357130573378669,index:40
2026-02-13 03:07:40.961 | DEBUG    | train.trainer:train_and_evaluation:347 - train_loss:-0.2574025656845835,index:41
2026-02-13 03:07:40.962 | DEBUG    | train.trainer:train_and_evaluation:349 - validation_loss:-0.2584971299237675,index:41
2026-02-13 03:07:40.962 | DEBUG    | train.trainer:train_and_evaluation:351 - location_prediction_rmse:26.3189003745185,index:41
2026-02-13 03:07:40.962 | DEBUG    | train.trainer:train_and_evaluation:353 - velocity_prediction_rmse:6.013166738616095,index:41
2026-02-13 03:07:40.962 | DEBUG    | train.trainer:train_and_evaluation:355 - location_update_rmse:14.355206363466051,index:41
2026-02-13 03:07:40.962 | DEBUG    | train.trainer:train_and_evaluation:357 - velocity_update_rmse:5.55447153769599,index:41
2026-02-13 03:53:13.454 | DEBUG    | train.trainer:train_and_evaluation:347 - train_loss:-0.25444558041625553,index:42
2026-02-13 03:53:13.455 | DEBUG    | train.trainer:train_and_evaluation:349 - validation_loss:-0.25910248801443314,index:42
2026-02-13 03:53:13.455 | DEBUG    | train.trainer:train_and_evaluation:351 - location_prediction_rmse:25.93553682539198,index:42
2026-02-13 03:53:13.456 | DEBUG    | train.trainer:train_and_evaluation:353 - velocity_prediction_rmse:5.8030000010596385,index:42
2026-02-13 03:53:13.456 | DEBUG    | train.trainer:train_and_evaluation:355 - location_update_rmse:14.610126517719692,index:42
2026-02-13 03:53:13.456 | DEBUG    | train.trainer:train_and_evaluation:357 - velocity_update_rmse:5.4766418720881145,index:42
2026-02-13 04:38:46.847 | DEBUG    | train.trainer:train_and_evaluation:347 - train_loss:-0.25596980740461084,index:43
2026-02-13 04:38:46.847 | DEBUG    | train.trainer:train_and_evaluation:349 - validation_loss:-0.2562317416469256,index:43
2026-02-13 04:38:46.848 | DEBUG    | train.trainer:train_and_evaluation:351 - location_prediction_rmse:26.516858487447102,index:43
2026-02-13 04:38:46.848 | DEBUG    | train.trainer:train_and_evaluation:353 - velocity_prediction_rmse:6.369284780078464,index:43
2026-02-13 04:38:46.848 | DEBUG    | train.trainer:train_and_evaluation:355 - location_update_rmse:15.07213862270779,index:43
2026-02-13 04:38:46.848 | DEBUG    | train.trainer:train_and_evaluation:357 - velocity_update_rmse:6.173507260640462,index:43
2026-02-13 05:25:10.973 | DEBUG    | train.trainer:train_and_evaluation:347 - train_loss:-0.2530563012162844,index:44
2026-02-13 05:25:10.973 | DEBUG    | train.trainer:train_and_evaluation:349 - validation_loss:-0.25109030050701564,index:44
2026-02-13 05:25:10.973 | DEBUG    | train.trainer:train_and_evaluation:351 - location_prediction_rmse:26.237815358479818,index:44
2026-02-13 05:25:10.974 | DEBUG    | train.trainer:train_and_evaluation:353 - velocity_prediction_rmse:5.9173612474865385,index:44
2026-02-13 05:25:10.974 | DEBUG    | train.trainer:train_and_evaluation:355 - location_update_rmse:14.782760988235474,index:44
2026-02-13 05:25:10.974 | DEBUG    | train.trainer:train_and_evaluation:357 - velocity_update_rmse:5.637925566673279,index:44
2026-02-13 06:10:56.664 | DEBUG    | train.trainer:train_and_evaluation:347 - train_loss:-0.2538580428146654,index:45
2026-02-13 06:10:56.664 | DEBUG    | train.trainer:train_and_evaluation:349 - validation_loss:-0.2619168039494091,index:45
2026-02-13 06:10:56.664 | DEBUG    | train.trainer:train_and_evaluation:351 - location_prediction_rmse:26.53417548116048,index:45
2026-02-13 06:10:56.664 | DEBUG    | train.trainer:train_and_evaluation:353 - velocity_prediction_rmse:5.857426509274377,index:45
2026-02-13 06:10:56.665 | DEBUG    | train.trainer:train_and_evaluation:355 - location_update_rmse:14.342855859120688,index:45
2026-02-13 06:10:56.665 | DEBUG    | train.trainer:train_and_evaluation:357 - velocity_update_rmse:5.243301517592536,index:45
2026-02-13 06:56:42.274 | DEBUG    | train.trainer:train_and_evaluation:347 - train_loss:-0.2561927093019088,index:46
2026-02-13 06:56:42.275 | DEBUG    | train.trainer:train_and_evaluation:349 - validation_loss:-0.2656794723802143,index:46
2026-02-13 06:56:42.276 | DEBUG    | train.trainer:train_and_evaluation:351 - location_prediction_rmse:26.456847226460773,index:46
2026-02-13 06:56:42.276 | DEBUG    | train.trainer:train_and_evaluation:353 - velocity_prediction_rmse:5.685520749727885,index:46
2026-02-13 06:56:42.276 | DEBUG    | train.trainer:train_and_evaluation:355 - location_update_rmse:14.880822931713528,index:46
2026-02-13 06:56:42.276 | DEBUG    | train.trainer:train_and_evaluation:357 - velocity_update_rmse:5.2491234285036725,index:46
2026-02-13 07:42:29.236 | DEBUG    | train.trainer:train_and_evaluation:347 - train_loss:-0.25523398889104526,index:47
2026-02-13 07:42:29.236 | DEBUG    | train.trainer:train_and_evaluation:349 - validation_loss:-0.2501551292075051,index:47
2026-02-13 07:42:29.236 | DEBUG    | train.trainer:train_and_evaluation:351 - location_prediction_rmse:26.794104001786973,index:47
2026-02-13 07:42:29.236 | DEBUG    | train.trainer:train_and_evaluation:353 - velocity_prediction_rmse:6.4562303647995,index:47
2026-02-13 07:42:29.236 | DEBUG    | train.trainer:train_and_evaluation:355 - location_update_rmse:14.89722434118059,index:47
2026-02-13 07:42:29.236 | DEBUG    | train.trainer:train_and_evaluation:357 - velocity_update_rmse:6.577296391699049,index:47
2026-02-13 08:25:26.979 | DEBUG    | train.trainer:train_and_evaluation:347 - train_loss:-0.2581100893765688,index:48
2026-02-13 08:25:26.979 | DEBUG    | train.trainer:train_and_evaluation:349 - validation_loss:-0.2634873738884926,index:48
2026-02-13 08:25:26.979 | DEBUG    | train.trainer:train_and_evaluation:351 - location_prediction_rmse:27.039265872531466,index:48
2026-02-13 08:25:26.979 | DEBUG    | train.trainer:train_and_evaluation:353 - velocity_prediction_rmse:5.866503839545779,index:48
2026-02-13 08:25:26.980 | DEBUG    | train.trainer:train_and_evaluation:355 - location_update_rmse:14.956934397379557,index:48
2026-02-13 08:25:26.980 | DEBUG    | train.trainer:train_and_evaluation:357 - velocity_update_rmse:5.439417957729764,index:48
2026-02-13 09:09:25.910 | DEBUG    | train.trainer:train_and_evaluation:347 - train_loss:-0.2559659139762322,index:49
2026-02-13 09:09:25.910 | DEBUG    | train.trainer:train_and_evaluation:349 - validation_loss:-0.263177327407731,index:49
2026-02-13 09:09:25.910 | DEBUG    | train.trainer:train_and_evaluation:351 - location_prediction_rmse:27.36041554811266,index:49
2026-02-13 09:09:25.910 | DEBUG    | train.trainer:train_and_evaluation:353 - velocity_prediction_rmse:5.986701883845859,index:49
2026-02-13 09:09:25.911 | DEBUG    | train.trainer:train_and_evaluation:355 - location_update_rmse:14.946428625742595,index:49
2026-02-13 09:09:25.911 | DEBUG    | train.trainer:train_and_evaluation:357 - velocity_update_rmse:5.792818915155199,index:49
2026-02-13 15:08:51.208 | DEBUG    | train.trainer:train_and_evaluation:347 - train_loss:-0.252861811104748,index:0
2026-02-13 15:08:51.209 | DEBUG    | train.trainer:train_and_evaluation:349 - validation_loss:-0.25912825966543623,index:0
2026-02-13 15:08:51.209 | DEBUG    | train.trainer:train_and_evaluation:351 - location_prediction_rmse:33.94181514146593,index:0
2026-02-13 15:08:51.209 | DEBUG    | train.trainer:train_and_evaluation:353 - velocity_prediction_rmse:7.19773680697547,index:0
2026-02-13 15:08:51.209 | DEBUG    | train.trainer:train_and_evaluation:355 - location_update_rmse:14.471255164040459,index:0
2026-02-13 15:08:51.209 | DEBUG    | train.trainer:train_and_evaluation:357 - velocity_update_rmse:5.266541259765625,index:0
2026-02-13 15:35:46.175 | DEBUG    | train.trainer:train_and_evaluation:347 - train_loss:-0.2509544377889898,index:1
2026-02-13 15:35:46.175 | DEBUG    | train.trainer:train_and_evaluation:349 - validation_loss:-0.2448029343618287,index:1
2026-02-13 15:35:46.176 | DEBUG    | train.trainer:train_and_evaluation:351 - location_prediction_rmse:32.91952747684055,index:1
2026-02-13 15:35:46.176 | DEBUG    | train.trainer:train_and_evaluation:353 - velocity_prediction_rmse:7.128115373823378,index:1
2026-02-13 15:35:46.176 | DEBUG    | train.trainer:train_and_evaluation:355 - location_update_rmse:15.077204629474217,index:1
2026-02-13 15:35:46.177 | DEBUG    | train.trainer:train_and_evaluation:357 - velocity_update_rmse:5.884789790577359,index:1
2026-02-13 16:01:45.137 | DEBUG    | train.trainer:train_and_evaluation:347 - train_loss:-0.2516122800277339,index:2
2026-02-13 16:01:45.137 | DEBUG    | train.trainer:train_and_evaluation:349 - validation_loss:-0.25560152653853097,index:2
2026-02-13 16:01:45.138 | DEBUG    | train.trainer:train_and_evaluation:351 - location_prediction_rmse:30.735642436557345,index:2
2026-02-13 16:01:45.138 | DEBUG    | train.trainer:train_and_evaluation:353 - velocity_prediction_rmse:6.409458402368758,index:2
2026-02-13 16:01:45.138 | DEBUG    | train.trainer:train_and_evaluation:355 - location_update_rmse:14.375716017511156,index:2
2026-02-13 16:01:45.139 | DEBUG    | train.trainer:train_and_evaluation:357 - velocity_update_rmse:5.4275893529786,index:2
2026-02-13 16:33:52.194 | DEBUG    | train.trainer:train_and_evaluation:347 - train_loss:-0.2516569683816698,index:3
2026-02-13 16:33:52.195 | DEBUG    | train.trainer:train_and_evaluation:349 - validation_loss:-0.2546021841565768,index:3
2026-02-13 16:33:52.195 | DEBUG    | train.trainer:train_and_evaluation:351 - location_prediction_rmse:31.386356436835396,index:3
2026-02-13 16:33:52.195 | DEBUG    | train.trainer:train_and_evaluation:353 - velocity_prediction_rmse:6.462694604131911,index:3
2026-02-13 16:33:52.196 | DEBUG    | train.trainer:train_and_evaluation:355 - location_update_rmse:14.730285458140903,index:3
2026-02-13 16:33:52.196 | DEBUG    | train.trainer:train_and_evaluation:357 - velocity_update_rmse:5.566323393185933,index:3
2026-02-13 17:06:31.970 | DEBUG    | train.trainer:train_and_evaluation:347 - train_loss:-0.2547861994278955,index:0
2026-02-13 17:06:31.970 | DEBUG    | train.trainer:train_and_evaluation:349 - validation_loss:-0.2572261527278921,index:0
2026-02-13 17:06:31.971 | DEBUG    | train.trainer:train_and_evaluation:351 - location_prediction_rmse:28.71150175031725,index:0
2026-02-13 17:06:31.971 | DEBUG    | train.trainer:train_and_evaluation:353 - velocity_prediction_rmse:7.114333028216938,index:0
2026-02-13 17:06:31.971 | DEBUG    | train.trainer:train_and_evaluation:355 - location_update_rmse:20.283104808094738,index:0
2026-02-13 17:06:31.971 | DEBUG    | train.trainer:train_and_evaluation:357 - velocity_update_rmse:7.504445144003564,index:0
2026-02-13 17:20:44.292 | DEBUG    | train.trainer:train_and_evaluation:347 - train_loss:-0.2541316668640126,index:1
2026-02-13 17:20:44.293 | DEBUG    | train.trainer:train_and_evaluation:349 - validation_loss:-0.2550974748160813,index:1
2026-02-13 17:20:44.293 | DEBUG    | train.trainer:train_and_evaluation:351 - location_prediction_rmse:28.75929400433551,index:1
2026-02-13 17:20:44.294 | DEBUG    | train.trainer:train_and_evaluation:353 - velocity_prediction_rmse:7.093973068928981,index:1
2026-02-13 17:20:44.294 | DEBUG    | train.trainer:train_and_evaluation:355 - location_update_rmse:20.357971696958437,index:1
2026-02-13 17:20:44.294 | DEBUG    | train.trainer:train_and_evaluation:357 - velocity_update_rmse:7.670365765644954,index:1
2026-02-13 17:45:47.180 | DEBUG    | train.trainer:train_and_evaluation:347 - train_loss:-0.2551226196053264,index:2
2026-02-13 17:45:47.180 | DEBUG    | train.trainer:train_and_evaluation:349 - validation_loss:-0.2565797019987316,index:2
2026-02-13 17:45:47.181 | DEBUG    | train.trainer:train_and_evaluation:351 - location_prediction_rmse:29.701105042342302,index:2
2026-02-13 17:45:47.181 | DEBUG    | train.trainer:train_and_evaluation:353 - velocity_prediction_rmse:7.5511186535803825,index:2
2026-02-13 17:45:47.181 | DEBUG    | train.trainer:train_and_evaluation:355 - location_update_rmse:21.17252957082057,index:2
2026-02-13 17:45:47.182 | DEBUG    | train.trainer:train_and_evaluation:357 - velocity_update_rmse:8.516921607845433,index:2
2026-02-13 18:10:32.614 | DEBUG    | train.trainer:train_and_evaluation:347 - train_loss:-0.2539085554225104,index:3
2026-02-13 18:10:32.614 | DEBUG    | train.trainer:train_and_evaluation:349 - validation_loss:-0.2537288310960099,index:3
2026-02-13 18:10:32.614 | DEBUG    | train.trainer:train_and_evaluation:351 - location_prediction_rmse:29.539435654944118,index:3
2026-02-13 18:10:32.615 | DEBUG    | train.trainer:train_and_evaluation:353 - velocity_prediction_rmse:7.332034328062456,index:3
2026-02-13 18:10:32.615 | DEBUG    | train.trainer:train_and_evaluation:355 - location_update_rmse:20.780928821354124,index:3
2026-02-13 18:10:32.616 | DEBUG    | train.trainer:train_and_evaluation:357 - velocity_update_rmse:8.586915587121315,index:3
2026-02-13 18:35:02.347 | DEBUG    | train.trainer:train_and_evaluation:347 - train_loss:-0.25476423038394896,index:4
2026-02-13 18:35:02.347 | DEBUG    | train.trainer:train_and_evaluation:349 - validation_loss:-0.26594180169996323,index:4
2026-02-13 18:35:02.348 | DEBUG    | train.trainer:train_and_evaluation:351 - location_prediction_rmse:26.92388465273511,index:4
2026-02-13 18:35:02.348 | DEBUG    | train.trainer:train_and_evaluation:353 - velocity_prediction_rmse:5.965588049521813,index:4
2026-02-13 18:35:02.348 | DEBUG    | train.trainer:train_and_evaluation:355 - location_update_rmse:20.549122561360452,index:4
2026-02-13 18:35:02.349 | DEBUG    | train.trainer:train_and_evaluation:357 - velocity_update_rmse:7.920225077094613,index:4
2026-02-13 18:59:12.218 | DEBUG    | train.trainer:train_and_evaluation:347 - train_loss:-0.25470096155346095,index:5
2026-02-13 18:59:12.218 | DEBUG    | train.trainer:train_and_evaluation:349 - validation_loss:-0.2591873293263572,index:5
2026-02-13 18:59:12.219 | DEBUG    | train.trainer:train_and_evaluation:351 - location_prediction_rmse:26.352506930801894,index:5
2026-02-13 18:59:12.219 | DEBUG    | train.trainer:train_and_evaluation:353 - velocity_prediction_rmse:5.223692573715042,index:5
2026-02-13 18:59:12.220 | DEBUG    | train.trainer:train_and_evaluation:355 - location_update_rmse:20.581695974790133,index:5
2026-02-13 18:59:12.220 | DEBUG    | train.trainer:train_and_evaluation:357 - velocity_update_rmse:7.471898064560943,index:5
2026-02-13 19:23:32.426 | DEBUG    | train.trainer:train_and_evaluation:347 - train_loss:-0.2563712186669255,index:6
2026-02-13 19:23:32.427 | DEBUG    | train.trainer:train_and_evaluation:349 - validation_loss:-0.2707438674208882,index:6
2026-02-13 19:23:32.427 | DEBUG    | train.trainer:train_and_evaluation:351 - location_prediction_rmse:26.219934005737304,index:6
2026-02-13 19:23:32.427 | DEBUG    | train.trainer:train_and_evaluation:353 - velocity_prediction_rmse:5.730250907625471,index:6
2026-02-13 19:23:32.428 | DEBUG    | train.trainer:train_and_evaluation:355 - location_update_rmse:20.971012276659955,index:6
2026-02-13 19:23:32.428 | DEBUG    | train.trainer:train_and_evaluation:357 - velocity_update_rmse:7.885670441533183,index:6
2026-02-13 19:47:26.317 | DEBUG    | train.trainer:train_and_evaluation:347 - train_loss:-0.2534001104746546,index:7
2026-02-13 19:47:26.317 | DEBUG    | train.trainer:train_and_evaluation:349 - validation_loss:-0.2551139832459963,index:7
2026-02-13 19:47:26.318 | DEBUG    | train.trainer:train_and_evaluation:351 - location_prediction_rmse:27.166332399976124,index:7
2026-02-13 19:47:26.318 | DEBUG    | train.trainer:train_and_evaluation:353 - velocity_prediction_rmse:5.731843433222928,index:7
2026-02-13 19:47:26.318 | DEBUG    | train.trainer:train_and_evaluation:355 - location_update_rmse:20.664906814072157,index:7
2026-02-13 19:47:26.319 | DEBUG    | train.trainer:train_and_evaluation:357 - velocity_update_rmse:8.688609135910704,index:7
2026-02-13 20:11:37.836 | DEBUG    | train.trainer:train_and_evaluation:347 - train_loss:-0.2507075126780258,index:8
2026-02-13 20:11:37.837 | DEBUG    | train.trainer:train_and_evaluation:349 - validation_loss:-0.24723083137155888,index:8
2026-02-13 20:11:37.837 | DEBUG    | train.trainer:train_and_evaluation:351 - location_prediction_rmse:26.961112297603062,index:8
2026-02-13 20:11:37.838 | DEBUG    | train.trainer:train_and_evaluation:353 - velocity_prediction_rmse:5.949388055224995,index:8
2026-02-13 20:11:37.838 | DEBUG    | train.trainer:train_and_evaluation:355 - location_update_rmse:21.100027678772644,index:8
2026-02-13 20:11:37.838 | DEBUG    | train.trainer:train_and_evaluation:357 - velocity_update_rmse:9.159213025229318,index:8
2026-02-13 20:36:19.088 | DEBUG    | train.trainer:train_and_evaluation:347 - train_loss:-0.25280142879256834,index:9
2026-02-13 20:36:19.089 | DEBUG    | train.trainer:train_and_evaluation:349 - validation_loss:-0.25460909652840963,index:9
2026-02-13 20:36:19.089 | DEBUG    | train.trainer:train_and_evaluation:351 - location_prediction_rmse:25.361319899297023,index:9
2026-02-13 20:36:19.090 | DEBUG    | train.trainer:train_and_evaluation:353 - velocity_prediction_rmse:5.42131565948109,index:9
2026-02-13 20:36:19.090 | DEBUG    | train.trainer:train_and_evaluation:355 - location_update_rmse:21.040393908364432,index:9
2026-02-13 20:36:19.090 | DEBUG    | train.trainer:train_and_evaluation:357 - velocity_update_rmse:8.656949754232889,index:9
2026-02-13 21:00:59.975 | DEBUG    | train.trainer:train_and_evaluation:347 - train_loss:-0.2547641662369063,index:10
2026-02-13 21:00:59.975 | DEBUG    | train.trainer:train_and_evaluation:349 - validation_loss:-0.25730249205788414,index:10
2026-02-13 21:00:59.975 | DEBUG    | train.trainer:train_and_evaluation:351 - location_prediction_rmse:24.21500945353246,index:10
2026-02-13 21:00:59.976 | DEBUG    | train.trainer:train_and_evaluation:353 - velocity_prediction_rmse:5.003835286570119,index:10
2026-02-13 21:00:59.976 | DEBUG    | train.trainer:train_and_evaluation:355 - location_update_rmse:21.84663633598076,index:10
2026-02-13 21:00:59.977 | DEBUG    | train.trainer:train_and_evaluation:357 - velocity_update_rmse:8.436004994256155,index:10
2026-02-13 21:24:30.115 | DEBUG    | train.trainer:train_and_evaluation:347 - train_loss:-0.2534267070447351,index:11
2026-02-13 21:24:30.115 | DEBUG    | train.trainer:train_and_evaluation:349 - validation_loss:-0.2562225751824431,index:11
2026-02-13 21:24:30.115 | DEBUG    | train.trainer:train_and_evaluation:351 - location_prediction_rmse:23.054983147631635,index:11
2026-02-13 21:24:30.115 | DEBUG    | train.trainer:train_and_evaluation:353 - velocity_prediction_rmse:4.865223249341105,index:11
2026-02-13 21:24:30.115 | DEBUG    | train.trainer:train_and_evaluation:355 - location_update_rmse:20.814096966418592,index:11
2026-02-13 21:24:30.115 | DEBUG    | train.trainer:train_and_evaluation:357 - velocity_update_rmse:7.873554502005105,index:11
2026-02-13 21:35:54.447 | DEBUG    | train.trainer:train_and_evaluation:347 - train_loss:-0.254047956934997,index:12
2026-02-13 21:35:54.447 | DEBUG    | train.trainer:train_and_evaluation:349 - validation_loss:-0.2480181962972159,index:12
2026-02-13 21:35:54.448 | DEBUG    | train.trainer:train_and_evaluation:351 - location_prediction_rmse:25.159952698173104,index:12
2026-02-13 21:35:54.448 | DEBUG    | train.trainer:train_and_evaluation:353 - velocity_prediction_rmse:5.836879348964482,index:12
2026-02-13 21:35:54.448 | DEBUG    | train.trainer:train_and_evaluation:355 - location_update_rmse:22.095786823440385,index:12
2026-02-13 21:35:54.448 | DEBUG    | train.trainer:train_and_evaluation:357 - velocity_update_rmse:9.07977169246464,index:12
2026-02-13 21:56:30.637 | DEBUG    | train.trainer:train_and_evaluation:346 - train_loss:-0.16943252988054755,index:0
2026-02-13 21:56:30.638 | DEBUG    | train.trainer:train_and_evaluation:348 - validation_loss:-0.21529025966977025,index:0
2026-02-13 21:56:30.638 | DEBUG    | train.trainer:train_and_evaluation:350 - location_prediction_rmse:33.47119505410666,index:0
2026-02-13 21:56:30.638 | DEBUG    | train.trainer:train_and_evaluation:352 - velocity_prediction_rmse:8.438770810535976,index:0
2026-02-13 21:56:30.638 | DEBUG    | train.trainer:train_and_evaluation:354 - location_update_rmse:21.977722957108046,index:0
2026-02-13 21:56:30.638 | DEBUG    | train.trainer:train_and_evaluation:356 - velocity_update_rmse:7.566928492011605,index:0
2026-02-13 22:17:29.806 | DEBUG    | train.trainer:train_and_evaluation:346 - train_loss:-0.2480229231363142,index:1
2026-02-13 22:17:29.806 | DEBUG    | train.trainer:train_and_evaluation:348 - validation_loss:-0.23953128203585908,index:1
2026-02-13 22:17:29.806 | DEBUG    | train.trainer:train_and_evaluation:350 - location_prediction_rmse:33.13392313904815,index:1
2026-02-13 22:17:29.807 | DEBUG    | train.trainer:train_and_evaluation:352 - velocity_prediction_rmse:8.614111057637812,index:1
2026-02-13 22:17:29.807 | DEBUG    | train.trainer:train_and_evaluation:354 - location_update_rmse:21.658008796775736,index:1
2026-02-13 22:17:29.807 | DEBUG    | train.trainer:train_and_evaluation:356 - velocity_update_rmse:7.38837623334193,index:1
2026-02-13 22:36:59.491 | DEBUG    | train.trainer:train_and_evaluation:346 - train_loss:-0.2539298453153326,index:2
2026-02-13 22:36:59.491 | DEBUG    | train.trainer:train_and_evaluation:348 - validation_loss:-0.25473298157964436,index:2
2026-02-13 22:36:59.491 | DEBUG    | train.trainer:train_and_evaluation:350 - location_prediction_rmse:29.133047095078688,index:2
2026-02-13 22:36:59.492 | DEBUG    | train.trainer:train_and_evaluation:352 - velocity_prediction_rmse:6.321934849927714,index:2
2026-02-13 22:36:59.492 | DEBUG    | train.trainer:train_and_evaluation:354 - location_update_rmse:21.650270583603408,index:2
2026-02-13 22:36:59.492 | DEBUG    | train.trainer:train_and_evaluation:356 - velocity_update_rmse:6.5236189359099,index:2
2026-02-13 22:47:57.897 | DEBUG    | train.trainer:train_and_evaluation:346 - train_loss:-0.2542489670610035,index:3
2026-02-13 22:47:57.897 | DEBUG    | train.trainer:train_and_evaluation:348 - validation_loss:-0.2053556248480147,index:3
2026-02-13 22:47:57.897 | DEBUG    | train.trainer:train_and_evaluation:350 - location_prediction_rmse:45.88223603468675,index:3
2026-02-13 22:47:57.897 | DEBUG    | train.trainer:train_and_evaluation:352 - velocity_prediction_rmse:15.853993642827966,index:3
2026-02-13 22:47:57.897 | DEBUG    | train.trainer:train_and_evaluation:354 - location_update_rmse:23.462268369486043,index:3
2026-02-13 22:47:57.898 | DEBUG    | train.trainer:train_and_evaluation:356 - velocity_update_rmse:14.880727533403334,index:3
2026-02-13 22:59:10.746 | DEBUG    | train.trainer:train_and_evaluation:346 - train_loss:-0.22563279585999815,index:4
2026-02-13 22:59:10.746 | DEBUG    | train.trainer:train_and_evaluation:348 - validation_loss:-0.16317719847547238,index:4
2026-02-13 22:59:10.747 | DEBUG    | train.trainer:train_and_evaluation:350 - location_prediction_rmse:40.571958874712934,index:4
2026-02-13 22:59:10.747 | DEBUG    | train.trainer:train_and_evaluation:352 - velocity_prediction_rmse:13.872188567486438,index:4
2026-02-13 22:59:10.747 | DEBUG    | train.trainer:train_and_evaluation:354 - location_update_rmse:23.69861712591989,index:4
2026-02-13 22:59:10.747 | DEBUG    | train.trainer:train_and_evaluation:356 - velocity_update_rmse:15.033006192301656,index:4
2026-02-13 23:10:22.789 | DEBUG    | train.trainer:train_and_evaluation:346 - train_loss:-0.19798765625078027,index:5
2026-02-13 23:10:22.789 | DEBUG    | train.trainer:train_and_evaluation:348 - validation_loss:-0.20223769320400206,index:5
2026-02-13 23:10:22.790 | DEBUG    | train.trainer:train_and_evaluation:350 - location_prediction_rmse:31.500745284531142,index:5
2026-02-13 23:10:22.790 | DEBUG    | train.trainer:train_and_evaluation:352 - velocity_prediction_rmse:7.506752931783487,index:5
2026-02-13 23:10:22.791 | DEBUG    | train.trainer:train_and_evaluation:354 - location_update_rmse:22.84969310110742,index:5
2026-02-13 23:10:22.791 | DEBUG    | train.trainer:train_and_evaluation:356 - velocity_update_rmse:8.22687414095952,index:5
2026-02-13 23:21:33.158 | DEBUG    | train.trainer:train_and_evaluation:346 - train_loss:-0.19947525675193623,index:6
2026-02-13 23:21:33.158 | DEBUG    | train.trainer:train_and_evaluation:348 - validation_loss:-0.2081110420659348,index:6
2026-02-13 23:21:33.158 | DEBUG    | train.trainer:train_and_evaluation:350 - location_prediction_rmse:39.787578674148726,index:6
2026-02-13 23:21:33.159 | DEBUG    | train.trainer:train_and_evaluation:352 - velocity_prediction_rmse:15.666245356130077,index:6
2026-02-13 23:21:33.159 | DEBUG    | train.trainer:train_and_evaluation:354 - location_update_rmse:23.066328934260778,index:6
2026-02-13 23:21:33.159 | DEBUG    | train.trainer:train_and_evaluation:356 - velocity_update_rmse:13.915183931497427,index:6
2026-02-13 23:32:45.581 | DEBUG    | train.trainer:train_and_evaluation:346 - train_loss:-0.22123547622770234,index:7
2026-02-13 23:32:45.582 | DEBUG    | train.trainer:train_and_evaluation:348 - validation_loss:-0.19426271352794144,index:7
2026-02-13 23:32:45.582 | DEBUG    | train.trainer:train_and_evaluation:350 - location_prediction_rmse:36.92298113477099,index:7
2026-02-13 23:32:45.582 | DEBUG    | train.trainer:train_and_evaluation:352 - velocity_prediction_rmse:9.036156210532555,index:7
2026-02-13 23:32:45.582 | DEBUG    | train.trainer:train_and_evaluation:354 - location_update_rmse:23.246618154756316,index:7
2026-02-13 23:32:45.582 | DEBUG    | train.trainer:train_and_evaluation:356 - velocity_update_rmse:12.88283168247768,index:7
2026-02-13 23:43:55.342 | DEBUG    | train.trainer:train_and_evaluation:346 - train_loss:-0.199359561671595,index:8
2026-02-13 23:43:55.342 | DEBUG    | train.trainer:train_and_evaluation:348 - validation_loss:-0.19127643645874093,index:8
2026-02-13 23:43:55.343 | DEBUG    | train.trainer:train_and_evaluation:350 - location_prediction_rmse:33.28642762529981,index:8
2026-02-13 23:43:55.343 | DEBUG    | train.trainer:train_and_evaluation:352 - velocity_prediction_rmse:9.531119856048416,index:8
2026-02-13 23:43:55.343 | DEBUG    | train.trainer:train_and_evaluation:354 - location_update_rmse:22.438750069377186,index:8
2026-02-13 23:43:55.343 | DEBUG    | train.trainer:train_and_evaluation:356 - velocity_update_rmse:10.810184554844112,index:8
2026-02-13 23:55:00.762 | DEBUG    | train.trainer:train_and_evaluation:346 - train_loss:-0.1894913449297035,index:9
2026-02-13 23:55:00.762 | DEBUG    | train.trainer:train_and_evaluation:348 - validation_loss:-0.17876381528082785,index:9
2026-02-13 23:55:00.763 | DEBUG    | train.trainer:train_and_evaluation:350 - location_prediction_rmse:36.67278348650251,index:9
2026-02-13 23:55:00.763 | DEBUG    | train.trainer:train_and_evaluation:352 - velocity_prediction_rmse:10.827460868437212,index:9
2026-02-13 23:55:00.763 | DEBUG    | train.trainer:train_and_evaluation:354 - location_update_rmse:23.1689397417844,index:9
2026-02-13 23:55:00.763 | DEBUG    | train.trainer:train_and_evaluation:356 - velocity_update_rmse:12.111951396439101,index:9
2026-02-14 00:06:07.012 | DEBUG    | train.trainer:train_and_evaluation:346 - train_loss:-0.20074740778163566,index:10
2026-02-14 00:06:07.012 | DEBUG    | train.trainer:train_and_evaluation:348 - validation_loss:-0.17830441119906668,index:10
2026-02-14 00:06:07.013 | DEBUG    | train.trainer:train_and_evaluation:350 - location_prediction_rmse:36.29606777358841,index:10
2026-02-14 00:06:07.013 | DEBUG    | train.trainer:train_and_evaluation:352 - velocity_prediction_rmse:10.373696641083603,index:10
2026-02-14 00:06:07.013 | DEBUG    | train.trainer:train_and_evaluation:354 - location_update_rmse:23.265389641353064,index:10
2026-02-14 00:06:07.013 | DEBUG    | train.trainer:train_and_evaluation:356 - velocity_update_rmse:14.488881173395848,index:10
2026-02-14 00:17:13.960 | DEBUG    | train.trainer:train_and_evaluation:346 - train_loss:-0.20383056223177565,index:11
2026-02-14 00:17:13.960 | DEBUG    | train.trainer:train_and_evaluation:348 - validation_loss:-0.21276603828092197,index:11
2026-02-14 00:17:13.961 | DEBUG    | train.trainer:train_and_evaluation:350 - location_prediction_rmse:27.829546220381182,index:11
2026-02-14 00:17:13.961 | DEBUG    | train.trainer:train_and_evaluation:352 - velocity_prediction_rmse:5.535349784473796,index:11
2026-02-14 00:17:13.961 | DEBUG    | train.trainer:train_and_evaluation:354 - location_update_rmse:21.849038335360014,index:11
2026-02-14 00:17:13.961 | DEBUG    | train.trainer:train_and_evaluation:356 - velocity_update_rmse:9.314924290416005,index:11
2026-02-14 00:28:39.425 | DEBUG    | train.trainer:train_and_evaluation:346 - train_loss:-0.20571004029644838,index:12
2026-02-14 00:28:39.425 | DEBUG    | train.trainer:train_and_evaluation:348 - validation_loss:-0.21357919584263813,index:12
2026-02-14 00:28:39.425 | DEBUG    | train.trainer:train_and_evaluation:350 - location_prediction_rmse:26.795733581794487,index:12
2026-02-14 00:28:39.425 | DEBUG    | train.trainer:train_and_evaluation:352 - velocity_prediction_rmse:5.440217352856647,index:12
2026-02-14 00:28:39.426 | DEBUG    | train.trainer:train_and_evaluation:354 - location_update_rmse:21.172712899511986,index:12
2026-02-14 00:28:39.426 | DEBUG    | train.trainer:train_and_evaluation:356 - velocity_update_rmse:7.344400855368311,index:12
2026-02-14 00:40:01.228 | DEBUG    | train.trainer:train_and_evaluation:346 - train_loss:-0.20781175842488206,index:13
2026-02-14 00:40:01.229 | DEBUG    | train.trainer:train_and_evaluation:348 - validation_loss:-0.20263695767947607,index:13
2026-02-14 00:40:01.229 | DEBUG    | train.trainer:train_and_evaluation:350 - location_prediction_rmse:36.05519696120378,index:13
2026-02-14 00:40:01.229 | DEBUG    | train.trainer:train_and_evaluation:352 - velocity_prediction_rmse:11.616723372386051,index:13
2026-02-14 00:40:01.229 | DEBUG    | train.trainer:train_and_evaluation:354 - location_update_rmse:23.37271848175552,index:13
2026-02-14 00:40:01.230 | DEBUG    | train.trainer:train_and_evaluation:356 - velocity_update_rmse:12.197807356865852,index:13
2026-02-14 00:51:17.480 | DEBUG    | train.trainer:train_and_evaluation:346 - train_loss:-0.2087688751821662,index:14
2026-02-14 00:51:17.480 | DEBUG    | train.trainer:train_and_evaluation:348 - validation_loss:-0.2159936569418226,index:14
2026-02-14 00:51:17.480 | DEBUG    | train.trainer:train_and_evaluation:350 - location_prediction_rmse:27.259199006636063,index:14
2026-02-14 00:51:17.481 | DEBUG    | train.trainer:train_and_evaluation:352 - velocity_prediction_rmse:8.8650684766455,index:14
2026-02-14 00:51:17.481 | DEBUG    | train.trainer:train_and_evaluation:354 - location_update_rmse:22.116210649930515,index:14
2026-02-14 00:51:17.481 | DEBUG    | train.trainer:train_and_evaluation:356 - velocity_update_rmse:10.44067083631243,index:14
2026-02-14 01:02:32.712 | DEBUG    | train.trainer:train_and_evaluation:346 - train_loss:-0.20138264807243064,index:15
2026-02-14 01:02:32.712 | DEBUG    | train.trainer:train_and_evaluation:348 - validation_loss:-0.201460906293366,index:15
2026-02-14 01:02:32.712 | DEBUG    | train.trainer:train_and_evaluation:350 - location_prediction_rmse:26.19053586268163,index:15
2026-02-14 01:02:32.712 | DEBUG    | train.trainer:train_and_evaluation:352 - velocity_prediction_rmse:7.609294594984788,index:15
2026-02-14 01:02:32.713 | DEBUG    | train.trainer:train_and_evaluation:354 - location_update_rmse:21.60174715398432,index:15
2026-02-14 01:02:32.713 | DEBUG    | train.trainer:train_and_evaluation:356 - velocity_update_rmse:8.078667090279716,index:15
2026-02-14 01:13:52.917 | DEBUG    | train.trainer:train_and_evaluation:346 - train_loss:-0.2051578469118001,index:16
2026-02-14 01:13:52.917 | DEBUG    | train.trainer:train_and_evaluation:348 - validation_loss:-0.2108351510304671,index:16
2026-02-14 01:13:52.917 | DEBUG    | train.trainer:train_and_evaluation:350 - location_prediction_rmse:28.36081559401292,index:16
2026-02-14 01:13:52.917 | DEBUG    | train.trainer:train_and_evaluation:352 - velocity_prediction_rmse:7.445276694454989,index:16
2026-02-14 01:13:52.918 | DEBUG    | train.trainer:train_and_evaluation:354 - location_update_rmse:22.03887493783301,index:16
2026-02-14 01:13:52.918 | DEBUG    | train.trainer:train_and_evaluation:356 - velocity_update_rmse:7.810974906984266,index:16
2026-02-14 01:25:10.029 | DEBUG    | train.trainer:train_and_evaluation:346 - train_loss:-0.20686680148729214,index:17
2026-02-14 01:25:10.030 | DEBUG    | train.trainer:train_and_evaluation:348 - validation_loss:-0.20726691404214273,index:17
2026-02-14 01:25:10.030 | DEBUG    | train.trainer:train_and_evaluation:350 - location_prediction_rmse:26.147323498149493,index:17
2026-02-14 01:25:10.030 | DEBUG    | train.trainer:train_and_evaluation:352 - velocity_prediction_rmse:8.436698244115808,index:17
2026-02-14 01:25:10.030 | DEBUG    | train.trainer:train_and_evaluation:354 - location_update_rmse:21.777983496529714,index:17
2026-02-14 01:25:10.030 | DEBUG    | train.trainer:train_and_evaluation:356 - velocity_update_rmse:8.100065648634356,index:17
2026-02-14 01:36:27.357 | DEBUG    | train.trainer:train_and_evaluation:346 - train_loss:-0.20557298119701856,index:18
2026-02-14 01:36:27.358 | DEBUG    | train.trainer:train_and_evaluation:348 - validation_loss:-0.20874262687924144,index:18
2026-02-14 01:36:27.358 | DEBUG    | train.trainer:train_and_evaluation:350 - location_prediction_rmse:26.381414488069304,index:18
2026-02-14 01:36:27.358 | DEBUG    | train.trainer:train_and_evaluation:352 - velocity_prediction_rmse:7.34175344813001,index:18
2026-02-14 01:36:27.358 | DEBUG    | train.trainer:train_and_evaluation:354 - location_update_rmse:21.109163271935433,index:18
2026-02-14 01:36:27.358 | DEBUG    | train.trainer:train_and_evaluation:356 - velocity_update_rmse:6.929795187331818,index:18
2026-02-14 01:47:49.354 | DEBUG    | train.trainer:train_and_evaluation:346 - train_loss:-0.21638007309246848,index:19
2026-02-14 01:47:49.355 | DEBUG    | train.trainer:train_and_evaluation:348 - validation_loss:-0.21618325144380005,index:19
2026-02-14 01:47:49.355 | DEBUG    | train.trainer:train_and_evaluation:350 - location_prediction_rmse:27.311709710005875,index:19
2026-02-14 01:47:49.356 | DEBUG    | train.trainer:train_and_evaluation:352 - velocity_prediction_rmse:9.31373115508111,index:19
2026-02-14 01:47:49.356 | DEBUG    | train.trainer:train_and_evaluation:354 - location_update_rmse:21.96564583495423,index:19
2026-02-14 01:47:49.356 | DEBUG    | train.trainer:train_and_evaluation:356 - velocity_update_rmse:8.635571417756132,index:19
2026-02-14 01:59:04.858 | DEBUG    | train.trainer:train_and_evaluation:346 - train_loss:-0.21918618199589487,index:20
2026-02-14 01:59:04.859 | DEBUG    | train.trainer:train_and_evaluation:348 - validation_loss:-0.19812053377811725,index:20
2026-02-14 01:59:04.859 | DEBUG    | train.trainer:train_and_evaluation:350 - location_prediction_rmse:32.5668254336682,index:20
2026-02-14 01:59:04.859 | DEBUG    | train.trainer:train_and_evaluation:352 - velocity_prediction_rmse:12.560592362749707,index:20
2026-02-14 01:59:04.859 | DEBUG    | train.trainer:train_and_evaluation:354 - location_update_rmse:23.459766007098523,index:20
2026-02-14 01:59:04.859 | DEBUG    | train.trainer:train_and_evaluation:356 - velocity_update_rmse:13.96151901098398,index:20
2026-02-14 02:10:34.168 | DEBUG    | train.trainer:train_and_evaluation:346 - train_loss:-0.2170347600565343,index:21
2026-02-14 02:10:34.169 | DEBUG    | train.trainer:train_and_evaluation:348 - validation_loss:-0.1990686631497446,index:21
2026-02-14 02:10:34.169 | DEBUG    | train.trainer:train_and_evaluation:350 - location_prediction_rmse:36.49535838116656,index:21
2026-02-14 02:10:34.169 | DEBUG    | train.trainer:train_and_evaluation:352 - velocity_prediction_rmse:13.40092604794345,index:21
2026-02-14 02:10:34.169 | DEBUG    | train.trainer:train_and_evaluation:354 - location_update_rmse:22.95764738564963,index:21
2026-02-14 02:10:34.169 | DEBUG    | train.trainer:train_and_evaluation:356 - velocity_update_rmse:14.301044901124724,index:21
2026-02-14 02:22:00.155 | DEBUG    | train.trainer:train_and_evaluation:346 - train_loss:-0.21340858587462988,index:22
2026-02-14 02:22:00.155 | DEBUG    | train.trainer:train_and_evaluation:348 - validation_loss:-0.23822129300007452,index:22
2026-02-14 02:22:00.155 | DEBUG    | train.trainer:train_and_evaluation:350 - location_prediction_rmse:25.096991594335535,index:22
2026-02-14 02:22:00.156 | DEBUG    | train.trainer:train_and_evaluation:352 - velocity_prediction_rmse:5.994300081441691,index:22
2026-02-14 02:22:00.156 | DEBUG    | train.trainer:train_and_evaluation:354 - location_update_rmse:21.23654097693307,index:22
2026-02-14 02:22:00.156 | DEBUG    | train.trainer:train_and_evaluation:356 - velocity_update_rmse:6.597193239652194,index:22
2026-02-14 02:33:25.759 | DEBUG    | train.trainer:train_and_evaluation:346 - train_loss:-0.23608247039614472,index:23
2026-02-14 02:33:25.759 | DEBUG    | train.trainer:train_and_evaluation:348 - validation_loss:-0.24841434265886034,index:23
2026-02-14 02:33:25.760 | DEBUG    | train.trainer:train_and_evaluation:350 - location_prediction_rmse:26.01584587558285,index:23
2026-02-14 02:33:25.760 | DEBUG    | train.trainer:train_and_evaluation:352 - velocity_prediction_rmse:7.095704292989039,index:23
2026-02-14 02:33:25.760 | DEBUG    | train.trainer:train_and_evaluation:354 - location_update_rmse:21.35972134579669,index:23
2026-02-14 02:33:25.760 | DEBUG    | train.trainer:train_and_evaluation:356 - velocity_update_rmse:8.501459607763605,index:23
2026-02-14 02:44:46.249 | DEBUG    | train.trainer:train_and_evaluation:346 - train_loss:-0.22794146393599746,index:24
2026-02-14 02:44:46.250 | DEBUG    | train.trainer:train_and_evaluation:348 - validation_loss:-0.21706477068282745,index:24
2026-02-14 02:44:46.250 | DEBUG    | train.trainer:train_and_evaluation:350 - location_prediction_rmse:32.16875051561293,index:24
2026-02-14 02:44:46.250 | DEBUG    | train.trainer:train_and_evaluation:352 - velocity_prediction_rmse:11.618215735089647,index:24
2026-02-14 02:44:46.250 | DEBUG    | train.trainer:train_and_evaluation:354 - location_update_rmse:21.999484323774066,index:24
2026-02-14 02:44:46.250 | DEBUG    | train.trainer:train_and_evaluation:356 - velocity_update_rmse:9.692465585771497,index:24
2026-02-14 02:56:04.838 | DEBUG    | train.trainer:train_and_evaluation:346 - train_loss:-0.2241062141905774,index:25
2026-02-14 02:56:04.838 | DEBUG    | train.trainer:train_and_evaluation:348 - validation_loss:-0.222476900606365,index:25
2026-02-14 02:56:04.838 | DEBUG    | train.trainer:train_and_evaluation:350 - location_prediction_rmse:29.058830272129605,index:25
2026-02-14 02:56:04.838 | DEBUG    | train.trainer:train_and_evaluation:352 - velocity_prediction_rmse:10.182537755022992,index:25
2026-02-14 02:56:04.839 | DEBUG    | train.trainer:train_and_evaluation:354 - location_update_rmse:21.691025514288263,index:25
2026-02-14 02:56:04.839 | DEBUG    | train.trainer:train_and_evaluation:356 - velocity_update_rmse:8.828611669645205,index:25
2026-02-14 03:07:28.426 | DEBUG    | train.trainer:train_and_evaluation:346 - train_loss:-0.21101070266738944,index:26
2026-02-14 03:07:28.426 | DEBUG    | train.trainer:train_and_evaluation:348 - validation_loss:-0.19999621610392582,index:26
2026-02-14 03:07:28.426 | DEBUG    | train.trainer:train_and_evaluation:350 - location_prediction_rmse:30.59166715852507,index:26
2026-02-14 03:07:28.426 | DEBUG    | train.trainer:train_and_evaluation:352 - velocity_prediction_rmse:12.836469893193508,index:26
2026-02-14 03:07:28.426 | DEBUG    | train.trainer:train_and_evaluation:354 - location_update_rmse:22.18380282307719,index:26
2026-02-14 03:07:28.427 | DEBUG    | train.trainer:train_and_evaluation:356 - velocity_update_rmse:10.635589957394442,index:26
2026-02-14 03:18:49.912 | DEBUG    | train.trainer:train_and_evaluation:346 - train_loss:-0.20542564352861717,index:27
2026-02-14 03:18:49.913 | DEBUG    | train.trainer:train_and_evaluation:348 - validation_loss:-0.21025249086238526,index:27
2026-02-14 03:18:49.913 | DEBUG    | train.trainer:train_and_evaluation:350 - location_prediction_rmse:25.03101135966542,index:27
2026-02-14 03:18:49.913 | DEBUG    | train.trainer:train_and_evaluation:352 - velocity_prediction_rmse:6.958305304495843,index:27
2026-02-14 03:18:49.913 | DEBUG    | train.trainer:train_and_evaluation:354 - location_update_rmse:21.61417662568145,index:27
2026-02-14 03:18:49.913 | DEBUG    | train.trainer:train_and_evaluation:356 - velocity_update_rmse:6.870083698754782,index:27
2026-02-14 03:30:29.368 | DEBUG    | train.trainer:train_and_evaluation:346 - train_loss:-0.20725801285765655,index:28
2026-02-14 03:30:29.368 | DEBUG    | train.trainer:train_and_evaluation:348 - validation_loss:-0.21362571189691731,index:28
2026-02-14 03:30:29.368 | DEBUG    | train.trainer:train_and_evaluation:350 - location_prediction_rmse:25.76959832704984,index:28
2026-02-14 03:30:29.369 | DEBUG    | train.trainer:train_and_evaluation:352 - velocity_prediction_rmse:7.0201281274020015,index:28
2026-02-14 03:30:29.369 | DEBUG    | train.trainer:train_and_evaluation:354 - location_update_rmse:21.3138073351095,index:28
2026-02-14 03:30:29.369 | DEBUG    | train.trainer:train_and_evaluation:356 - velocity_update_rmse:6.7558566616393705,index:28
2026-02-14 03:42:03.062 | DEBUG    | train.trainer:train_and_evaluation:346 - train_loss:-0.2086929479900461,index:29
2026-02-14 03:42:03.063 | DEBUG    | train.trainer:train_and_evaluation:348 - validation_loss:-0.21621888883657508,index:29
2026-02-14 03:42:03.063 | DEBUG    | train.trainer:train_and_evaluation:350 - location_prediction_rmse:25.78335813669058,index:29
2026-02-14 03:42:03.063 | DEBUG    | train.trainer:train_and_evaluation:352 - velocity_prediction_rmse:7.108116854363745,index:29
2026-02-14 03:42:03.063 | DEBUG    | train.trainer:train_and_evaluation:354 - location_update_rmse:21.198893152593257,index:29
2026-02-14 03:42:03.063 | DEBUG    | train.trainer:train_and_evaluation:356 - velocity_update_rmse:6.667039710348779,index:29
2026-02-14 03:53:25.791 | DEBUG    | train.trainer:train_and_evaluation:346 - train_loss:-0.21496298727077934,index:30
2026-02-14 03:53:25.792 | DEBUG    | train.trainer:train_and_evaluation:348 - validation_loss:-0.20913990540818853,index:30
2026-02-14 03:53:25.792 | DEBUG    | train.trainer:train_and_evaluation:350 - location_prediction_rmse:26.21832325568566,index:30
2026-02-14 03:53:25.792 | DEBUG    | train.trainer:train_and_evaluation:352 - velocity_prediction_rmse:7.992155920489804,index:30
2026-02-14 03:53:25.792 | DEBUG    | train.trainer:train_and_evaluation:354 - location_update_rmse:21.765133952884884,index:30
2026-02-14 03:53:25.793 | DEBUG    | train.trainer:train_and_evaluation:356 - velocity_update_rmse:7.948772753830794,index:30
2026-02-14 04:04:57.763 | DEBUG    | train.trainer:train_and_evaluation:346 - train_loss:-0.2163929746971353,index:31
2026-02-14 04:04:57.763 | DEBUG    | train.trainer:train_and_evaluation:348 - validation_loss:-0.207405566322607,index:31
2026-02-14 04:04:57.763 | DEBUG    | train.trainer:train_and_evaluation:350 - location_prediction_rmse:29.799795789613828,index:31
2026-02-14 04:04:57.764 | DEBUG    | train.trainer:train_and_evaluation:352 - velocity_prediction_rmse:9.837736845645276,index:31
2026-02-14 04:04:57.764 | DEBUG    | train.trainer:train_and_evaluation:354 - location_update_rmse:22.179867238474415,index:31
2026-02-14 04:04:57.764 | DEBUG    | train.trainer:train_and_evaluation:356 - velocity_update_rmse:9.024139973357483,index:31
2026-02-14 04:16:25.535 | DEBUG    | train.trainer:train_and_evaluation:346 - train_loss:-0.21009542713356255,index:32
2026-02-14 04:16:25.535 | DEBUG    | train.trainer:train_and_evaluation:348 - validation_loss:-0.19588076833840254,index:32
2026-02-14 04:16:25.535 | DEBUG    | train.trainer:train_and_evaluation:350 - location_prediction_rmse:31.452190927358775,index:32
2026-02-14 04:16:25.536 | DEBUG    | train.trainer:train_and_evaluation:352 - velocity_prediction_rmse:12.435869500506055,index:32
2026-02-14 04:16:25.536 | DEBUG    | train.trainer:train_and_evaluation:354 - location_update_rmse:22.20149433869582,index:32
2026-02-14 04:16:25.536 | DEBUG    | train.trainer:train_and_evaluation:356 - velocity_update_rmse:10.936392228053167,index:32
2026-02-14 04:27:47.122 | DEBUG    | train.trainer:train_and_evaluation:346 - train_loss:-0.20661493678771697,index:33
2026-02-14 04:27:47.122 | DEBUG    | train.trainer:train_and_evaluation:348 - validation_loss:-0.20984498227035606,index:33
2026-02-14 04:27:47.122 | DEBUG    | train.trainer:train_and_evaluation:350 - location_prediction_rmse:28.228345237564255,index:33
2026-02-14 04:27:47.122 | DEBUG    | train.trainer:train_and_evaluation:352 - velocity_prediction_rmse:8.297500122720068,index:33
2026-02-14 04:27:47.123 | DEBUG    | train.trainer:train_and_evaluation:354 - location_update_rmse:21.092994422703,index:33
2026-02-14 04:27:47.123 | DEBUG    | train.trainer:train_and_evaluation:356 - velocity_update_rmse:7.406119310882065,index:33
2026-02-14 04:39:14.951 | DEBUG    | train.trainer:train_and_evaluation:346 - train_loss:-0.21327120944192368,index:34
2026-02-14 04:39:14.951 | DEBUG    | train.trainer:train_and_evaluation:348 - validation_loss:-0.20047758350005518,index:34
2026-02-14 04:39:14.952 | DEBUG    | train.trainer:train_and_evaluation:350 - location_prediction_rmse:31.15715699164422,index:34
2026-02-14 04:39:14.952 | DEBUG    | train.trainer:train_and_evaluation:352 - velocity_prediction_rmse:11.054950230986208,index:34
2026-02-14 04:39:14.952 | DEBUG    | train.trainer:train_and_evaluation:354 - location_update_rmse:22.240656454065345,index:34
2026-02-14 04:39:14.952 | DEBUG    | train.trainer:train_and_evaluation:356 - velocity_update_rmse:9.5799180997073,index:34
2026-02-14 04:50:40.591 | DEBUG    | train.trainer:train_and_evaluation:346 - train_loss:-0.21297183818224777,index:35
2026-02-14 04:50:40.592 | DEBUG    | train.trainer:train_and_evaluation:348 - validation_loss:-0.19773544308248456,index:35
2026-02-14 04:50:40.592 | DEBUG    | train.trainer:train_and_evaluation:350 - location_prediction_rmse:33.859785002404514,index:35
2026-02-14 04:50:40.592 | DEBUG    | train.trainer:train_and_evaluation:352 - velocity_prediction_rmse:12.649669778006418,index:35
2026-02-14 04:50:40.592 | DEBUG    | train.trainer:train_and_evaluation:354 - location_update_rmse:22.729313648559234,index:35
2026-02-14 04:50:40.592 | DEBUG    | train.trainer:train_and_evaluation:356 - velocity_update_rmse:11.417889035612673,index:35
2026-02-14 05:02:05.796 | DEBUG    | train.trainer:train_and_evaluation:346 - train_loss:-0.2140835165322482,index:36
2026-02-14 05:02:05.796 | DEBUG    | train.trainer:train_and_evaluation:348 - validation_loss:-0.22349320536131387,index:36
2026-02-14 05:02:05.796 | DEBUG    | train.trainer:train_and_evaluation:350 - location_prediction_rmse:23.073378345782942,index:36
2026-02-14 05:02:05.796 | DEBUG    | train.trainer:train_and_evaluation:352 - velocity_prediction_rmse:6.646816689627511,index:36
2026-02-14 05:02:05.797 | DEBUG    | train.trainer:train_and_evaluation:354 - location_update_rmse:20.815098239353723,index:36
2026-02-14 05:02:05.797 | DEBUG    | train.trainer:train_and_evaluation:356 - velocity_update_rmse:6.259201960092063,index:36
2026-02-14 05:13:35.835 | DEBUG    | train.trainer:train_and_evaluation:346 - train_loss:-0.21588552227854002,index:37
2026-02-14 05:13:35.835 | DEBUG    | train.trainer:train_and_evaluation:348 - validation_loss:-0.22353523314654172,index:37
2026-02-14 05:13:35.836 | DEBUG    | train.trainer:train_and_evaluation:350 - location_prediction_rmse:24.539465127882067,index:37
2026-02-14 05:13:35.836 | DEBUG    | train.trainer:train_and_evaluation:352 - velocity_prediction_rmse:7.520137534717937,index:37
2026-02-14 05:13:35.836 | DEBUG    | train.trainer:train_and_evaluation:354 - location_update_rmse:21.032764889643744,index:37
2026-02-14 05:13:35.837 | DEBUG    | train.trainer:train_and_evaluation:356 - velocity_update_rmse:6.99770274067973,index:37
2026-02-14 05:24:57.224 | DEBUG    | train.trainer:train_and_evaluation:346 - train_loss:-0.21680420345841692,index:38
2026-02-14 05:24:57.225 | DEBUG    | train.trainer:train_and_evaluation:348 - validation_loss:-0.22239902965970093,index:38
2026-02-14 05:24:57.225 | DEBUG    | train.trainer:train_and_evaluation:350 - location_prediction_rmse:25.722366658305074,index:38
2026-02-14 05:24:57.225 | DEBUG    | train.trainer:train_and_evaluation:352 - velocity_prediction_rmse:7.664224845760471,index:38
2026-02-14 05:24:57.226 | DEBUG    | train.trainer:train_and_evaluation:354 - location_update_rmse:21.18965484178983,index:38
2026-02-14 05:24:57.226 | DEBUG    | train.trainer:train_and_evaluation:356 - velocity_update_rmse:7.534220270638937,index:38
2026-02-14 05:36:22.720 | DEBUG    | train.trainer:train_and_evaluation:346 - train_loss:-0.21676522455945774,index:39
2026-02-14 05:36:22.720 | DEBUG    | train.trainer:train_and_evaluation:348 - validation_loss:-0.21472182340019352,index:39
2026-02-14 05:36:22.720 | DEBUG    | train.trainer:train_and_evaluation:350 - location_prediction_rmse:28.876931791200743,index:39
2026-02-14 05:36:22.721 | DEBUG    | train.trainer:train_and_evaluation:352 - velocity_prediction_rmse:10.683013432680905,index:39
2026-02-14 05:36:22.721 | DEBUG    | train.trainer:train_and_evaluation:354 - location_update_rmse:21.293717270735854,index:39
2026-02-14 05:36:22.721 | DEBUG    | train.trainer:train_and_evaluation:356 - velocity_update_rmse:9.864910344972715,index:39
2026-02-14 05:47:48.431 | DEBUG    | train.trainer:train_and_evaluation:346 - train_loss:-0.216900739498068,index:40
2026-02-14 05:47:48.431 | DEBUG    | train.trainer:train_and_evaluation:348 - validation_loss:-0.21259585666132497,index:40
2026-02-14 05:47:48.431 | DEBUG    | train.trainer:train_and_evaluation:350 - location_prediction_rmse:28.41305206843785,index:40
2026-02-14 05:47:48.432 | DEBUG    | train.trainer:train_and_evaluation:352 - velocity_prediction_rmse:9.998093226925358,index:40
2026-02-14 05:47:48.432 | DEBUG    | train.trainer:train_and_evaluation:354 - location_update_rmse:21.470217922126853,index:40
2026-02-14 05:47:48.432 | DEBUG    | train.trainer:train_and_evaluation:356 - velocity_update_rmse:9.400051854311766,index:40
2026-02-14 05:59:13.659 | DEBUG    | train.trainer:train_and_evaluation:346 - train_loss:-0.21769151240730514,index:41
2026-02-14 05:59:13.660 | DEBUG    | train.trainer:train_and_evaluation:348 - validation_loss:-0.20887227907285585,index:41
2026-02-14 05:59:13.660 | DEBUG    | train.trainer:train_and_evaluation:350 - location_prediction_rmse:27.837397673051434,index:41
2026-02-14 05:59:13.660 | DEBUG    | train.trainer:train_and_evaluation:352 - velocity_prediction_rmse:11.207429020850213,index:41
2026-02-14 05:59:13.660 | DEBUG    | train.trainer:train_and_evaluation:354 - location_update_rmse:21.839247179974567,index:41
2026-02-14 05:59:13.660 | DEBUG    | train.trainer:train_and_evaluation:356 - velocity_update_rmse:10.648927601195954,index:41
2026-02-14 06:10:34.921 | DEBUG    | train.trainer:train_and_evaluation:346 - train_loss:-0.2149799835880461,index:42
2026-02-14 06:10:34.922 | DEBUG    | train.trainer:train_and_evaluation:348 - validation_loss:-0.20674794013356115,index:42
2026-02-14 06:10:34.922 | DEBUG    | train.trainer:train_and_evaluation:350 - location_prediction_rmse:32.567122173099726,index:42
2026-02-14 06:10:34.922 | DEBUG    | train.trainer:train_and_evaluation:352 - velocity_prediction_rmse:12.302772595751417,index:42
2026-02-14 06:10:34.922 | DEBUG    | train.trainer:train_and_evaluation:354 - location_update_rmse:21.965915382511014,index:42
2026-02-14 06:10:34.922 | DEBUG    | train.trainer:train_and_evaluation:356 - velocity_update_rmse:11.414337636717073,index:42
2026-02-14 06:21:59.245 | DEBUG    | train.trainer:train_and_evaluation:346 - train_loss:-0.21684724155363147,index:43
2026-02-14 06:21:59.245 | DEBUG    | train.trainer:train_and_evaluation:348 - validation_loss:-0.2171118253141969,index:43
2026-02-14 06:21:59.246 | DEBUG    | train.trainer:train_and_evaluation:350 - location_prediction_rmse:30.92067437475854,index:43
2026-02-14 06:21:59.246 | DEBUG    | train.trainer:train_and_evaluation:352 - velocity_prediction_rmse:10.581895682785538,index:43
2026-02-14 06:21:59.246 | DEBUG    | train.trainer:train_and_evaluation:354 - location_update_rmse:21.752155940925682,index:43
2026-02-14 06:21:59.246 | DEBUG    | train.trainer:train_and_evaluation:356 - velocity_update_rmse:9.469310579823924,index:43
2026-02-14 06:33:23.441 | DEBUG    | train.trainer:train_and_evaluation:346 - train_loss:-0.21764540647084896,index:44
2026-02-14 06:33:23.441 | DEBUG    | train.trainer:train_and_evaluation:348 - validation_loss:-0.21033158281347253,index:44
2026-02-14 06:33:23.441 | DEBUG    | train.trainer:train_and_evaluation:350 - location_prediction_rmse:32.73411996317434,index:44
2026-02-14 06:33:23.442 | DEBUG    | train.trainer:train_and_evaluation:352 - velocity_prediction_rmse:11.875272458778634,index:44
2026-02-14 06:33:23.442 | DEBUG    | train.trainer:train_and_evaluation:354 - location_update_rmse:21.8313714159452,index:44
2026-02-14 06:33:23.442 | DEBUG    | train.trainer:train_and_evaluation:356 - velocity_update_rmse:10.6234637595795,index:44
2026-02-14 06:44:52.361 | DEBUG    | train.trainer:train_and_evaluation:346 - train_loss:-0.2147275435597032,index:45
2026-02-14 06:44:52.362 | DEBUG    | train.trainer:train_and_evaluation:348 - validation_loss:-0.2255419587630492,index:45
2026-02-14 06:44:52.362 | DEBUG    | train.trainer:train_and_evaluation:350 - location_prediction_rmse:28.178498667622662,index:45
2026-02-14 06:44:52.362 | DEBUG    | train.trainer:train_and_evaluation:352 - velocity_prediction_rmse:8.69126638863113,index:45
2026-02-14 06:44:52.362 | DEBUG    | train.trainer:train_and_evaluation:354 - location_update_rmse:20.703756034767235,index:45
2026-02-14 06:44:52.362 | DEBUG    | train.trainer:train_and_evaluation:356 - velocity_update_rmse:7.738605929783413,index:45
2026-02-14 06:56:15.445 | DEBUG    | train.trainer:train_and_evaluation:346 - train_loss:-0.2184970217078392,index:46
2026-02-14 06:56:15.445 | DEBUG    | train.trainer:train_and_evaluation:348 - validation_loss:-0.21483212041985858,index:46
2026-02-14 06:56:15.446 | DEBUG    | train.trainer:train_and_evaluation:350 - location_prediction_rmse:32.69715379987444,index:46
2026-02-14 06:56:15.446 | DEBUG    | train.trainer:train_and_evaluation:352 - velocity_prediction_rmse:11.651276591374323,index:46
2026-02-14 06:56:15.446 | DEBUG    | train.trainer:train_and_evaluation:354 - location_update_rmse:21.452970893776023,index:46
2026-02-14 06:56:15.446 | DEBUG    | train.trainer:train_and_evaluation:356 - velocity_update_rmse:10.581627834445827,index:46
2026-02-14 07:07:37.924 | DEBUG    | train.trainer:train_and_evaluation:346 - train_loss:-0.2154302932028812,index:47
2026-02-14 07:07:37.924 | DEBUG    | train.trainer:train_and_evaluation:348 - validation_loss:-0.22538284782524948,index:47
2026-02-14 07:07:37.925 | DEBUG    | train.trainer:train_and_evaluation:350 - location_prediction_rmse:27.00635097671341,index:47
2026-02-14 07:07:37.925 | DEBUG    | train.trainer:train_and_evaluation:352 - velocity_prediction_rmse:7.939671052052424,index:47
2026-02-14 07:07:37.925 | DEBUG    | train.trainer:train_and_evaluation:354 - location_update_rmse:20.471076038486355,index:47
2026-02-14 07:07:37.925 | DEBUG    | train.trainer:train_and_evaluation:356 - velocity_update_rmse:7.315330964916355,index:47
2026-02-14 07:19:06.486 | DEBUG    | train.trainer:train_and_evaluation:346 - train_loss:-0.2157460642589645,index:48
2026-02-14 07:19:06.487 | DEBUG    | train.trainer:train_and_evaluation:348 - validation_loss:-0.22596345081434144,index:48
2026-02-14 07:19:06.487 | DEBUG    | train.trainer:train_and_evaluation:350 - location_prediction_rmse:27.641420228140696,index:48
2026-02-14 07:19:06.487 | DEBUG    | train.trainer:train_and_evaluation:352 - velocity_prediction_rmse:7.899989205454732,index:48
2026-02-14 07:19:06.487 | DEBUG    | train.trainer:train_and_evaluation:354 - location_update_rmse:20.863699890597836,index:48
2026-02-14 07:19:06.487 | DEBUG    | train.trainer:train_and_evaluation:356 - velocity_update_rmse:7.357124561582292,index:48
2026-02-14 07:30:26.183 | DEBUG    | train.trainer:train_and_evaluation:346 - train_loss:-0.21388419487534072,index:49
2026-02-14 07:30:26.183 | DEBUG    | train.trainer:train_and_evaluation:348 - validation_loss:-0.22319413092765178,index:49
2026-02-14 07:30:26.184 | DEBUG    | train.trainer:train_and_evaluation:350 - location_prediction_rmse:28.458200334821427,index:49
2026-02-14 07:30:26.184 | DEBUG    | train.trainer:train_and_evaluation:352 - velocity_prediction_rmse:8.480371821162464,index:49
2026-02-14 07:30:26.184 | DEBUG    | train.trainer:train_and_evaluation:354 - location_update_rmse:20.78247659808987,index:49
2026-02-14 07:30:26.184 | DEBUG    | train.trainer:train_and_evaluation:356 - velocity_update_rmse:7.421944279618316,index:49
2026-02-14 07:42:47.433 | DEBUG    | train.trainer:train_and_evaluation:346 - train_loss:2.43133542821891,index:50
2026-02-14 07:42:47.433 | DEBUG    | train.trainer:train_and_evaluation:348 - validation_loss:-0.20578323052152173,index:50
2026-02-14 07:42:47.434 | DEBUG    | train.trainer:train_and_evaluation:350 - location_prediction_rmse:20.403074524428817,index:50
2026-02-14 07:42:47.434 | DEBUG    | train.trainer:train_and_evaluation:352 - velocity_prediction_rmse:8.376060314807264,index:50
2026-02-14 07:42:47.434 | DEBUG    | train.trainer:train_and_evaluation:354 - location_update_rmse:20.893497404999785,index:50
2026-02-14 07:42:47.434 | DEBUG    | train.trainer:train_and_evaluation:356 - velocity_update_rmse:9.001072893561897,index:50
2026-02-14 07:55:08.192 | DEBUG    | train.trainer:train_and_evaluation:346 - train_loss:-1.2021489718058314,index:51
2026-02-14 07:55:08.192 | DEBUG    | train.trainer:train_and_evaluation:348 - validation_loss:-0.2159428053701317,index:51
2026-02-14 07:55:08.192 | DEBUG    | train.trainer:train_and_evaluation:350 - location_prediction_rmse:17.264827763064876,index:51
2026-02-14 07:55:08.192 | DEBUG    | train.trainer:train_and_evaluation:352 - velocity_prediction_rmse:6.942495121798673,index:51
2026-02-14 07:55:08.192 | DEBUG    | train.trainer:train_and_evaluation:354 - location_update_rmse:20.480446454352077,index:51
2026-02-14 07:55:08.193 | DEBUG    | train.trainer:train_and_evaluation:356 - velocity_update_rmse:6.549870656296447,index:51
2026-02-14 08:07:27.674 | DEBUG    | train.trainer:train_and_evaluation:346 - train_loss:-2.113370249055692,index:52
2026-02-14 08:07:27.674 | DEBUG    | train.trainer:train_and_evaluation:348 - validation_loss:-0.20796976917392604,index:52
2026-02-14 08:07:27.675 | DEBUG    | train.trainer:train_and_evaluation:350 - location_prediction_rmse:16.929687349088898,index:52
2026-02-14 08:07:27.675 | DEBUG    | train.trainer:train_and_evaluation:352 - velocity_prediction_rmse:6.519078291274689,index:52
2026-02-14 08:07:27.675 | DEBUG    | train.trainer:train_and_evaluation:354 - location_update_rmse:20.383870348039565,index:52
2026-02-14 08:07:27.675 | DEBUG    | train.trainer:train_and_evaluation:356 - velocity_update_rmse:6.33822605573214,index:52
2026-02-14 08:19:51.183 | DEBUG    | train.trainer:train_and_evaluation:346 - train_loss:-2.7320875550292376,index:53
2026-02-14 08:19:51.184 | DEBUG    | train.trainer:train_and_evaluation:348 - validation_loss:-0.19798080069350674,index:53
2026-02-14 08:19:51.184 | DEBUG    | train.trainer:train_and_evaluation:350 - location_prediction_rmse:18.15922432574597,index:53
2026-02-14 08:19:51.184 | DEBUG    | train.trainer:train_and_evaluation:352 - velocity_prediction_rmse:8.369886081821315,index:53
2026-02-14 08:19:51.184 | DEBUG    | train.trainer:train_and_evaluation:354 - location_update_rmse:20.851447043366484,index:53
2026-02-14 08:19:51.184 | DEBUG    | train.trainer:train_and_evaluation:356 - velocity_update_rmse:8.139045094814929,index:53
2026-02-14 08:32:14.022 | DEBUG    | train.trainer:train_and_evaluation:346 - train_loss:-3.0996018801318805,index:54
2026-02-14 08:32:14.023 | DEBUG    | train.trainer:train_and_evaluation:348 - validation_loss:-0.20284930646092028,index:54
2026-02-14 08:32:14.023 | DEBUG    | train.trainer:train_and_evaluation:350 - location_prediction_rmse:16.44699465196211,index:54
2026-02-14 08:32:14.023 | DEBUG    | train.trainer:train_and_evaluation:352 - velocity_prediction_rmse:6.927596871093079,index:54
2026-02-14 08:32:14.023 | DEBUG    | train.trainer:train_and_evaluation:354 - location_update_rmse:20.438450019333388,index:54
2026-02-14 08:32:14.023 | DEBUG    | train.trainer:train_and_evaluation:356 - velocity_update_rmse:6.512391393472861,index:54
2026-02-14 08:44:38.104 | DEBUG    | train.trainer:train_and_evaluation:346 - train_loss:-3.4345803951665155,index:55
2026-02-14 08:44:38.105 | DEBUG    | train.trainer:train_and_evaluation:348 - validation_loss:-0.21052227276367144,index:55
2026-02-14 08:44:38.105 | DEBUG    | train.trainer:train_and_evaluation:350 - location_prediction_rmse:15.774580833518899,index:55
2026-02-14 08:44:38.105 | DEBUG    | train.trainer:train_and_evaluation:352 - velocity_prediction_rmse:6.4178489654666775,index:55
2026-02-14 08:44:38.105 | DEBUG    | train.trainer:train_and_evaluation:354 - location_update_rmse:20.322374532301346,index:55
2026-02-14 08:44:38.106 | DEBUG    | train.trainer:train_and_evaluation:356 - velocity_update_rmse:6.268556830332829,index:55
2026-02-14 08:57:03.935 | DEBUG    | train.trainer:train_and_evaluation:346 - train_loss:-3.6228080591385683,index:56
2026-02-14 08:57:03.935 | DEBUG    | train.trainer:train_and_evaluation:348 - validation_loss:-0.2008303275868133,index:56
2026-02-14 08:57:03.935 | DEBUG    | train.trainer:train_and_evaluation:350 - location_prediction_rmse:15.674439395443423,index:56
2026-02-14 08:57:03.936 | DEBUG    | train.trainer:train_and_evaluation:352 - velocity_prediction_rmse:6.605746286098774,index:56
2026-02-14 08:57:03.936 | DEBUG    | train.trainer:train_and_evaluation:354 - location_update_rmse:20.39324406194163,index:56
2026-02-14 08:57:03.936 | DEBUG    | train.trainer:train_and_evaluation:356 - velocity_update_rmse:6.258044774610918,index:56
2026-02-14 09:09:22.880 | DEBUG    | train.trainer:train_and_evaluation:346 - train_loss:-3.836378976159088,index:57
2026-02-14 09:09:22.880 | DEBUG    | train.trainer:train_and_evaluation:348 - validation_loss:-0.19407940530842477,index:57
2026-02-14 09:09:22.880 | DEBUG    | train.trainer:train_and_evaluation:350 - location_prediction_rmse:15.886039274027059,index:57
2026-02-14 09:09:22.880 | DEBUG    | train.trainer:train_and_evaluation:352 - velocity_prediction_rmse:6.719853752890786,index:57
2026-02-14 09:09:22.881 | DEBUG    | train.trainer:train_and_evaluation:354 - location_update_rmse:20.404405150361114,index:57
2026-02-14 09:09:22.881 | DEBUG    | train.trainer:train_and_evaluation:356 - velocity_update_rmse:6.407488623818199,index:57
2026-02-14 09:21:32.720 | DEBUG    | train.trainer:train_and_evaluation:346 - train_loss:-4.143844694220679,index:58
2026-02-14 09:21:32.720 | DEBUG    | train.trainer:train_and_evaluation:348 - validation_loss:-0.19621106871864297,index:58
2026-02-14 09:21:32.720 | DEBUG    | train.trainer:train_and_evaluation:350 - location_prediction_rmse:15.324953200371711,index:58
2026-02-14 09:21:32.720 | DEBUG    | train.trainer:train_and_evaluation:352 - velocity_prediction_rmse:6.6560530583937085,index:58
2026-02-14 09:21:32.720 | DEBUG    | train.trainer:train_and_evaluation:354 - location_update_rmse:20.489746973645556,index:58
2026-02-14 09:21:32.721 | DEBUG    | train.trainer:train_and_evaluation:356 - velocity_update_rmse:6.567186896041199,index:58
2026-02-14 09:33:46.905 | DEBUG    | train.trainer:train_and_evaluation:346 - train_loss:-4.258997500558044,index:59
2026-02-14 09:33:46.905 | DEBUG    | train.trainer:train_and_evaluation:348 - validation_loss:-0.19882885471477613,index:59
2026-02-14 09:33:46.906 | DEBUG    | train.trainer:train_and_evaluation:350 - location_prediction_rmse:15.281792938316261,index:59
2026-02-14 09:33:46.906 | DEBUG    | train.trainer:train_and_evaluation:352 - velocity_prediction_rmse:6.301278958163419,index:59
2026-02-14 09:33:46.906 | DEBUG    | train.trainer:train_and_evaluation:354 - location_update_rmse:20.39820413861956,index:59
2026-02-14 09:33:46.907 | DEBUG    | train.trainer:train_and_evaluation:356 - velocity_update_rmse:6.325404311064835,index:59
2026-02-14 09:46:11.330 | DEBUG    | train.trainer:train_and_evaluation:346 - train_loss:-4.362417927150011,index:60
2026-02-14 09:46:11.331 | DEBUG    | train.trainer:train_and_evaluation:348 - validation_loss:-0.20001259424856732,index:60
2026-02-14 09:46:11.331 | DEBUG    | train.trainer:train_and_evaluation:350 - location_prediction_rmse:14.922315173935104,index:60
2026-02-14 09:46:11.331 | DEBUG    | train.trainer:train_and_evaluation:352 - velocity_prediction_rmse:6.226988318831056,index:60
2026-02-14 09:46:11.331 | DEBUG    | train.trainer:train_and_evaluation:354 - location_update_rmse:20.37489885518839,index:60
2026-02-14 09:46:11.332 | DEBUG    | train.trainer:train_and_evaluation:356 - velocity_update_rmse:6.309183250888363,index:60
2026-02-14 09:58:37.247 | DEBUG    | train.trainer:train_and_evaluation:346 - train_loss:-4.547544241536672,index:61
2026-02-14 09:58:37.247 | DEBUG    | train.trainer:train_and_evaluation:348 - validation_loss:-0.2039262774324679,index:61
2026-02-14 09:58:37.248 | DEBUG    | train.trainer:train_and_evaluation:350 - location_prediction_rmse:15.032792297824399,index:61
2026-02-14 09:58:37.248 | DEBUG    | train.trainer:train_and_evaluation:352 - velocity_prediction_rmse:6.005553569164905,index:61
2026-02-14 09:58:37.248 | DEBUG    | train.trainer:train_and_evaluation:354 - location_update_rmse:20.23746297102708,index:61
2026-02-14 09:58:37.248 | DEBUG    | train.trainer:train_and_evaluation:356 - velocity_update_rmse:6.141565693760966,index:61
2026-02-14 10:11:03.266 | DEBUG    | train.trainer:train_and_evaluation:346 - train_loss:-4.586166599463424,index:62
2026-02-14 10:11:03.267 | DEBUG    | train.trainer:train_and_evaluation:348 - validation_loss:-0.20698206071015243,index:62
2026-02-14 10:11:03.267 | DEBUG    | train.trainer:train_and_evaluation:350 - location_prediction_rmse:15.021167740874239,index:62
2026-02-14 10:11:03.267 | DEBUG    | train.trainer:train_and_evaluation:352 - velocity_prediction_rmse:6.153716432445652,index:62
2026-02-14 10:11:03.267 | DEBUG    | train.trainer:train_and_evaluation:354 - location_update_rmse:20.32354903441209,index:62
2026-02-14 10:11:03.268 | DEBUG    | train.trainer:train_and_evaluation:356 - velocity_update_rmse:6.254907408913414,index:62
2026-02-14 10:23:29.704 | DEBUG    | train.trainer:train_and_evaluation:346 - train_loss:-4.743583363078785,index:63
2026-02-14 10:23:29.704 | DEBUG    | train.trainer:train_and_evaluation:348 - validation_loss:-0.21030508078389115,index:63
2026-02-14 10:23:29.704 | DEBUG    | train.trainer:train_and_evaluation:350 - location_prediction_rmse:14.826600059467358,index:63
2026-02-14 10:23:29.705 | DEBUG    | train.trainer:train_and_evaluation:352 - velocity_prediction_rmse:6.161251126907684,index:63
2026-02-14 10:23:29.705 | DEBUG    | train.trainer:train_and_evaluation:354 - location_update_rmse:20.378539851890814,index:63
2026-02-14 10:23:29.705 | DEBUG    | train.trainer:train_and_evaluation:356 - velocity_update_rmse:6.292291477853126,index:63
2026-02-14 10:43:30.979 | DEBUG    | train.trainer:train_and_evaluation:360 - train_loss:0.32418711417318824,index:0
2026-02-14 10:43:30.979 | DEBUG    | train.trainer:train_and_evaluation:362 - validation_loss:0.09595511279759704,index:0
2026-02-14 10:43:30.980 | DEBUG    | train.trainer:train_and_evaluation:364 - location_prediction_rmse:19.74062244289524,index:0
2026-02-14 10:43:30.980 | DEBUG    | train.trainer:train_and_evaluation:366 - velocity_prediction_rmse:9.152786024324186,index:0
2026-02-14 10:43:30.980 | DEBUG    | train.trainer:train_and_evaluation:368 - location_update_rmse:25.448399176126,index:0
2026-02-14 10:43:30.980 | DEBUG    | train.trainer:train_and_evaluation:370 - velocity_update_rmse:7.985118934819987,index:0
2026-02-14 11:18:19.841 | DEBUG    | train.trainer:train_and_evaluation:361 - train_loss:-0.559078568012996,index:0
2026-02-14 11:18:19.841 | DEBUG    | train.trainer:train_and_evaluation:363 - validation_loss:-0.26035019987887076,index:0
2026-02-14 11:18:19.841 | DEBUG    | train.trainer:train_and_evaluation:365 - location_prediction_rmse:15.957183106600583,index:0
2026-02-14 11:18:19.842 | DEBUG    | train.trainer:train_and_evaluation:367 - velocity_prediction_rmse:6.675509617774041,index:0
2026-02-14 11:18:19.842 | DEBUG    | train.trainer:train_and_evaluation:369 - location_update_rmse:20.631296459449516,index:0
2026-02-14 11:18:19.842 | DEBUG    | train.trainer:train_and_evaluation:371 - velocity_update_rmse:6.461681802980192,index:0
2026-02-14 11:39:41.467 | DEBUG    | train.trainer:train_and_evaluation:361 - train_loss:-0.5816975435131526,index:1
2026-02-14 11:39:41.467 | DEBUG    | train.trainer:train_and_evaluation:363 - validation_loss:-0.26341462700576573,index:1
2026-02-14 11:39:41.467 | DEBUG    | train.trainer:train_and_evaluation:365 - location_prediction_rmse:15.566993512164105,index:1
2026-02-14 11:39:41.468 | DEBUG    | train.trainer:train_and_evaluation:367 - velocity_prediction_rmse:7.2165454662239155,index:1
2026-02-14 11:39:41.468 | DEBUG    | train.trainer:train_and_evaluation:369 - location_update_rmse:20.679224895225776,index:1
2026-02-14 11:39:41.468 | DEBUG    | train.trainer:train_and_evaluation:371 - velocity_update_rmse:6.991414679328164,index:1
2026-02-15 12:02:09.089 | DEBUG    | train.trainer:train_and_evaluation:379 - train_loss:0.022826680990129807,index:0
2026-02-15 12:02:09.090 | DEBUG    | train.trainer:train_and_evaluation:381 - validation_loss:42431.275862488226,index:0
2026-02-15 12:02:09.090 | DEBUG    | train.trainer:train_and_evaluation:383 - location_prediction_rmse:39.03367246858366,index:0
2026-02-15 12:02:09.090 | DEBUG    | train.trainer:train_and_evaluation:385 - velocity_prediction_rmse:11.598281773787278,index:0
2026-02-15 12:02:09.090 | DEBUG    | train.trainer:train_and_evaluation:387 - location_update_rmse:25.504208838075073,index:0
2026-02-15 12:02:09.091 | DEBUG    | train.trainer:train_and_evaluation:389 - velocity_update_rmse:9.750130481300774,index:0
2026-02-15 12:21:13.226 | DEBUG    | train.trainer:train_and_evaluation:379 - train_loss:0.004097459157391523,index:1
2026-02-15 12:21:13.227 | DEBUG    | train.trainer:train_and_evaluation:381 - validation_loss:118441.90491690306,index:1
2026-02-15 12:21:13.227 | DEBUG    | train.trainer:train_and_evaluation:383 - location_prediction_rmse:31.466357128017552,index:1
2026-02-15 12:21:13.227 | DEBUG    | train.trainer:train_and_evaluation:385 - velocity_prediction_rmse:7.0536003589630125,index:1
2026-02-15 12:21:13.227 | DEBUG    | train.trainer:train_and_evaluation:387 - location_update_rmse:21.5966657271752,index:1
2026-02-15 12:21:13.228 | DEBUG    | train.trainer:train_and_evaluation:389 - velocity_update_rmse:5.880930037026877,index:1
2026-02-17 20:38:55.699 | DEBUG    | train.trainer:train_and_evaluation:398 - train_loss:0.009600966072922436,index:0
2026-02-17 20:38:55.699 | DEBUG    | train.trainer:train_and_evaluation:400 - validation_loss:0.000927237743034621,index:0
2026-02-17 20:38:55.699 | DEBUG    | train.trainer:train_and_evaluation:402 - location_prediction_rmse:45.152560980660574,index:0
2026-02-17 20:38:55.699 | DEBUG    | train.trainer:train_and_evaluation:404 - velocity_prediction_rmse:14.550436412790319,index:0
2026-02-17 20:38:55.699 | DEBUG    | train.trainer:train_and_evaluation:406 - location_update_rmse:26.978872212420452,index:0
2026-02-17 20:38:55.699 | DEBUG    | train.trainer:train_and_evaluation:408 - velocity_update_rmse:36.74494249197153,index:0
2026-02-17 20:49:03.272 | DEBUG    | train.trainer:train_and_evaluation:398 - train_loss:0.0008437482450396631,index:1
2026-02-17 20:49:03.273 | DEBUG    | train.trainer:train_and_evaluation:400 - validation_loss:0.0009636184986383951,index:1
2026-02-17 20:49:03.273 | DEBUG    | train.trainer:train_and_evaluation:402 - location_prediction_rmse:44.93069041199737,index:1
2026-02-17 20:49:03.273 | DEBUG    | train.trainer:train_and_evaluation:404 - velocity_prediction_rmse:15.123567873462216,index:1
2026-02-17 20:49:03.273 | DEBUG    | train.trainer:train_and_evaluation:406 - location_update_rmse:26.978799045478905,index:1
2026-02-17 20:49:03.273 | DEBUG    | train.trainer:train_and_evaluation:408 - velocity_update_rmse:31.01833693074656,index:1
2026-02-17 20:59:10.598 | DEBUG    | train.trainer:train_and_evaluation:398 - train_loss:0.0007655777529614099,index:2
2026-02-17 20:59:10.598 | DEBUG    | train.trainer:train_and_evaluation:400 - validation_loss:0.0006368388598727236,index:2
2026-02-17 20:59:10.598 | DEBUG    | train.trainer:train_and_evaluation:402 - location_prediction_rmse:37.966678642859826,index:2
2026-02-17 20:59:10.598 | DEBUG    | train.trainer:train_and_evaluation:404 - velocity_prediction_rmse:11.794608751862913,index:2
2026-02-17 20:59:10.598 | DEBUG    | train.trainer:train_and_evaluation:406 - location_update_rmse:26.978935738657857,index:2
2026-02-17 20:59:10.598 | DEBUG    | train.trainer:train_and_evaluation:408 - velocity_update_rmse:30.396757572090234,index:2
2026-02-17 21:09:12.333 | DEBUG    | train.trainer:train_and_evaluation:398 - train_loss:nan,index:3
2026-02-17 21:09:12.333 | DEBUG    | train.trainer:train_and_evaluation:400 - validation_loss:nan,index:3
2026-02-17 21:09:12.333 | DEBUG    | train.trainer:train_and_evaluation:402 - location_prediction_rmse:nan,index:3
2026-02-17 21:09:12.333 | DEBUG    | train.trainer:train_and_evaluation:404 - velocity_prediction_rmse:nan,index:3
2026-02-17 21:09:12.333 | DEBUG    | train.trainer:train_and_evaluation:406 - location_update_rmse:nan,index:3
2026-02-17 21:09:12.333 | DEBUG    | train.trainer:train_and_evaluation:408 - velocity_update_rmse:nan,index:3
2026-02-17 21:19:15.655 | DEBUG    | train.trainer:train_and_evaluation:398 - train_loss:nan,index:4
2026-02-17 21:19:15.655 | DEBUG    | train.trainer:train_and_evaluation:400 - validation_loss:nan,index:4
2026-02-17 21:19:15.655 | DEBUG    | train.trainer:train_and_evaluation:402 - location_prediction_rmse:nan,index:4
2026-02-17 21:19:15.655 | DEBUG    | train.trainer:train_and_evaluation:404 - velocity_prediction_rmse:nan,index:4
2026-02-17 21:19:15.655 | DEBUG    | train.trainer:train_and_evaluation:406 - location_update_rmse:nan,index:4
2026-02-17 21:19:15.655 | DEBUG    | train.trainer:train_and_evaluation:408 - velocity_update_rmse:nan,index:4
2026-02-17 21:48:16.702 | DEBUG    | train.trainer:train_and_evaluation:398 - train_loss:0.009054077191034954,index:0
2026-02-17 21:48:16.703 | DEBUG    | train.trainer:train_and_evaluation:400 - validation_loss:0.0011375866181845265,index:0
2026-02-17 21:48:16.703 | DEBUG    | train.trainer:train_and_evaluation:402 - location_prediction_rmse:45.71177302140456,index:0
2026-02-17 21:48:16.703 | DEBUG    | train.trainer:train_and_evaluation:404 - velocity_prediction_rmse:16.96727214687473,index:0
2026-02-17 21:48:16.703 | DEBUG    | train.trainer:train_and_evaluation:406 - location_update_rmse:26.98307563991337,index:0
2026-02-17 21:48:16.703 | DEBUG    | train.trainer:train_and_evaluation:408 - velocity_update_rmse:33.94505598214956,index:0
2026-02-17 21:58:41.411 | DEBUG    | train.trainer:train_and_evaluation:398 - train_loss:0.0013333047626608507,index:1
2026-02-17 21:58:41.411 | DEBUG    | train.trainer:train_and_evaluation:400 - validation_loss:0.002525614067025554,index:1
2026-02-17 21:58:41.411 | DEBUG    | train.trainer:train_and_evaluation:402 - location_prediction_rmse:58.40388649909051,index:1
2026-02-17 21:58:41.411 | DEBUG    | train.trainer:train_and_evaluation:404 - velocity_prediction_rmse:22.121462692009224,index:1
2026-02-17 21:58:41.411 | DEBUG    | train.trainer:train_and_evaluation:406 - location_update_rmse:26.98308051580911,index:1
2026-02-17 21:58:41.411 | DEBUG    | train.trainer:train_and_evaluation:408 - velocity_update_rmse:34.36338739311302,index:1
2026-02-17 23:12:36.875 | DEBUG    | train.trainer:train_and_evaluation:398 - train_loss:0.008364817432321705,index:0
2026-02-17 23:12:36.875 | DEBUG    | train.trainer:train_and_evaluation:400 - validation_loss:0.0010862375985431884,index:0
2026-02-17 23:12:36.875 | DEBUG    | train.trainer:train_and_evaluation:402 - location_prediction_rmse:46.16570249746134,index:0
2026-02-17 23:12:36.875 | DEBUG    | train.trainer:train_and_evaluation:404 - velocity_prediction_rmse:16.304950545436732,index:0
2026-02-17 23:12:36.876 | DEBUG    | train.trainer:train_and_evaluation:406 - location_update_rmse:26.965292156345242,index:0
2026-02-17 23:12:36.876 | DEBUG    | train.trainer:train_and_evaluation:408 - velocity_update_rmse:30.566840831421235,index:0
2026-02-17 23:22:42.746 | DEBUG    | train.trainer:train_and_evaluation:398 - train_loss:0.0010478050609878495,index:1
2026-02-17 23:22:42.746 | DEBUG    | train.trainer:train_and_evaluation:400 - validation_loss:0.0010756840461009223,index:1
2026-02-17 23:22:42.746 | DEBUG    | train.trainer:train_and_evaluation:402 - location_prediction_rmse:46.24518398913708,index:1
2026-02-17 23:22:42.746 | DEBUG    | train.trainer:train_and_evaluation:404 - velocity_prediction_rmse:16.157529262186408,index:1
2026-02-17 23:22:42.746 | DEBUG    | train.trainer:train_and_evaluation:406 - location_update_rmse:26.965288303081806,index:1
2026-02-17 23:22:42.746 | DEBUG    | train.trainer:train_and_evaluation:408 - velocity_update_rmse:35.985943927345694,index:1
2026-02-17 23:32:56.232 | DEBUG    | train.trainer:train_and_evaluation:398 - train_loss:0.0008300889006812332,index:2
2026-02-17 23:32:56.232 | DEBUG    | train.trainer:train_and_evaluation:400 - validation_loss:0.0007947716346969393,index:2
2026-02-17 23:32:56.232 | DEBUG    | train.trainer:train_and_evaluation:402 - location_prediction_rmse:40.89396914136279,index:2
2026-02-17 23:32:56.232 | DEBUG    | train.trainer:train_and_evaluation:404 - velocity_prediction_rmse:13.566737558239108,index:2
2026-02-17 23:32:56.232 | DEBUG    | train.trainer:train_and_evaluation:406 - location_update_rmse:26.968060406904954,index:2
2026-02-17 23:32:56.232 | DEBUG    | train.trainer:train_and_evaluation:408 - velocity_update_rmse:33.17425838763897,index:2
2026-02-18 08:16:30.625 | DEBUG    | train.trainer:train_and_evaluation:394 - train_loss:0.015740693016451077,index:0
2026-02-18 08:16:30.625 | DEBUG    | train.trainer:train_and_evaluation:396 - validation_loss:0.006411494272146988,index:0
2026-02-18 08:16:30.625 | DEBUG    | train.trainer:train_and_evaluation:398 - location_prediction_rmse:52.9871691940643,index:0
2026-02-18 08:16:30.625 | DEBUG    | train.trainer:train_and_evaluation:400 - velocity_prediction_rmse:14.486134441606291,index:0
2026-02-18 08:16:30.625 | DEBUG    | train.trainer:train_and_evaluation:402 - location_update_rmse:26.96398350558438,index:0
2026-02-18 08:16:30.625 | DEBUG    | train.trainer:train_and_evaluation:404 - velocity_update_rmse:43.179212086436515,index:0
2026-02-18 08:26:33.116 | DEBUG    | train.trainer:train_and_evaluation:394 - train_loss:0.007331334758328612,index:1
2026-02-18 08:26:33.116 | DEBUG    | train.trainer:train_and_evaluation:396 - validation_loss:0.005529595929451266,index:1
2026-02-18 08:26:33.116 | DEBUG    | train.trainer:train_and_evaluation:398 - location_prediction_rmse:53.32357661362533,index:1
2026-02-18 08:26:33.116 | DEBUG    | train.trainer:train_and_evaluation:400 - velocity_prediction_rmse:13.490559878192105,index:1
2026-02-18 08:26:33.116 | DEBUG    | train.trainer:train_and_evaluation:402 - location_update_rmse:26.96191465314928,index:1
2026-02-18 08:26:33.116 | DEBUG    | train.trainer:train_and_evaluation:404 - velocity_update_rmse:44.04923150534158,index:1
2026-02-18 08:36:36.494 | DEBUG    | train.trainer:train_and_evaluation:394 - train_loss:0.005286044798405064,index:2
2026-02-18 08:36:36.495 | DEBUG    | train.trainer:train_and_evaluation:396 - validation_loss:0.0036917198282426,index:2
2026-02-18 08:36:36.495 | DEBUG    | train.trainer:train_and_evaluation:398 - location_prediction_rmse:51.98052881136045,index:2
2026-02-18 08:36:36.495 | DEBUG    | train.trainer:train_and_evaluation:400 - velocity_prediction_rmse:10.757425404957363,index:2
2026-02-18 08:36:36.495 | DEBUG    | train.trainer:train_and_evaluation:402 - location_update_rmse:26.962031621408986,index:2
2026-02-18 08:36:36.495 | DEBUG    | train.trainer:train_and_evaluation:404 - velocity_update_rmse:44.76593677520752,index:2
2026-02-18 08:46:46.471 | DEBUG    | train.trainer:train_and_evaluation:394 - train_loss:0.005115665209314601,index:3
2026-02-18 08:46:46.471 | DEBUG    | train.trainer:train_and_evaluation:396 - validation_loss:0.0037757984170009597,index:3
2026-02-18 08:46:46.471 | DEBUG    | train.trainer:train_and_evaluation:398 - location_prediction_rmse:51.03974803337684,index:3
2026-02-18 08:46:46.471 | DEBUG    | train.trainer:train_and_evaluation:400 - velocity_prediction_rmse:10.812823948283771,index:3
2026-02-18 08:46:46.471 | DEBUG    | train.trainer:train_and_evaluation:402 - location_update_rmse:26.9625771855784,index:3
2026-02-18 08:46:46.471 | DEBUG    | train.trainer:train_and_evaluation:404 - velocity_update_rmse:45.99960324507493,index:3
2026-02-18 08:57:00.349 | DEBUG    | train.trainer:train_and_evaluation:394 - train_loss:0.004225204116127526,index:4
2026-02-18 08:57:00.349 | DEBUG    | train.trainer:train_and_evaluation:396 - validation_loss:0.002326282545505859,index:4
2026-02-18 08:57:00.349 | DEBUG    | train.trainer:train_and_evaluation:398 - location_prediction_rmse:45.558894867111036,index:4
2026-02-18 08:57:00.350 | DEBUG    | train.trainer:train_and_evaluation:400 - velocity_prediction_rmse:8.370871636422127,index:4
2026-02-18 08:57:00.350 | DEBUG    | train.trainer:train_and_evaluation:402 - location_update_rmse:26.96357017831488,index:4
2026-02-18 08:57:00.350 | DEBUG    | train.trainer:train_and_evaluation:404 - velocity_update_rmse:42.82130969519144,index:4
2026-02-18 09:07:16.508 | DEBUG    | train.trainer:train_and_evaluation:394 - train_loss:0.0034413430838977437,index:5
2026-02-18 09:07:16.508 | DEBUG    | train.trainer:train_and_evaluation:396 - validation_loss:0.0023445344667249756,index:5
2026-02-18 09:07:16.508 | DEBUG    | train.trainer:train_and_evaluation:398 - location_prediction_rmse:46.03514733702272,index:5
2026-02-18 09:07:16.508 | DEBUG    | train.trainer:train_and_evaluation:400 - velocity_prediction_rmse:8.345113087224437,index:5
2026-02-18 09:07:16.508 | DEBUG    | train.trainer:train_and_evaluation:402 - location_update_rmse:26.967563393561395,index:5
2026-02-18 09:07:16.508 | DEBUG    | train.trainer:train_and_evaluation:404 - velocity_update_rmse:46.325879315805956,index:5
2026-02-18 09:17:40.346 | DEBUG    | train.trainer:train_and_evaluation:394 - train_loss:0.0033286764042689924,index:6
2026-02-18 09:17:40.346 | DEBUG    | train.trainer:train_and_evaluation:396 - validation_loss:0.0023854529503208413,index:6
2026-02-18 09:17:40.346 | DEBUG    | train.trainer:train_and_evaluation:398 - location_prediction_rmse:43.49251351576585,index:6
2026-02-18 09:17:40.346 | DEBUG    | train.trainer:train_and_evaluation:400 - velocity_prediction_rmse:8.438378519016307,index:6
2026-02-18 09:17:40.346 | DEBUG    | train.trainer:train_and_evaluation:402 - location_update_rmse:26.964613803192808,index:6
2026-02-18 09:17:40.346 | DEBUG    | train.trainer:train_and_evaluation:404 - velocity_update_rmse:42.80702613851526,index:6
2026-02-18 09:27:58.268 | DEBUG    | train.trainer:train_and_evaluation:394 - train_loss:0.0027455119486158755,index:7
2026-02-18 09:27:58.269 | DEBUG    | train.trainer:train_and_evaluation:396 - validation_loss:0.0014675560620853903,index:7
2026-02-18 09:27:58.269 | DEBUG    | train.trainer:train_and_evaluation:398 - location_prediction_rmse:41.91297970069634,index:7
2026-02-18 09:27:58.269 | DEBUG    | train.trainer:train_and_evaluation:400 - velocity_prediction_rmse:6.422044621981107,index:7
2026-02-18 09:27:58.269 | DEBUG    | train.trainer:train_and_evaluation:402 - location_update_rmse:26.969331211676966,index:7
2026-02-18 09:27:58.269 | DEBUG    | train.trainer:train_and_evaluation:404 - velocity_update_rmse:42.86702494254479,index:7
2026-02-18 09:38:18.095 | DEBUG    | train.trainer:train_and_evaluation:394 - train_loss:0.002180979295335019,index:8
2026-02-18 09:38:18.095 | DEBUG    | train.trainer:train_and_evaluation:396 - validation_loss:0.001184124648379121,index:8
2026-02-18 09:38:18.096 | DEBUG    | train.trainer:train_and_evaluation:398 - location_prediction_rmse:34.416477946606314,index:8
2026-02-18 09:38:18.096 | DEBUG    | train.trainer:train_and_evaluation:400 - velocity_prediction_rmse:5.823559535309508,index:8
2026-02-18 09:38:18.096 | DEBUG    | train.trainer:train_and_evaluation:402 - location_update_rmse:26.9720024228358,index:8
2026-02-18 09:38:18.096 | DEBUG    | train.trainer:train_and_evaluation:404 - velocity_update_rmse:36.99093050652808,index:8
2026-02-18 09:48:38.867 | DEBUG    | train.trainer:train_and_evaluation:394 - train_loss:0.002229018058208237,index:9
2026-02-18 09:48:38.867 | DEBUG    | train.trainer:train_and_evaluation:396 - validation_loss:0.001350229366696542,index:9
2026-02-18 09:48:38.867 | DEBUG    | train.trainer:train_and_evaluation:398 - location_prediction_rmse:34.36463488274878,index:9
2026-02-18 09:48:38.867 | DEBUG    | train.trainer:train_and_evaluation:400 - velocity_prediction_rmse:6.32774391913152,index:9
2026-02-18 09:48:38.867 | DEBUG    | train.trainer:train_and_evaluation:402 - location_update_rmse:26.970037590697572,index:9
2026-02-18 09:48:38.867 | DEBUG    | train.trainer:train_and_evaluation:404 - velocity_update_rmse:36.754801286131475,index:9
2026-02-18 12:21:03.320 | DEBUG    | train.trainer:train_and_evaluation:394 - train_loss:0.015203571372293192,index:0
2026-02-18 12:21:03.320 | DEBUG    | train.trainer:train_and_evaluation:396 - validation_loss:0.011071442577036118,index:0
2026-02-18 12:21:03.320 | DEBUG    | train.trainer:train_and_evaluation:398 - location_prediction_rmse:52.61075879442823,index:0
2026-02-18 12:21:03.320 | DEBUG    | train.trainer:train_and_evaluation:400 - velocity_prediction_rmse:19.635886498335953,index:0
2026-02-18 12:21:03.320 | DEBUG    | train.trainer:train_and_evaluation:402 - location_update_rmse:26.88724470725426,index:0
2026-02-18 12:21:03.320 | DEBUG    | train.trainer:train_and_evaluation:404 - velocity_update_rmse:33.222033749465105,index:0
2026-02-18 12:31:27.126 | DEBUG    | train.trainer:train_and_evaluation:394 - train_loss:0.00720998444511289,index:1
2026-02-18 12:31:27.126 | DEBUG    | train.trainer:train_and_evaluation:396 - validation_loss:0.005821170460747473,index:1
2026-02-18 12:31:27.126 | DEBUG    | train.trainer:train_and_evaluation:398 - location_prediction_rmse:55.325297857431266,index:1
2026-02-18 12:31:27.126 | DEBUG    | train.trainer:train_and_evaluation:400 - velocity_prediction_rmse:13.909843111038208,index:1
2026-02-18 12:31:27.126 | DEBUG    | train.trainer:train_and_evaluation:402 - location_update_rmse:26.888125483753917,index:1
2026-02-18 12:31:27.126 | DEBUG    | train.trainer:train_and_evaluation:404 - velocity_update_rmse:45.649658962291674,index:1
2026-02-18 12:41:49.773 | DEBUG    | train.trainer:train_and_evaluation:394 - train_loss:0.005724456594140105,index:2
2026-02-18 12:41:49.773 | DEBUG    | train.trainer:train_and_evaluation:396 - validation_loss:0.005999686648662376,index:2
2026-02-18 12:41:49.773 | DEBUG    | train.trainer:train_and_evaluation:398 - location_prediction_rmse:58.84589204306131,index:2
2026-02-18 12:41:49.773 | DEBUG    | train.trainer:train_and_evaluation:400 - velocity_prediction_rmse:14.073087748747605,index:2
2026-02-18 12:41:49.773 | DEBUG    | train.trainer:train_and_evaluation:402 - location_update_rmse:26.885945388458588,index:2
2026-02-18 12:41:49.773 | DEBUG    | train.trainer:train_and_evaluation:404 - velocity_update_rmse:51.17681269383692,index:2
2026-02-18 12:52:09.437 | DEBUG    | train.trainer:train_and_evaluation:394 - train_loss:0.005102280686944621,index:3
2026-02-18 12:52:09.437 | DEBUG    | train.trainer:train_and_evaluation:396 - validation_loss:0.003501163639005396,index:3
2026-02-18 12:52:09.437 | DEBUG    | train.trainer:train_and_evaluation:398 - location_prediction_rmse:52.65292382669973,index:3
2026-02-18 12:52:09.437 | DEBUG    | train.trainer:train_and_evaluation:400 - velocity_prediction_rmse:10.449599014219347,index:3
2026-02-18 12:52:09.437 | DEBUG    | train.trainer:train_and_evaluation:402 - location_update_rmse:26.886669806595688,index:3
2026-02-18 12:52:09.437 | DEBUG    | train.trainer:train_and_evaluation:404 - velocity_update_rmse:47.24874243956346,index:3
2026-02-18 13:02:28.724 | DEBUG    | train.trainer:train_and_evaluation:394 - train_loss:0.004297701917492124,index:4
2026-02-18 13:02:28.725 | DEBUG    | train.trainer:train_and_evaluation:396 - validation_loss:0.0021199845784384717,index:4
2026-02-18 13:02:28.725 | DEBUG    | train.trainer:train_and_evaluation:398 - location_prediction_rmse:47.09843207474593,index:4
2026-02-18 13:02:28.725 | DEBUG    | train.trainer:train_and_evaluation:400 - velocity_prediction_rmse:7.882357164477254,index:4
2026-02-18 13:02:28.725 | DEBUG    | train.trainer:train_and_evaluation:402 - location_update_rmse:26.88639992954967,index:4
2026-02-18 13:02:28.725 | DEBUG    | train.trainer:train_and_evaluation:404 - velocity_update_rmse:42.74726826887864,index:4
2026-02-18 23:38:39.841 | DEBUG    | train.trainer:train_and_evaluation:394 - train_loss:0.015472155760827853,index:0
2026-02-18 23:38:39.841 | DEBUG    | train.trainer:train_and_evaluation:396 - validation_loss:0.008622878859750927,index:0
2026-02-18 23:38:39.842 | DEBUG    | train.trainer:train_and_evaluation:398 - location_prediction_rmse:49.237244794656945,index:0
2026-02-18 23:38:39.842 | DEBUG    | train.trainer:train_and_evaluation:400 - velocity_prediction_rmse:17.31167124412872,index:0
2026-02-18 23:38:39.842 | DEBUG    | train.trainer:train_and_evaluation:402 - location_update_rmse:26.889129521086975,index:0
2026-02-18 23:38:39.842 | DEBUG    | train.trainer:train_and_evaluation:404 - velocity_update_rmse:36.45929679430448,index:0
2026-02-19 14:13:25.421 | DEBUG    | train.trainer:train_and_evaluation:394 - train_loss:0.009702799787759592,index:0
2026-02-19 14:13:25.421 | DEBUG    | train.trainer:train_and_evaluation:396 - validation_loss:0.008499329015817288,index:0
2026-02-19 14:13:25.421 | DEBUG    | train.trainer:train_and_evaluation:398 - location_prediction_rmse:47.38082881550213,index:0
2026-02-19 14:13:25.421 | DEBUG    | train.trainer:train_and_evaluation:400 - velocity_prediction_rmse:16.325661702837262,index:0
2026-02-19 14:13:25.421 | DEBUG    | train.trainer:train_and_evaluation:402 - location_update_rmse:26.573345911633837,index:0
2026-02-19 14:13:25.421 | DEBUG    | train.trainer:train_and_evaluation:404 - velocity_update_rmse:20.191687260512467,index:0
2026-02-19 14:25:35.107 | DEBUG    | train.trainer:train_and_evaluation:394 - train_loss:0.00416206576402816,index:1
2026-02-19 14:25:35.107 | DEBUG    | train.trainer:train_and_evaluation:396 - validation_loss:0.004612312000155306,index:1
2026-02-19 14:25:35.108 | DEBUG    | train.trainer:train_and_evaluation:398 - location_prediction_rmse:41.36253519163027,index:1
2026-02-19 14:25:35.108 | DEBUG    | train.trainer:train_and_evaluation:400 - velocity_prediction_rmse:11.767161822371431,index:1
2026-02-19 14:25:35.108 | DEBUG    | train.trainer:train_and_evaluation:402 - location_update_rmse:26.647263676360414,index:1
2026-02-19 14:25:35.108 | DEBUG    | train.trainer:train_and_evaluation:404 - velocity_update_rmse:18.818074045286075,index:1
2026-02-19 14:37:47.513 | DEBUG    | train.trainer:train_and_evaluation:394 - train_loss:0.0035503467140114192,index:2
2026-02-19 14:37:47.513 | DEBUG    | train.trainer:train_and_evaluation:396 - validation_loss:0.0021744424413574943,index:2
2026-02-19 14:37:47.513 | DEBUG    | train.trainer:train_and_evaluation:398 - location_prediction_rmse:37.06434852558178,index:2
2026-02-19 14:37:47.513 | DEBUG    | train.trainer:train_and_evaluation:400 - velocity_prediction_rmse:8.03375209588271,index:2
2026-02-19 14:37:47.513 | DEBUG    | train.trainer:train_and_evaluation:402 - location_update_rmse:26.679778865353093,index:2
2026-02-19 14:37:47.513 | DEBUG    | train.trainer:train_and_evaluation:404 - velocity_update_rmse:14.085952046886906,index:2
2026-02-19 14:49:59.052 | DEBUG    | train.trainer:train_and_evaluation:394 - train_loss:0.002769137016311416,index:3
2026-02-19 14:49:59.052 | DEBUG    | train.trainer:train_and_evaluation:396 - validation_loss:0.0019192859498338754,index:3
2026-02-19 14:49:59.052 | DEBUG    | train.trainer:train_and_evaluation:398 - location_prediction_rmse:36.880316098391354,index:3
2026-02-19 14:49:59.052 | DEBUG    | train.trainer:train_and_evaluation:400 - velocity_prediction_rmse:7.590341205072927,index:3
2026-02-19 14:49:59.052 | DEBUG    | train.trainer:train_and_evaluation:402 - location_update_rmse:26.709071189754614,index:3
2026-02-19 14:49:59.053 | DEBUG    | train.trainer:train_and_evaluation:404 - velocity_update_rmse:13.492415890850864,index:3
2026-02-19 15:02:09.847 | DEBUG    | train.trainer:train_and_evaluation:394 - train_loss:0.0021669907361501826,index:4
2026-02-19 15:02:09.847 | DEBUG    | train.trainer:train_and_evaluation:396 - validation_loss:0.0020903898958004193,index:4
2026-02-19 15:02:09.847 | DEBUG    | train.trainer:train_and_evaluation:398 - location_prediction_rmse:35.17764939779764,index:4
2026-02-19 15:02:09.847 | DEBUG    | train.trainer:train_and_evaluation:400 - velocity_prediction_rmse:7.824499408176967,index:4
2026-02-19 15:02:09.847 | DEBUG    | train.trainer:train_and_evaluation:402 - location_update_rmse:26.64415224096277,index:4
2026-02-19 15:02:09.847 | DEBUG    | train.trainer:train_and_evaluation:404 - velocity_update_rmse:13.879361219825325,index:4
2026-02-19 15:14:23.909 | DEBUG    | train.trainer:train_and_evaluation:394 - train_loss:0.0017954419638272657,index:5
2026-02-19 15:14:23.909 | DEBUG    | train.trainer:train_and_evaluation:396 - validation_loss:0.0019107214664876625,index:5
2026-02-19 15:14:23.909 | DEBUG    | train.trainer:train_and_evaluation:398 - location_prediction_rmse:33.29237757169283,index:5
2026-02-19 15:14:23.909 | DEBUG    | train.trainer:train_and_evaluation:400 - velocity_prediction_rmse:7.552085569821871,index:5
2026-02-19 15:14:23.909 | DEBUG    | train.trainer:train_and_evaluation:402 - location_update_rmse:26.626181235261015,index:5
2026-02-19 15:14:23.909 | DEBUG    | train.trainer:train_and_evaluation:404 - velocity_update_rmse:14.432761110997461,index:5
2026-02-19 15:26:35.087 | DEBUG    | train.trainer:train_and_evaluation:394 - train_loss:0.0017359908424163682,index:6
2026-02-19 15:26:35.087 | DEBUG    | train.trainer:train_and_evaluation:396 - validation_loss:0.0017538713984342374,index:6
2026-02-19 15:26:35.087 | DEBUG    | train.trainer:train_and_evaluation:398 - location_prediction_rmse:34.41591623369154,index:6
2026-02-19 15:26:35.087 | DEBUG    | train.trainer:train_and_evaluation:400 - velocity_prediction_rmse:7.271801483762133,index:6
2026-02-19 15:26:35.087 | DEBUG    | train.trainer:train_and_evaluation:402 - location_update_rmse:26.657954145787837,index:6
2026-02-19 15:26:35.087 | DEBUG    | train.trainer:train_and_evaluation:404 - velocity_update_rmse:13.314364441148527,index:6
2026-02-19 15:38:50.133 | DEBUG    | train.trainer:train_and_evaluation:394 - train_loss:0.0014180728496541012,index:7
2026-02-19 15:38:50.133 | DEBUG    | train.trainer:train_and_evaluation:396 - validation_loss:0.0018300114620501268,index:7
2026-02-19 15:38:50.133 | DEBUG    | train.trainer:train_and_evaluation:398 - location_prediction_rmse:33.654109129434104,index:7
2026-02-19 15:38:50.133 | DEBUG    | train.trainer:train_and_evaluation:400 - velocity_prediction_rmse:7.200805640849438,index:7
2026-02-19 15:38:50.133 | DEBUG    | train.trainer:train_and_evaluation:402 - location_update_rmse:26.661266698522883,index:7
2026-02-19 15:38:50.133 | DEBUG    | train.trainer:train_and_evaluation:404 - velocity_update_rmse:14.114240066088163,index:7
2026-02-19 15:51:03.815 | DEBUG    | train.trainer:train_and_evaluation:394 - train_loss:0.001107430830102153,index:8
2026-02-19 15:51:03.816 | DEBUG    | train.trainer:train_and_evaluation:396 - validation_loss:0.0015606228228348849,index:8
2026-02-19 15:51:03.816 | DEBUG    | train.trainer:train_and_evaluation:398 - location_prediction_rmse:31.273847509950073,index:8
2026-02-19 15:51:03.816 | DEBUG    | train.trainer:train_and_evaluation:400 - velocity_prediction_rmse:6.375862472397941,index:8
2026-02-19 15:51:03.816 | DEBUG    | train.trainer:train_and_evaluation:402 - location_update_rmse:26.61300439080039,index:8
2026-02-19 15:51:03.816 | DEBUG    | train.trainer:train_and_evaluation:404 - velocity_update_rmse:13.543849893192668,index:8
2026-02-19 16:03:20.160 | DEBUG    | train.trainer:train_and_evaluation:394 - train_loss:0.001054314288117534,index:9
2026-02-19 16:03:20.160 | DEBUG    | train.trainer:train_and_evaluation:396 - validation_loss:0.001247568831233446,index:9
2026-02-19 16:03:20.160 | DEBUG    | train.trainer:train_and_evaluation:398 - location_prediction_rmse:31.169867228832874,index:9
2026-02-19 16:03:20.160 | DEBUG    | train.trainer:train_and_evaluation:400 - velocity_prediction_rmse:5.785704225341043,index:9
2026-02-19 16:03:20.160 | DEBUG    | train.trainer:train_and_evaluation:402 - location_update_rmse:26.64621120285202,index:9
2026-02-19 16:03:20.160 | DEBUG    | train.trainer:train_and_evaluation:404 - velocity_update_rmse:12.722176951942863,index:9
2026-02-19 16:15:39.147 | DEBUG    | train.trainer:train_and_evaluation:394 - train_loss:0.0009666856224938093,index:10
2026-02-19 16:15:39.147 | DEBUG    | train.trainer:train_and_evaluation:396 - validation_loss:0.004777437739319214,index:10
2026-02-19 16:15:39.147 | DEBUG    | train.trainer:train_and_evaluation:398 - location_prediction_rmse:34.19627634698218,index:10
2026-02-19 16:15:39.148 | DEBUG    | train.trainer:train_and_evaluation:400 - velocity_prediction_rmse:11.318363491519467,index:10
2026-02-19 16:15:39.148 | DEBUG    | train.trainer:train_and_evaluation:402 - location_update_rmse:26.774910612630322,index:10
2026-02-19 16:15:39.148 | DEBUG    | train.trainer:train_and_evaluation:404 - velocity_update_rmse:32.76682901267167,index:10
2026-02-19 16:27:56.384 | DEBUG    | train.trainer:train_and_evaluation:394 - train_loss:0.0007725130068474055,index:11
2026-02-19 16:27:56.384 | DEBUG    | train.trainer:train_and_evaluation:396 - validation_loss:0.0008099118546246306,index:11
2026-02-19 16:27:56.384 | DEBUG    | train.trainer:train_and_evaluation:398 - location_prediction_rmse:29.766681329287014,index:11
2026-02-19 16:27:56.384 | DEBUG    | train.trainer:train_and_evaluation:400 - velocity_prediction_rmse:4.574905697644412,index:11
2026-02-19 16:27:56.384 | DEBUG    | train.trainer:train_and_evaluation:402 - location_update_rmse:26.638547379420356,index:11
2026-02-19 16:27:56.384 | DEBUG    | train.trainer:train_and_evaluation:404 - velocity_update_rmse:13.007232011124328,index:11
2026-02-19 16:43:50.204 | DEBUG    | train.trainer:train_and_evaluation:394 - train_loss:0.0006777954451360159,index:12
2026-02-19 16:43:50.204 | DEBUG    | train.trainer:train_and_evaluation:396 - validation_loss:0.00083489991406108,index:12
2026-02-19 16:43:50.204 | DEBUG    | train.trainer:train_and_evaluation:398 - location_prediction_rmse:28.946510914813032,index:12
2026-02-19 16:43:50.204 | DEBUG    | train.trainer:train_and_evaluation:400 - velocity_prediction_rmse:4.585433845205621,index:12
2026-02-19 16:43:50.204 | DEBUG    | train.trainer:train_and_evaluation:402 - location_update_rmse:26.688238244947495,index:12
2026-02-19 16:43:50.204 | DEBUG    | train.trainer:train_and_evaluation:404 - velocity_update_rmse:13.345133011576893,index:12
2026-02-19 17:16:57.225 | DEBUG    | train.trainer:train_and_evaluation:396 - train_loss:0.013828101885475596,index:0
2026-02-19 17:16:57.225 | DEBUG    | train.trainer:train_and_evaluation:398 - validation_loss:0.012178959937351705,index:0
2026-02-19 17:16:57.225 | DEBUG    | train.trainer:train_and_evaluation:400 - location_prediction_rmse:51.18321489355066,index:0
2026-02-19 17:16:57.225 | DEBUG    | train.trainer:train_and_evaluation:402 - velocity_prediction_rmse:20.456594141551427,index:0
2026-02-19 17:16:57.225 | DEBUG    | train.trainer:train_and_evaluation:404 - location_update_rmse:25.118395321185773,index:0
2026-02-19 17:16:57.225 | DEBUG    | train.trainer:train_and_evaluation:406 - velocity_update_rmse:21.559888487595778,index:0
2026-02-19 17:29:05.449 | DEBUG    | train.trainer:train_and_evaluation:396 - train_loss:0.008068657796164709,index:1
2026-02-19 17:29:05.450 | DEBUG    | train.trainer:train_and_evaluation:398 - validation_loss:0.006678951599438173,index:1
2026-02-19 17:29:05.450 | DEBUG    | train.trainer:train_and_evaluation:400 - location_prediction_rmse:43.35001201503879,index:1
2026-02-19 17:29:05.450 | DEBUG    | train.trainer:train_and_evaluation:402 - velocity_prediction_rmse:14.595814722082117,index:1
2026-02-19 17:29:05.450 | DEBUG    | train.trainer:train_and_evaluation:404 - location_update_rmse:25.05584111412803,index:1
2026-02-19 17:29:05.450 | DEBUG    | train.trainer:train_and_evaluation:406 - velocity_update_rmse:19.807130000774677,index:1
2026-02-19 17:41:15.333 | DEBUG    | train.trainer:train_and_evaluation:396 - train_loss:0.00673428094983587,index:2
2026-02-19 17:41:15.333 | DEBUG    | train.trainer:train_and_evaluation:398 - validation_loss:0.003954428774918747,index:2
2026-02-19 17:41:15.333 | DEBUG    | train.trainer:train_and_evaluation:400 - location_prediction_rmse:36.55615938584883,index:2
2026-02-19 17:41:15.333 | DEBUG    | train.trainer:train_and_evaluation:402 - velocity_prediction_rmse:11.304555352284359,index:2
2026-02-19 17:41:15.333 | DEBUG    | train.trainer:train_and_evaluation:404 - location_update_rmse:24.877276051070663,index:2
2026-02-19 17:41:15.333 | DEBUG    | train.trainer:train_and_evaluation:406 - velocity_update_rmse:13.2964157470242,index:2
2026-02-19 17:53:30.116 | DEBUG    | train.trainer:train_and_evaluation:396 - train_loss:0.0069201170748060025,index:3
2026-02-19 17:53:30.116 | DEBUG    | train.trainer:train_and_evaluation:398 - validation_loss:0.003850413990350297,index:3
2026-02-19 17:53:30.116 | DEBUG    | train.trainer:train_and_evaluation:400 - location_prediction_rmse:33.86168553153237,index:3
2026-02-19 17:53:30.116 | DEBUG    | train.trainer:train_and_evaluation:402 - velocity_prediction_rmse:11.073179452288281,index:3
2026-02-19 17:53:30.116 | DEBUG    | train.trainer:train_and_evaluation:404 - location_update_rmse:25.008455416710824,index:3
2026-02-19 17:53:30.116 | DEBUG    | train.trainer:train_and_evaluation:406 - velocity_update_rmse:14.602988600468898,index:3
2026-02-19 18:05:54.175 | DEBUG    | train.trainer:train_and_evaluation:396 - train_loss:0.008552362885093317,index:4
2026-02-19 18:05:54.175 | DEBUG    | train.trainer:train_and_evaluation:398 - validation_loss:0.005656110573800506,index:4
2026-02-19 18:05:54.175 | DEBUG    | train.trainer:train_and_evaluation:400 - location_prediction_rmse:35.917820498288336,index:4
2026-02-19 18:05:54.175 | DEBUG    | train.trainer:train_and_evaluation:402 - velocity_prediction_rmse:13.53732002530779,index:4
2026-02-19 18:05:54.175 | DEBUG    | train.trainer:train_and_evaluation:404 - location_update_rmse:25.198412642112146,index:4
2026-02-19 18:05:54.175 | DEBUG    | train.trainer:train_and_evaluation:406 - velocity_update_rmse:15.618731189560105,index:4
2026-02-19 18:18:20.015 | DEBUG    | train.trainer:train_and_evaluation:396 - train_loss:0.006176152162510994,index:5
2026-02-19 18:18:20.015 | DEBUG    | train.trainer:train_and_evaluation:398 - validation_loss:0.006218301718210249,index:5
2026-02-19 18:18:20.016 | DEBUG    | train.trainer:train_and_evaluation:400 - location_prediction_rmse:38.82124855460702,index:5
2026-02-19 18:18:20.016 | DEBUG    | train.trainer:train_and_evaluation:402 - velocity_prediction_rmse:13.73404802930224,index:5
2026-02-19 18:18:20.016 | DEBUG    | train.trainer:train_and_evaluation:404 - location_update_rmse:25.161668899452295,index:5
2026-02-19 18:18:20.016 | DEBUG    | train.trainer:train_and_evaluation:406 - velocity_update_rmse:17.10171062071245,index:5
2026-02-19 18:30:38.141 | DEBUG    | train.trainer:train_and_evaluation:396 - train_loss:0.006474646785677728,index:6
2026-02-19 18:30:38.141 | DEBUG    | train.trainer:train_and_evaluation:398 - validation_loss:0.006880590427349639,index:6
2026-02-19 18:30:38.141 | DEBUG    | train.trainer:train_and_evaluation:400 - location_prediction_rmse:37.02093985337478,index:6
2026-02-19 18:30:38.141 | DEBUG    | train.trainer:train_and_evaluation:402 - velocity_prediction_rmse:14.727624060033442,index:6
2026-02-19 18:30:38.141 | DEBUG    | train.trainer:train_and_evaluation:404 - location_update_rmse:25.313945821405767,index:6
2026-02-19 18:30:38.141 | DEBUG    | train.trainer:train_and_evaluation:406 - velocity_update_rmse:18.79588572051499,index:6
2026-02-19 18:42:59.915 | DEBUG    | train.trainer:train_and_evaluation:396 - train_loss:0.006408799297801874,index:7
2026-02-19 18:42:59.915 | DEBUG    | train.trainer:train_and_evaluation:398 - validation_loss:0.005232008817953641,index:7
2026-02-19 18:42:59.915 | DEBUG    | train.trainer:train_and_evaluation:400 - location_prediction_rmse:42.09754229702792,index:7
2026-02-19 18:42:59.916 | DEBUG    | train.trainer:train_and_evaluation:402 - velocity_prediction_rmse:12.638977996910011,index:7
2026-02-19 18:42:59.916 | DEBUG    | train.trainer:train_and_evaluation:404 - location_update_rmse:25.19004938733447,index:7
2026-02-19 18:42:59.916 | DEBUG    | train.trainer:train_and_evaluation:406 - velocity_update_rmse:18.027902601472626,index:7
2026-02-19 18:55:23.853 | DEBUG    | train.trainer:train_and_evaluation:396 - train_loss:0.0034888237679938806,index:8
2026-02-19 18:55:23.853 | DEBUG    | train.trainer:train_and_evaluation:398 - validation_loss:0.002621156319446227,index:8
2026-02-19 18:55:23.853 | DEBUG    | train.trainer:train_and_evaluation:400 - location_prediction_rmse:31.33703812441983,index:8
2026-02-19 18:55:23.853 | DEBUG    | train.trainer:train_and_evaluation:402 - velocity_prediction_rmse:8.911781767855635,index:8
2026-02-19 18:55:23.853 | DEBUG    | train.trainer:train_and_evaluation:404 - location_update_rmse:25.071163456046975,index:8
2026-02-19 18:55:23.853 | DEBUG    | train.trainer:train_and_evaluation:406 - velocity_update_rmse:13.438503141612797,index:8
2026-02-19 19:07:45.690 | DEBUG    | train.trainer:train_and_evaluation:396 - train_loss:0.0034800567955851993,index:9
2026-02-19 19:07:45.690 | DEBUG    | train.trainer:train_and_evaluation:398 - validation_loss:0.0024434226911878316,index:9
2026-02-19 19:07:45.690 | DEBUG    | train.trainer:train_and_evaluation:400 - location_prediction_rmse:36.16354168734708,index:9
2026-02-19 19:07:45.690 | DEBUG    | train.trainer:train_and_evaluation:402 - velocity_prediction_rmse:8.48875808935899,index:9
2026-02-19 19:07:45.690 | DEBUG    | train.trainer:train_and_evaluation:404 - location_update_rmse:25.322760477799637,index:9
2026-02-19 19:07:45.690 | DEBUG    | train.trainer:train_and_evaluation:406 - velocity_update_rmse:14.087368554335374,index:9
2026-02-19 19:20:15.471 | DEBUG    | train.trainer:train_and_evaluation:396 - train_loss:0.002719112129966411,index:10
2026-02-19 19:20:15.471 | DEBUG    | train.trainer:train_and_evaluation:398 - validation_loss:0.005696520595632207,index:10
2026-02-19 19:20:15.471 | DEBUG    | train.trainer:train_and_evaluation:400 - location_prediction_rmse:39.751719069847695,index:10
2026-02-19 19:20:15.471 | DEBUG    | train.trainer:train_and_evaluation:402 - velocity_prediction_rmse:12.87789364028763,index:10
2026-02-19 19:20:15.471 | DEBUG    | train.trainer:train_and_evaluation:404 - location_update_rmse:25.426953272976718,index:10
2026-02-19 19:20:15.471 | DEBUG    | train.trainer:train_and_evaluation:406 - velocity_update_rmse:18.840476205637167,index:10
2026-02-19 19:32:49.174 | DEBUG    | train.trainer:train_and_evaluation:396 - train_loss:0.002497385065509441,index:11
2026-02-19 19:32:49.174 | DEBUG    | train.trainer:train_and_evaluation:398 - validation_loss:0.0016341755945481113,index:11
2026-02-19 19:32:49.174 | DEBUG    | train.trainer:train_and_evaluation:400 - location_prediction_rmse:26.479169596996936,index:11
2026-02-19 19:32:49.174 | DEBUG    | train.trainer:train_and_evaluation:402 - velocity_prediction_rmse:7.16354137797932,index:11
2026-02-19 19:32:49.174 | DEBUG    | train.trainer:train_and_evaluation:404 - location_update_rmse:25.097675252222754,index:11
2026-02-19 19:32:49.174 | DEBUG    | train.trainer:train_and_evaluation:406 - velocity_update_rmse:14.700930444067652,index:11
2026-02-19 22:42:00.120 | DEBUG    | train.trainer:train_and_evaluation:396 - train_loss:0.008196811042853969,index:0
2026-02-19 22:42:00.132 | DEBUG    | train.trainer:train_and_evaluation:398 - validation_loss:0.007368180807961335,index:0
2026-02-19 22:42:00.132 | DEBUG    | train.trainer:train_and_evaluation:400 - location_prediction_rmse:40.001355294866876,index:0
2026-02-19 22:42:00.132 | DEBUG    | train.trainer:train_and_evaluation:402 - velocity_prediction_rmse:15.648969471271222,index:0
2026-02-19 22:42:00.132 | DEBUG    | train.trainer:train_and_evaluation:404 - location_update_rmse:24.978351412133858,index:0
2026-02-19 22:42:00.132 | DEBUG    | train.trainer:train_and_evaluation:406 - velocity_update_rmse:17.030593504434105,index:0
2026-02-19 22:57:51.383 | DEBUG    | train.trainer:train_and_evaluation:396 - train_loss:-39089756987.410965,index:1
2026-02-19 22:57:51.383 | DEBUG    | train.trainer:train_and_evaluation:398 - validation_loss:1599662.8626472356,index:1
2026-02-19 22:57:51.383 | DEBUG    | train.trainer:train_and_evaluation:400 - location_prediction_rmse:1308195949.8923626,index:1
2026-02-19 22:57:51.383 | DEBUG    | train.trainer:train_and_evaluation:402 - velocity_prediction_rmse:623639384.3675275,index:1
2026-02-19 22:57:51.383 | DEBUG    | train.trainer:train_and_evaluation:404 - location_update_rmse:71372811.03254464,index:1
2026-02-19 22:57:51.383 | DEBUG    | train.trainer:train_and_evaluation:406 - velocity_update_rmse:615227944.5915384,index:1
2026-02-19 23:13:55.043 | DEBUG    | train.trainer:train_and_evaluation:396 - train_loss:-85838987201.04088,index:2
2026-02-19 23:13:55.044 | DEBUG    | train.trainer:train_and_evaluation:398 - validation_loss:2533275.722468235,index:2
2026-02-19 23:13:55.044 | DEBUG    | train.trainer:train_and_evaluation:400 - location_prediction_rmse:2514212589.314835,index:2
2026-02-19 23:13:55.044 | DEBUG    | train.trainer:train_and_evaluation:402 - velocity_prediction_rmse:1201236448.5401099,index:2
2026-02-19 23:13:55.044 | DEBUG    | train.trainer:train_and_evaluation:404 - location_update_rmse:128618257.05660371,index:2
2026-02-19 23:13:55.044 | DEBUG    | train.trainer:train_and_evaluation:406 - velocity_update_rmse:1202000208.052802,index:2
2026-02-19 23:29:55.369 | DEBUG    | train.trainer:train_and_evaluation:396 - train_loss:-161278624393.95868,index:3
2026-02-19 23:29:55.369 | DEBUG    | train.trainer:train_and_evaluation:398 - validation_loss:2569565.111823489,index:3
2026-02-19 23:29:55.369 | DEBUG    | train.trainer:train_and_evaluation:400 - location_prediction_rmse:2361246395.3048353,index:3
2026-02-19 23:29:55.369 | DEBUG    | train.trainer:train_and_evaluation:402 - velocity_prediction_rmse:1129573025.3935165,index:3
2026-02-19 23:29:55.369 | DEBUG    | train.trainer:train_and_evaluation:404 - location_update_rmse:124068891.79666209,index:3
2026-02-19 23:29:55.369 | DEBUG    | train.trainer:train_and_evaluation:406 - velocity_update_rmse:1143539256.2093406,index:3
2026-02-20 00:49:32.836 | DEBUG    | train.trainer:train_and_evaluation:396 - train_loss:0.015096970356090613,index:0
2026-02-20 00:49:32.837 | DEBUG    | train.trainer:train_and_evaluation:398 - validation_loss:0.012267337900197522,index:0
2026-02-20 00:49:32.837 | DEBUG    | train.trainer:train_and_evaluation:400 - location_prediction_rmse:52.948182342445456,index:0
2026-02-20 00:49:32.837 | DEBUG    | train.trainer:train_and_evaluation:402 - velocity_prediction_rmse:20.960463724345953,index:0
2026-02-20 00:49:32.837 | DEBUG    | train.trainer:train_and_evaluation:404 - location_update_rmse:25.176331850827395,index:0
2026-02-20 00:49:32.837 | DEBUG    | train.trainer:train_and_evaluation:406 - velocity_update_rmse:20.612109404343826,index:0
2026-02-20 00:59:43.981 | DEBUG    | train.trainer:train_and_evaluation:396 - train_loss:0.006508247498218175,index:1
2026-02-20 00:59:43.981 | DEBUG    | train.trainer:train_and_evaluation:398 - validation_loss:0.008466190774055136,index:1
2026-02-20 00:59:43.982 | DEBUG    | train.trainer:train_and_evaluation:400 - location_prediction_rmse:46.088784138186945,index:1
2026-02-20 00:59:43.982 | DEBUG    | train.trainer:train_and_evaluation:402 - velocity_prediction_rmse:17.18703642184918,index:1
2026-02-20 00:59:43.982 | DEBUG    | train.trainer:train_and_evaluation:404 - location_update_rmse:25.01116732272473,index:1
2026-02-20 00:59:43.982 | DEBUG    | train.trainer:train_and_evaluation:406 - velocity_update_rmse:16.90964321220314,index:1
2026-02-20 01:10:01.388 | DEBUG    | train.trainer:train_and_evaluation:396 - train_loss:0.007951649951577126,index:2
2026-02-20 01:10:01.388 | DEBUG    | train.trainer:train_and_evaluation:398 - validation_loss:0.0073656167839602615,index:2
2026-02-20 01:10:01.388 | DEBUG    | train.trainer:train_and_evaluation:400 - location_prediction_rmse:43.98481620369377,index:2
2026-02-20 01:10:01.389 | DEBUG    | train.trainer:train_and_evaluation:402 - velocity_prediction_rmse:15.92653469148573,index:2
2026-02-20 01:10:01.389 | DEBUG    | train.trainer:train_and_evaluation:404 - location_update_rmse:24.96263265295343,index:2
2026-02-20 01:10:01.389 | DEBUG    | train.trainer:train_and_evaluation:406 - velocity_update_rmse:15.68038822383671,index:2
2026-02-20 01:20:28.338 | DEBUG    | train.trainer:train_and_evaluation:396 - train_loss:0.0065017051027785825,index:3
2026-02-20 01:20:28.338 | DEBUG    | train.trainer:train_and_evaluation:398 - validation_loss:0.009646351180745513,index:3
2026-02-20 01:20:28.338 | DEBUG    | train.trainer:train_and_evaluation:400 - location_prediction_rmse:46.92413309034411,index:3
2026-02-20 01:20:28.338 | DEBUG    | train.trainer:train_and_evaluation:402 - velocity_prediction_rmse:17.995173132131388,index:3
2026-02-20 01:20:28.338 | DEBUG    | train.trainer:train_and_evaluation:404 - location_update_rmse:25.003089886130866,index:3
2026-02-20 01:20:28.338 | DEBUG    | train.trainer:train_and_evaluation:406 - velocity_update_rmse:17.732831466171767,index:3
2026-02-20 01:30:47.844 | DEBUG    | train.trainer:train_and_evaluation:396 - train_loss:0.005587723684163923,index:4
2026-02-20 01:30:47.845 | DEBUG    | train.trainer:train_and_evaluation:398 - validation_loss:0.007329007270208632,index:4
2026-02-20 01:30:47.845 | DEBUG    | train.trainer:train_and_evaluation:400 - location_prediction_rmse:44.77770347595215,index:4
2026-02-20 01:30:47.845 | DEBUG    | train.trainer:train_and_evaluation:402 - velocity_prediction_rmse:16.042988003636456,index:4
2026-02-20 01:30:47.845 | DEBUG    | train.trainer:train_and_evaluation:404 - location_update_rmse:24.9887800017556,index:4
2026-02-20 01:30:47.845 | DEBUG    | train.trainer:train_and_evaluation:406 - velocity_update_rmse:15.78098022722936,index:4
2026-02-20 01:41:07.712 | DEBUG    | train.trainer:train_and_evaluation:396 - train_loss:0.005454779468684017,index:5
2026-02-20 01:41:07.712 | DEBUG    | train.trainer:train_and_evaluation:398 - validation_loss:0.005130661694552995,index:5
2026-02-20 01:41:07.712 | DEBUG    | train.trainer:train_and_evaluation:400 - location_prediction_rmse:39.75142109881391,index:5
2026-02-20 01:41:07.712 | DEBUG    | train.trainer:train_and_evaluation:402 - velocity_prediction_rmse:13.108164133134778,index:5
2026-02-20 01:41:07.712 | DEBUG    | train.trainer:train_and_evaluation:404 - location_update_rmse:24.8867104438111,index:5
2026-02-20 01:41:07.712 | DEBUG    | train.trainer:train_and_evaluation:406 - velocity_update_rmse:12.893685715853513,index:5
2026-02-20 01:51:29.372 | DEBUG    | train.trainer:train_and_evaluation:396 - train_loss:0.0054306445874217485,index:6
2026-02-20 01:51:29.372 | DEBUG    | train.trainer:train_and_evaluation:398 - validation_loss:0.0061428650705896036,index:6
2026-02-20 01:51:29.372 | DEBUG    | train.trainer:train_and_evaluation:400 - location_prediction_rmse:41.740547756991546,index:6
2026-02-20 01:51:29.372 | DEBUG    | train.trainer:train_and_evaluation:402 - velocity_prediction_rmse:14.446453242773538,index:6
2026-02-20 01:51:29.373 | DEBUG    | train.trainer:train_and_evaluation:404 - location_update_rmse:24.930580349806903,index:6
2026-02-20 01:51:29.373 | DEBUG    | train.trainer:train_and_evaluation:406 - velocity_update_rmse:14.217609420818286,index:6
2026-02-20 02:01:53.993 | DEBUG    | train.trainer:train_and_evaluation:396 - train_loss:0.005338672289936956,index:7
2026-02-20 02:01:53.993 | DEBUG    | train.trainer:train_and_evaluation:398 - validation_loss:0.005913678161009307,index:7
2026-02-20 02:01:53.993 | DEBUG    | train.trainer:train_and_evaluation:400 - location_prediction_rmse:41.4992836195558,index:7
2026-02-20 02:01:53.993 | DEBUG    | train.trainer:train_and_evaluation:402 - velocity_prediction_rmse:14.232848234962631,index:7
2026-02-20 02:01:53.993 | DEBUG    | train.trainer:train_and_evaluation:404 - location_update_rmse:24.924604684599153,index:7
2026-02-20 02:01:53.993 | DEBUG    | train.trainer:train_and_evaluation:406 - velocity_update_rmse:13.998096409629989,index:7
2026-02-20 02:12:20.903 | DEBUG    | train.trainer:train_and_evaluation:396 - train_loss:0.0049855800789037645,index:8
2026-02-20 02:12:20.903 | DEBUG    | train.trainer:train_and_evaluation:398 - validation_loss:0.004881749362825508,index:8
2026-02-20 02:12:20.903 | DEBUG    | train.trainer:train_and_evaluation:400 - location_prediction_rmse:39.50472123785333,index:8
2026-02-20 02:12:20.903 | DEBUG    | train.trainer:train_and_evaluation:402 - velocity_prediction_rmse:12.778654378325074,index:8
2026-02-20 02:12:20.903 | DEBUG    | train.trainer:train_and_evaluation:404 - location_update_rmse:24.882481114942948,index:8
2026-02-20 02:12:20.903 | DEBUG    | train.trainer:train_and_evaluation:406 - velocity_update_rmse:12.55988302388034,index:8
2026-02-20 02:22:51.608 | DEBUG    | train.trainer:train_and_evaluation:396 - train_loss:0.005007141720712093,index:9
2026-02-20 02:22:51.608 | DEBUG    | train.trainer:train_and_evaluation:398 - validation_loss:0.005525780777116869,index:9
2026-02-20 02:22:51.608 | DEBUG    | train.trainer:train_and_evaluation:400 - location_prediction_rmse:40.94388323857234,index:9
2026-02-20 02:22:51.608 | DEBUG    | train.trainer:train_and_evaluation:402 - velocity_prediction_rmse:13.77256804738726,index:9
2026-02-20 02:22:51.608 | DEBUG    | train.trainer:train_and_evaluation:404 - location_update_rmse:24.91354825428554,index:9
2026-02-20 02:22:51.608 | DEBUG    | train.trainer:train_and_evaluation:406 - velocity_update_rmse:13.54486355812995,index:9
2026-02-20 02:33:19.916 | DEBUG    | train.trainer:train_and_evaluation:396 - train_loss:0.004771393242744335,index:10
2026-02-20 02:33:19.917 | DEBUG    | train.trainer:train_and_evaluation:398 - validation_loss:0.004878442874293426,index:10
2026-02-20 02:33:19.917 | DEBUG    | train.trainer:train_and_evaluation:400 - location_prediction_rmse:39.355310850038634,index:10
2026-02-20 02:33:19.917 | DEBUG    | train.trainer:train_and_evaluation:402 - velocity_prediction_rmse:12.81693075976529,index:10
2026-02-20 02:33:19.917 | DEBUG    | train.trainer:train_and_evaluation:404 - location_update_rmse:24.883551547081915,index:10
2026-02-20 02:33:19.917 | DEBUG    | train.trainer:train_and_evaluation:406 - velocity_update_rmse:12.608200659594694,index:10
2026-02-20 02:43:53.906 | DEBUG    | train.trainer:train_and_evaluation:396 - train_loss:0.004708559866927457,index:11
2026-02-20 02:43:53.906 | DEBUG    | train.trainer:train_and_evaluation:398 - validation_loss:0.006793716413219675,index:11
2026-02-20 02:43:53.906 | DEBUG    | train.trainer:train_and_evaluation:400 - location_prediction_rmse:43.345578623761185,index:11
2026-02-20 02:43:53.906 | DEBUG    | train.trainer:train_and_evaluation:402 - velocity_prediction_rmse:15.329642710423732,index:11
2026-02-20 02:43:53.906 | DEBUG    | train.trainer:train_and_evaluation:404 - location_update_rmse:24.961846541310404,index:11
2026-02-20 02:43:53.906 | DEBUG    | train.trainer:train_and_evaluation:406 - velocity_update_rmse:15.06656831919492,index:11
2026-02-20 02:55:53.180 | DEBUG    | train.trainer:train_and_evaluation:396 - train_loss:0.006784855145161491,index:12
2026-02-20 02:55:53.180 | DEBUG    | train.trainer:train_and_evaluation:398 - validation_loss:0.008022363272695137,index:12
2026-02-20 02:55:53.180 | DEBUG    | train.trainer:train_and_evaluation:400 - location_prediction_rmse:45.917456599644254,index:12
2026-02-20 02:55:53.180 | DEBUG    | train.trainer:train_and_evaluation:402 - velocity_prediction_rmse:16.678363231617016,index:12
2026-02-20 02:55:53.180 | DEBUG    | train.trainer:train_and_evaluation:404 - location_update_rmse:25.01656039080777,index:12
2026-02-20 02:55:53.180 | DEBUG    | train.trainer:train_and_evaluation:406 - velocity_update_rmse:16.444508355214044,index:12
2026-02-20 03:07:50.127 | DEBUG    | train.trainer:train_and_evaluation:396 - train_loss:-0.7056866438288733,index:13
2026-02-20 03:07:50.127 | DEBUG    | train.trainer:train_and_evaluation:398 - validation_loss:0.00815511816462686,index:13
2026-02-20 03:07:50.127 | DEBUG    | train.trainer:train_and_evaluation:400 - location_prediction_rmse:44.30013251252227,index:13
2026-02-20 03:07:50.127 | DEBUG    | train.trainer:train_and_evaluation:402 - velocity_prediction_rmse:16.19795897557185,index:13
2026-02-20 03:07:50.127 | DEBUG    | train.trainer:train_and_evaluation:404 - location_update_rmse:24.946726979475756,index:13
2026-02-20 03:07:50.127 | DEBUG    | train.trainer:train_and_evaluation:406 - velocity_update_rmse:15.921948866582179,index:13
2026-02-20 03:19:47.086 | DEBUG    | train.trainer:train_and_evaluation:396 - train_loss:-1.443445158581669,index:14
2026-02-20 03:19:47.086 | DEBUG    | train.trainer:train_and_evaluation:398 - validation_loss:0.012449049820642467,index:14
2026-02-20 03:19:47.086 | DEBUG    | train.trainer:train_and_evaluation:400 - location_prediction_rmse:51.90341289646023,index:14
2026-02-20 03:19:47.087 | DEBUG    | train.trainer:train_and_evaluation:402 - velocity_prediction_rmse:20.352532034653883,index:14
2026-02-20 03:19:47.087 | DEBUG    | train.trainer:train_and_evaluation:404 - location_update_rmse:25.082483940753306,index:14
2026-02-20 03:19:47.087 | DEBUG    | train.trainer:train_and_evaluation:406 - velocity_update_rmse:20.004451625320936,index:14
2026-02-20 03:31:47.415 | DEBUG    | train.trainer:train_and_evaluation:396 - train_loss:-2.1672193812697635,index:15
2026-02-20 03:31:47.415 | DEBUG    | train.trainer:train_and_evaluation:398 - validation_loss:0.0071408164639097564,index:15
2026-02-20 03:31:47.415 | DEBUG    | train.trainer:train_and_evaluation:400 - location_prediction_rmse:42.419678548456545,index:15
2026-02-20 03:31:47.415 | DEBUG    | train.trainer:train_and_evaluation:402 - velocity_prediction_rmse:15.272236490144834,index:15
2026-02-20 03:31:47.415 | DEBUG    | train.trainer:train_and_evaluation:404 - location_update_rmse:24.90429092994103,index:15
2026-02-20 03:31:47.415 | DEBUG    | train.trainer:train_and_evaluation:406 - velocity_update_rmse:15.012407217549754,index:15
2026-02-20 03:43:48.030 | DEBUG    | train.trainer:train_and_evaluation:396 - train_loss:-2.919379450839504,index:16
2026-02-20 03:43:48.030 | DEBUG    | train.trainer:train_and_evaluation:398 - validation_loss:0.009561838567778877,index:16
2026-02-20 03:43:48.030 | DEBUG    | train.trainer:train_and_evaluation:400 - location_prediction_rmse:47.03926598098252,index:16
2026-02-20 03:43:48.030 | DEBUG    | train.trainer:train_and_evaluation:402 - velocity_prediction_rmse:17.73377450335157,index:16
2026-02-20 03:43:48.030 | DEBUG    | train.trainer:train_and_evaluation:404 - location_update_rmse:24.987075697720705,index:16
2026-02-20 03:43:48.030 | DEBUG    | train.trainer:train_and_evaluation:406 - velocity_update_rmse:17.429794689220387,index:16
2026-02-20 03:55:47.832 | DEBUG    | train.trainer:train_and_evaluation:396 - train_loss:-3.6656378226233954,index:17
2026-02-20 03:55:47.832 | DEBUG    | train.trainer:train_and_evaluation:398 - validation_loss:0.002031967374208322,index:17
2026-02-20 03:55:47.832 | DEBUG    | train.trainer:train_and_evaluation:400 - location_prediction_rmse:34.48334567730243,index:17
2026-02-20 03:55:47.832 | DEBUG    | train.trainer:train_and_evaluation:402 - velocity_prediction_rmse:7.712556836474072,index:17
2026-02-20 03:55:47.832 | DEBUG    | train.trainer:train_and_evaluation:404 - location_update_rmse:22.402989785749835,index:17
2026-02-20 03:55:47.832 | DEBUG    | train.trainer:train_and_evaluation:406 - velocity_update_rmse:6.322393086821168,index:17
2026-02-20 04:07:47.971 | DEBUG    | train.trainer:train_and_evaluation:396 - train_loss:-4.396672500991109,index:18
2026-02-20 04:07:47.972 | DEBUG    | train.trainer:train_and_evaluation:398 - validation_loss:0.001694272605799507,index:18
2026-02-20 04:07:47.972 | DEBUG    | train.trainer:train_and_evaluation:400 - location_prediction_rmse:32.4347055041135,index:18
2026-02-20 04:07:47.972 | DEBUG    | train.trainer:train_and_evaluation:402 - velocity_prediction_rmse:7.02622624868875,index:18
2026-02-20 04:07:47.972 | DEBUG    | train.trainer:train_and_evaluation:404 - location_update_rmse:21.65777505811754,index:18
2026-02-20 04:07:47.972 | DEBUG    | train.trainer:train_and_evaluation:406 - velocity_update_rmse:5.87925886458093,index:18
2026-02-20 04:19:49.654 | DEBUG    | train.trainer:train_and_evaluation:396 - train_loss:-5.130089598425797,index:19
2026-02-20 04:19:49.654 | DEBUG    | train.trainer:train_and_evaluation:398 - validation_loss:0.0017896919976600066,index:19
2026-02-20 04:19:49.654 | DEBUG    | train.trainer:train_and_evaluation:400 - location_prediction_rmse:32.88578294649229,index:19
2026-02-20 04:19:49.655 | DEBUG    | train.trainer:train_and_evaluation:402 - velocity_prediction_rmse:7.275002993803758,index:19
2026-02-20 04:19:49.655 | DEBUG    | train.trainer:train_and_evaluation:404 - location_update_rmse:21.677964772234905,index:19
2026-02-20 04:19:49.655 | DEBUG    | train.trainer:train_and_evaluation:406 - velocity_update_rmse:5.972968514830201,index:19
2026-02-20 04:31:51.281 | DEBUG    | train.trainer:train_and_evaluation:396 - train_loss:-5.879925781159027,index:20
2026-02-20 04:31:51.281 | DEBUG    | train.trainer:train_and_evaluation:398 - validation_loss:0.0015835996607835353,index:20
2026-02-20 04:31:51.281 | DEBUG    | train.trainer:train_and_evaluation:400 - location_prediction_rmse:30.997942790356312,index:20
2026-02-20 04:31:51.281 | DEBUG    | train.trainer:train_and_evaluation:402 - velocity_prediction_rmse:6.7702603738386555,index:20
2026-02-20 04:31:51.281 | DEBUG    | train.trainer:train_and_evaluation:404 - location_update_rmse:20.77078018125597,index:20
2026-02-20 04:31:51.281 | DEBUG    | train.trainer:train_and_evaluation:406 - velocity_update_rmse:5.55684489601261,index:20
2026-02-20 04:43:55.265 | DEBUG    | train.trainer:train_and_evaluation:396 - train_loss:-6.652105784200868,index:21
2026-02-20 04:43:55.265 | DEBUG    | train.trainer:train_and_evaluation:398 - validation_loss:0.0015432119468779682,index:21
2026-02-20 04:43:55.265 | DEBUG    | train.trainer:train_and_evaluation:400 - location_prediction_rmse:30.529246972471803,index:21
2026-02-20 04:43:55.265 | DEBUG    | train.trainer:train_and_evaluation:402 - velocity_prediction_rmse:6.7020932234250585,index:21
2026-02-20 04:43:55.265 | DEBUG    | train.trainer:train_and_evaluation:404 - location_update_rmse:20.50185697073465,index:21
2026-02-20 04:43:55.265 | DEBUG    | train.trainer:train_and_evaluation:406 - velocity_update_rmse:5.453218467838162,index:21
2026-02-20 04:55:54.946 | DEBUG    | train.trainer:train_and_evaluation:396 - train_loss:-7.3711463326489,index:22
2026-02-20 04:55:54.946 | DEBUG    | train.trainer:train_and_evaluation:398 - validation_loss:0.0021367338055534963,index:22
2026-02-20 04:55:54.946 | DEBUG    | train.trainer:train_and_evaluation:400 - location_prediction_rmse:35.36419591547369,index:22
2026-02-20 04:55:54.947 | DEBUG    | train.trainer:train_and_evaluation:402 - velocity_prediction_rmse:7.957442295472701,index:22
2026-02-20 04:55:54.947 | DEBUG    | train.trainer:train_and_evaluation:404 - location_update_rmse:22.842803000565414,index:22
2026-02-20 04:55:54.947 | DEBUG    | train.trainer:train_and_evaluation:406 - velocity_update_rmse:6.512867409318358,index:22
2026-02-20 05:07:55.754 | DEBUG    | train.trainer:train_and_evaluation:396 - train_loss:-8.107248238841747,index:23
2026-02-20 05:07:55.754 | DEBUG    | train.trainer:train_and_evaluation:398 - validation_loss:0.0014275151694060435,index:23
2026-02-20 05:07:55.754 | DEBUG    | train.trainer:train_and_evaluation:400 - location_prediction_rmse:29.74118938236446,index:23
2026-02-20 05:07:55.754 | DEBUG    | train.trainer:train_and_evaluation:402 - velocity_prediction_rmse:6.373829043566525,index:23
2026-02-20 05:07:55.754 | DEBUG    | train.trainer:train_and_evaluation:404 - location_update_rmse:20.24595537290468,index:23
2026-02-20 05:07:55.754 | DEBUG    | train.trainer:train_and_evaluation:406 - velocity_update_rmse:5.264276129177638,index:23
2026-02-20 05:19:55.728 | DEBUG    | train.trainer:train_and_evaluation:396 - train_loss:-8.89913752759858,index:24
2026-02-20 05:19:55.728 | DEBUG    | train.trainer:train_and_evaluation:398 - validation_loss:0.0015154211568917343,index:24
2026-02-20 05:19:55.728 | DEBUG    | train.trainer:train_and_evaluation:400 - location_prediction_rmse:30.26437753195291,index:24
2026-02-20 05:19:55.728 | DEBUG    | train.trainer:train_and_evaluation:402 - velocity_prediction_rmse:6.589868294852121,index:24
2026-02-20 05:19:55.728 | DEBUG    | train.trainer:train_and_evaluation:404 - location_update_rmse:20.422371705652594,index:24
2026-02-20 05:19:55.728 | DEBUG    | train.trainer:train_and_evaluation:406 - velocity_update_rmse:5.409657932795011,index:24
2026-02-20 05:31:52.929 | DEBUG    | train.trainer:train_and_evaluation:396 - train_loss:-9.662037488897587,index:25
2026-02-20 05:31:52.929 | DEBUG    | train.trainer:train_and_evaluation:398 - validation_loss:0.0020038970770406444,index:25
2026-02-20 05:31:52.929 | DEBUG    | train.trainer:train_and_evaluation:400 - location_prediction_rmse:34.3161613535619,index:25
2026-02-20 05:31:52.929 | DEBUG    | train.trainer:train_and_evaluation:402 - velocity_prediction_rmse:7.703972534661765,index:25
2026-02-20 05:31:52.929 | DEBUG    | train.trainer:train_and_evaluation:404 - location_update_rmse:22.301950803065036,index:25
2026-02-20 05:31:52.929 | DEBUG    | train.trainer:train_and_evaluation:406 - velocity_update_rmse:6.287488182403229,index:25
2026-02-20 05:43:53.061 | DEBUG    | train.trainer:train_and_evaluation:396 - train_loss:-9.649973265432477,index:26
2026-02-20 05:43:53.061 | DEBUG    | train.trainer:train_and_evaluation:398 - validation_loss:0.0018614133359073754,index:26
2026-02-20 05:43:53.061 | DEBUG    | train.trainer:train_and_evaluation:400 - location_prediction_rmse:33.226239230396985,index:26
2026-02-20 05:43:53.061 | DEBUG    | train.trainer:train_and_evaluation:402 - velocity_prediction_rmse:7.4113131091358895,index:26
2026-02-20 05:43:53.061 | DEBUG    | train.trainer:train_and_evaluation:404 - location_update_rmse:21.73341575035682,index:26
2026-02-20 05:43:53.061 | DEBUG    | train.trainer:train_and_evaluation:406 - velocity_update_rmse:6.017151189007602,index:26
2026-02-20 05:55:50.388 | DEBUG    | train.trainer:train_and_evaluation:396 - train_loss:-9.666354428919462,index:27
2026-02-20 05:55:50.389 | DEBUG    | train.trainer:train_and_evaluation:398 - validation_loss:0.0017250378278293903,index:27
2026-02-20 05:55:50.389 | DEBUG    | train.trainer:train_and_evaluation:400 - location_prediction_rmse:32.41560758947016,index:27
2026-02-20 05:55:50.389 | DEBUG    | train.trainer:train_and_evaluation:402 - velocity_prediction_rmse:7.115460293738397,index:27
2026-02-20 05:55:50.389 | DEBUG    | train.trainer:train_and_evaluation:404 - location_update_rmse:21.444364466614775,index:27
2026-02-20 05:55:50.389 | DEBUG    | train.trainer:train_and_evaluation:406 - velocity_update_rmse:5.8288781354715535,index:27
2026-02-20 06:07:48.731 | DEBUG    | train.trainer:train_and_evaluation:396 - train_loss:-9.662227841714182,index:28
2026-02-20 06:07:48.731 | DEBUG    | train.trainer:train_and_evaluation:398 - validation_loss:0.0015610859552615804,index:28
2026-02-20 06:07:48.731 | DEBUG    | train.trainer:train_and_evaluation:400 - location_prediction_rmse:30.712497633630104,index:28
2026-02-20 06:07:48.731 | DEBUG    | train.trainer:train_and_evaluation:402 - velocity_prediction_rmse:6.72336316381182,index:28
2026-02-20 06:07:48.731 | DEBUG    | train.trainer:train_and_evaluation:404 - location_update_rmse:20.628017365801465,index:28
2026-02-20 06:07:48.731 | DEBUG    | train.trainer:train_and_evaluation:406 - velocity_update_rmse:5.5057331614441924,index:28
2026-02-20 06:19:53.989 | DEBUG    | train.trainer:train_and_evaluation:396 - train_loss:-9.65734894611146,index:29
2026-02-20 06:19:53.989 | DEBUG    | train.trainer:train_and_evaluation:398 - validation_loss:0.001889409108642632,index:29
2026-02-20 06:19:53.989 | DEBUG    | train.trainer:train_and_evaluation:400 - location_prediction_rmse:33.116636827070636,index:29
2026-02-20 06:19:53.989 | DEBUG    | train.trainer:train_and_evaluation:402 - velocity_prediction_rmse:7.465116674716656,index:29
2026-02-20 06:19:53.989 | DEBUG    | train.trainer:train_and_evaluation:404 - location_update_rmse:21.690428903391073,index:29
2026-02-20 06:19:53.989 | DEBUG    | train.trainer:train_and_evaluation:406 - velocity_update_rmse:6.093132816985413,index:29
2026-02-20 06:31:56.062 | DEBUG    | train.trainer:train_and_evaluation:396 - train_loss:-9.63229457441134,index:30
2026-02-20 06:31:56.062 | DEBUG    | train.trainer:train_and_evaluation:398 - validation_loss:0.001526210863916536,index:30
2026-02-20 06:31:56.062 | DEBUG    | train.trainer:train_and_evaluation:400 - location_prediction_rmse:30.31694177355085,index:30
2026-02-20 06:31:56.062 | DEBUG    | train.trainer:train_and_evaluation:402 - velocity_prediction_rmse:6.657302406331995,index:30
2026-02-20 06:31:56.062 | DEBUG    | train.trainer:train_and_evaluation:404 - location_update_rmse:20.419592712737703,index:30
2026-02-20 06:31:56.062 | DEBUG    | train.trainer:train_and_evaluation:406 - velocity_update_rmse:5.432342103444613,index:30
2026-02-20 06:44:00.408 | DEBUG    | train.trainer:train_and_evaluation:396 - train_loss:-9.649692774720792,index:31
2026-02-20 06:44:00.408 | DEBUG    | train.trainer:train_and_evaluation:398 - validation_loss:0.0015954233991534827,index:31
2026-02-20 06:44:00.408 | DEBUG    | train.trainer:train_and_evaluation:400 - location_prediction_rmse:30.68996963417137,index:31
2026-02-20 06:44:00.408 | DEBUG    | train.trainer:train_and_evaluation:402 - velocity_prediction_rmse:6.819815992732624,index:31
2026-02-20 06:44:00.408 | DEBUG    | train.trainer:train_and_evaluation:404 - location_update_rmse:20.534737154992072,index:31
2026-02-20 06:44:00.408 | DEBUG    | train.trainer:train_and_evaluation:406 - velocity_update_rmse:5.543362707829737,index:31
2026-02-20 06:56:10.235 | DEBUG    | train.trainer:train_and_evaluation:396 - train_loss:-9.65876820438306,index:32
2026-02-20 06:56:10.235 | DEBUG    | train.trainer:train_and_evaluation:398 - validation_loss:0.001607745125979968,index:32
2026-02-20 06:56:10.235 | DEBUG    | train.trainer:train_and_evaluation:400 - location_prediction_rmse:31.04668903057392,index:32
2026-02-20 06:56:10.235 | DEBUG    | train.trainer:train_and_evaluation:402 - velocity_prediction_rmse:6.838740010733133,index:32
2026-02-20 06:56:10.235 | DEBUG    | train.trainer:train_and_evaluation:404 - location_update_rmse:20.771771693596474,index:32
2026-02-20 06:56:10.235 | DEBUG    | train.trainer:train_and_evaluation:406 - velocity_update_rmse:5.605193926056662,index:32
2026-02-20 07:08:13.439 | DEBUG    | train.trainer:train_and_evaluation:396 - train_loss:-9.664410718271693,index:33
2026-02-20 07:08:13.439 | DEBUG    | train.trainer:train_and_evaluation:398 - validation_loss:0.0018085216812803511,index:33
2026-02-20 07:08:13.439 | DEBUG    | train.trainer:train_and_evaluation:400 - location_prediction_rmse:32.539505216158354,index:33
2026-02-20 07:08:13.439 | DEBUG    | train.trainer:train_and_evaluation:402 - velocity_prediction_rmse:7.309333883013044,index:33
2026-02-20 07:08:13.439 | DEBUG    | train.trainer:train_and_evaluation:404 - location_update_rmse:21.467718413635925,index:33
2026-02-20 07:08:13.439 | DEBUG    | train.trainer:train_and_evaluation:406 - velocity_update_rmse:5.991869400464571,index:33
2026-02-20 07:20:21.118 | DEBUG    | train.trainer:train_and_evaluation:396 - train_loss:-9.698593237747202,index:34
2026-02-20 07:20:21.118 | DEBUG    | train.trainer:train_and_evaluation:398 - validation_loss:0.001309464112769142,index:34
2026-02-20 07:20:21.118 | DEBUG    | train.trainer:train_and_evaluation:400 - location_prediction_rmse:28.548401072575494,index:34
2026-02-20 07:20:21.118 | DEBUG    | train.trainer:train_and_evaluation:402 - velocity_prediction_rmse:6.1020233019629675,index:34
2026-02-20 07:20:21.118 | DEBUG    | train.trainer:train_and_evaluation:404 - location_update_rmse:19.68871750464806,index:34
2026-02-20 07:20:21.118 | DEBUG    | train.trainer:train_and_evaluation:406 - velocity_update_rmse:5.024507704514724,index:34
2026-02-20 07:32:27.658 | DEBUG    | train.trainer:train_and_evaluation:396 - train_loss:-9.717871833950445,index:35
2026-02-20 07:32:27.658 | DEBUG    | train.trainer:train_and_evaluation:398 - validation_loss:0.001271943777238638,index:35
2026-02-20 07:32:27.658 | DEBUG    | train.trainer:train_and_evaluation:400 - location_prediction_rmse:28.394834817320437,index:35
2026-02-20 07:32:27.658 | DEBUG    | train.trainer:train_and_evaluation:402 - velocity_prediction_rmse:6.0118656384813915,index:35
2026-02-20 07:32:27.658 | DEBUG    | train.trainer:train_and_evaluation:404 - location_update_rmse:19.72509919701042,index:35
2026-02-20 07:32:27.658 | DEBUG    | train.trainer:train_and_evaluation:406 - velocity_update_rmse:5.022433780575847,index:35
2026-02-20 07:44:41.049 | DEBUG    | train.trainer:train_and_evaluation:396 - train_loss:-9.717683901282662,index:36
2026-02-20 07:44:41.050 | DEBUG    | train.trainer:train_and_evaluation:398 - validation_loss:0.0012320819544314233,index:36
2026-02-20 07:44:41.050 | DEBUG    | train.trainer:train_and_evaluation:400 - location_prediction_rmse:27.901626669495972,index:36
2026-02-20 07:44:41.050 | DEBUG    | train.trainer:train_and_evaluation:402 - velocity_prediction_rmse:5.919893190729749,index:36
2026-02-20 07:44:41.050 | DEBUG    | train.trainer:train_and_evaluation:404 - location_update_rmse:19.48856042275062,index:36
2026-02-20 07:44:41.050 | DEBUG    | train.trainer:train_and_evaluation:406 - velocity_update_rmse:4.924388052185813,index:36
2026-02-20 07:56:44.155 | DEBUG    | train.trainer:train_and_evaluation:396 - train_loss:-9.738959686130613,index:37
2026-02-20 07:56:44.155 | DEBUG    | train.trainer:train_and_evaluation:398 - validation_loss:0.0012936381979622867,index:37
2026-02-20 07:56:44.155 | DEBUG    | train.trainer:train_and_evaluation:400 - location_prediction_rmse:28.571879446008705,index:37
2026-02-20 07:56:44.155 | DEBUG    | train.trainer:train_and_evaluation:402 - velocity_prediction_rmse:6.09397736455058,index:37
2026-02-20 07:56:44.155 | DEBUG    | train.trainer:train_and_evaluation:404 - location_update_rmse:19.713919721959712,index:37
2026-02-20 07:56:44.155 | DEBUG    | train.trainer:train_and_evaluation:406 - velocity_update_rmse:5.015817075561691,index:37
2026-02-20 08:08:54.060 | DEBUG    | train.trainer:train_and_evaluation:396 - train_loss:-9.716871298175244,index:38
2026-02-20 08:08:54.060 | DEBUG    | train.trainer:train_and_evaluation:398 - validation_loss:0.0012890442215535626,index:38
2026-02-20 08:08:54.060 | DEBUG    | train.trainer:train_and_evaluation:400 - location_prediction_rmse:28.726246807391828,index:38
2026-02-20 08:08:54.060 | DEBUG    | train.trainer:train_and_evaluation:402 - velocity_prediction_rmse:6.062363127823715,index:38
2026-02-20 08:08:54.060 | DEBUG    | train.trainer:train_and_evaluation:404 - location_update_rmse:19.86226966732151,index:38
2026-02-20 08:08:54.060 | DEBUG    | train.trainer:train_and_evaluation:406 - velocity_update_rmse:5.046937579532246,index:38
2026-02-20 08:20:57.751 | DEBUG    | train.trainer:train_and_evaluation:396 - train_loss:-9.723635954328577,index:39
2026-02-20 08:20:57.751 | DEBUG    | train.trainer:train_and_evaluation:398 - validation_loss:0.001365586940578446,index:39
2026-02-20 08:20:57.751 | DEBUG    | train.trainer:train_and_evaluation:400 - location_prediction_rmse:29.224242951529366,index:39
2026-02-20 08:20:57.751 | DEBUG    | train.trainer:train_and_evaluation:402 - velocity_prediction_rmse:6.263858473431933,index:39
2026-02-20 08:20:57.752 | DEBUG    | train.trainer:train_and_evaluation:404 - location_update_rmse:20.02210847896534,index:39
2026-02-20 08:20:57.752 | DEBUG    | train.trainer:train_and_evaluation:406 - velocity_update_rmse:5.153838992852431,index:39
2026-02-20 08:33:03.023 | DEBUG    | train.trainer:train_and_evaluation:396 - train_loss:-9.71397589808637,index:40
2026-02-20 08:33:03.023 | DEBUG    | train.trainer:train_and_evaluation:398 - validation_loss:0.0014814600410837946,index:40
2026-02-20 08:33:03.023 | DEBUG    | train.trainer:train_and_evaluation:400 - location_prediction_rmse:30.219847916823166,index:40
2026-02-20 08:33:03.024 | DEBUG    | train.trainer:train_and_evaluation:402 - velocity_prediction_rmse:6.5599234805264315,index:40
2026-02-20 08:33:03.024 | DEBUG    | train.trainer:train_and_evaluation:404 - location_update_rmse:20.43272475504613,index:40
2026-02-20 08:33:03.024 | DEBUG    | train.trainer:train_and_evaluation:406 - velocity_update_rmse:5.375170169557844,index:40
2026-02-20 08:45:04.333 | DEBUG    | train.trainer:train_and_evaluation:396 - train_loss:-9.704763008618912,index:41
2026-02-20 08:45:04.333 | DEBUG    | train.trainer:train_and_evaluation:398 - validation_loss:0.0015463159582897467,index:41
2026-02-20 08:45:04.333 | DEBUG    | train.trainer:train_and_evaluation:400 - location_prediction_rmse:30.958692621922754,index:41
2026-02-20 08:45:04.333 | DEBUG    | train.trainer:train_and_evaluation:402 - velocity_prediction_rmse:6.697722965491997,index:41
2026-02-20 08:45:04.333 | DEBUG    | train.trainer:train_and_evaluation:404 - location_update_rmse:20.77412023292793,index:41
2026-02-20 08:45:04.333 | DEBUG    | train.trainer:train_and_evaluation:406 - velocity_update_rmse:5.485641357767713,index:41
2026-02-20 08:57:09.098 | DEBUG    | train.trainer:train_and_evaluation:396 - train_loss:-9.72705012200257,index:42
2026-02-20 08:57:09.098 | DEBUG    | train.trainer:train_and_evaluation:398 - validation_loss:0.001312713051895396,index:42
2026-02-20 08:57:09.098 | DEBUG    | train.trainer:train_and_evaluation:400 - location_prediction_rmse:28.8471120767279,index:42
2026-02-20 08:57:09.098 | DEBUG    | train.trainer:train_and_evaluation:402 - velocity_prediction_rmse:6.140416374940139,index:42
2026-02-20 08:57:09.098 | DEBUG    | train.trainer:train_and_evaluation:404 - location_update_rmse:19.895600486378093,index:42
2026-02-20 08:57:09.098 | DEBUG    | train.trainer:train_and_evaluation:406 - velocity_update_rmse:5.087656460699145,index:42
2026-02-20 09:09:11.580 | DEBUG    | train.trainer:train_and_evaluation:396 - train_loss:-9.72460889725021,index:43
2026-02-20 09:09:11.580 | DEBUG    | train.trainer:train_and_evaluation:398 - validation_loss:0.0012812018305271772,index:43
2026-02-20 09:09:11.581 | DEBUG    | train.trainer:train_and_evaluation:400 - location_prediction_rmse:28.53654641539186,index:43
2026-02-20 09:09:11.581 | DEBUG    | train.trainer:train_and_evaluation:402 - velocity_prediction_rmse:6.035827549787668,index:43
2026-02-20 09:09:11.581 | DEBUG    | train.trainer:train_and_evaluation:404 - location_update_rmse:19.74608230318342,index:43
2026-02-20 09:09:11.581 | DEBUG    | train.trainer:train_and_evaluation:406 - velocity_update_rmse:4.996821728329082,index:43
2026-02-20 09:21:16.900 | DEBUG    | train.trainer:train_and_evaluation:396 - train_loss:-9.731600148444484,index:44
2026-02-20 09:21:16.900 | DEBUG    | train.trainer:train_and_evaluation:398 - validation_loss:0.0012668690408271697,index:44
2026-02-20 09:21:16.900 | DEBUG    | train.trainer:train_and_evaluation:400 - location_prediction_rmse:28.130386613699105,index:44
2026-02-20 09:21:16.900 | DEBUG    | train.trainer:train_and_evaluation:402 - velocity_prediction_rmse:5.991245918850322,index:44
2026-02-20 09:21:16.900 | DEBUG    | train.trainer:train_and_evaluation:404 - location_update_rmse:19.5982441506019,index:44
2026-02-20 09:21:16.900 | DEBUG    | train.trainer:train_and_evaluation:406 - velocity_update_rmse:5.008659044098068,index:44
2026-02-20 09:33:19.588 | DEBUG    | train.trainer:train_and_evaluation:396 - train_loss:-9.708690397780757,index:45
2026-02-20 09:33:19.588 | DEBUG    | train.trainer:train_and_evaluation:398 - validation_loss:0.0012798728952683241,index:45
2026-02-20 09:33:19.588 | DEBUG    | train.trainer:train_and_evaluation:400 - location_prediction_rmse:28.079517795436985,index:45
2026-02-20 09:33:19.588 | DEBUG    | train.trainer:train_and_evaluation:402 - velocity_prediction_rmse:6.03371739916749,index:45
2026-02-20 09:33:19.588 | DEBUG    | train.trainer:train_and_evaluation:404 - location_update_rmse:19.59077917434357,index:45
2026-02-20 09:33:19.589 | DEBUG    | train.trainer:train_and_evaluation:406 - velocity_update_rmse:5.059324757764628,index:45
2026-02-20 09:45:39.723 | DEBUG    | train.trainer:train_and_evaluation:396 - train_loss:-9.724650535159386,index:46
2026-02-20 09:45:39.723 | DEBUG    | train.trainer:train_and_evaluation:398 - validation_loss:0.0012324216477617694,index:46
2026-02-20 09:45:39.723 | DEBUG    | train.trainer:train_and_evaluation:400 - location_prediction_rmse:27.67651732811561,index:46
2026-02-20 09:45:39.723 | DEBUG    | train.trainer:train_and_evaluation:402 - velocity_prediction_rmse:5.915863592703264,index:46
2026-02-20 09:45:39.723 | DEBUG    | train.trainer:train_and_evaluation:404 - location_update_rmse:19.40815850980989,index:46
2026-02-20 09:45:39.723 | DEBUG    | train.trainer:train_and_evaluation:406 - velocity_update_rmse:4.941945299211439,index:46
2026-02-20 09:57:47.999 | DEBUG    | train.trainer:train_and_evaluation:396 - train_loss:-9.729630936564094,index:47
2026-02-20 09:57:47.999 | DEBUG    | train.trainer:train_and_evaluation:398 - validation_loss:0.0012205635592121384,index:47
2026-02-20 09:57:47.999 | DEBUG    | train.trainer:train_and_evaluation:400 - location_prediction_rmse:27.57466622405,index:47
2026-02-20 09:57:47.999 | DEBUG    | train.trainer:train_and_evaluation:402 - velocity_prediction_rmse:5.898501857610849,index:47
2026-02-20 09:57:47.999 | DEBUG    | train.trainer:train_and_evaluation:404 - location_update_rmse:19.36116407604008,index:47
2026-02-20 09:57:47.999 | DEBUG    | train.trainer:train_and_evaluation:406 - velocity_update_rmse:4.934204679269057,index:47
2026-02-20 10:09:58.866 | DEBUG    | train.trainer:train_and_evaluation:396 - train_loss:-9.703307400045732,index:48
2026-02-20 10:09:58.866 | DEBUG    | train.trainer:train_and_evaluation:398 - validation_loss:0.0012864937842823566,index:48
2026-02-20 10:09:58.866 | DEBUG    | train.trainer:train_and_evaluation:400 - location_prediction_rmse:28.16892624781682,index:48
2026-02-20 10:09:58.867 | DEBUG    | train.trainer:train_and_evaluation:402 - velocity_prediction_rmse:6.040870651307997,index:48
2026-02-20 10:09:58.867 | DEBUG    | train.trainer:train_and_evaluation:404 - location_update_rmse:19.60475653554057,index:48
2026-02-20 10:09:58.867 | DEBUG    | train.trainer:train_and_evaluation:406 - velocity_update_rmse:5.038188844251109,index:48
2026-02-20 10:22:06.691 | DEBUG    | train.trainer:train_and_evaluation:396 - train_loss:-9.694206342191158,index:49
2026-02-20 10:22:06.692 | DEBUG    | train.trainer:train_and_evaluation:398 - validation_loss:0.0013064403858855827,index:49
2026-02-20 10:22:06.692 | DEBUG    | train.trainer:train_and_evaluation:400 - location_prediction_rmse:28.291444425058888,index:49
2026-02-20 10:22:06.692 | DEBUG    | train.trainer:train_and_evaluation:402 - velocity_prediction_rmse:6.092239971580086,index:49
2026-02-20 10:22:06.692 | DEBUG    | train.trainer:train_and_evaluation:404 - location_update_rmse:19.626515540028667,index:49
2026-02-20 10:22:06.692 | DEBUG    | train.trainer:train_and_evaluation:406 - velocity_update_rmse:5.04982928779099,index:49
2026-02-20 10:34:06.569 | DEBUG    | train.trainer:train_and_evaluation:396 - train_loss:-9.70686017860771,index:50
2026-02-20 10:34:06.569 | DEBUG    | train.trainer:train_and_evaluation:398 - validation_loss:0.0013501464730658911,index:50
2026-02-20 10:34:06.569 | DEBUG    | train.trainer:train_and_evaluation:400 - location_prediction_rmse:28.599638685708516,index:50
2026-02-20 10:34:06.570 | DEBUG    | train.trainer:train_and_evaluation:402 - velocity_prediction_rmse:6.1745396133569574,index:50
2026-02-20 10:34:06.570 | DEBUG    | train.trainer:train_and_evaluation:404 - location_update_rmse:19.82990699977665,index:50
2026-02-20 10:34:06.570 | DEBUG    | train.trainer:train_and_evaluation:406 - velocity_update_rmse:5.193425712795048,index:50
2026-02-20 10:46:03.749 | DEBUG    | train.trainer:train_and_evaluation:396 - train_loss:-9.699757351797524,index:51
2026-02-20 10:46:03.749 | DEBUG    | train.trainer:train_and_evaluation:398 - validation_loss:0.0012509632165701088,index:51
2026-02-20 10:46:03.749 | DEBUG    | train.trainer:train_and_evaluation:400 - location_prediction_rmse:27.83633568606534,index:51
2026-02-20 10:46:03.749 | DEBUG    | train.trainer:train_and_evaluation:402 - velocity_prediction_rmse:5.954536043366233,index:51
2026-02-20 10:46:03.749 | DEBUG    | train.trainer:train_and_evaluation:404 - location_update_rmse:19.488963858216675,index:51
2026-02-20 10:46:03.749 | DEBUG    | train.trainer:train_and_evaluation:406 - velocity_update_rmse:4.986116351347703,index:51
2026-02-20 10:57:57.904 | DEBUG    | train.trainer:train_and_evaluation:396 - train_loss:-9.73384343000395,index:52
2026-02-20 10:57:57.904 | DEBUG    | train.trainer:train_and_evaluation:398 - validation_loss:0.0012886106105493176,index:52
2026-02-20 10:57:57.904 | DEBUG    | train.trainer:train_and_evaluation:400 - location_prediction_rmse:28.06187636448787,index:52
2026-02-20 10:57:57.904 | DEBUG    | train.trainer:train_and_evaluation:402 - velocity_prediction_rmse:6.038374259550493,index:52
2026-02-20 10:57:57.904 | DEBUG    | train.trainer:train_and_evaluation:404 - location_update_rmse:19.548336537120107,index:52
2026-02-20 10:57:57.904 | DEBUG    | train.trainer:train_and_evaluation:406 - velocity_update_rmse:5.016416225642948,index:52
2026-02-20 11:10:09.597 | DEBUG    | train.trainer:train_and_evaluation:396 - train_loss:-9.737693115288986,index:53
2026-02-20 11:10:09.597 | DEBUG    | train.trainer:train_and_evaluation:398 - validation_loss:0.0012529009753076365,index:53
2026-02-20 11:10:09.597 | DEBUG    | train.trainer:train_and_evaluation:400 - location_prediction_rmse:27.687391646248955,index:53
2026-02-20 11:10:09.597 | DEBUG    | train.trainer:train_and_evaluation:402 - velocity_prediction_rmse:5.943824142099737,index:53
2026-02-20 11:10:09.597 | DEBUG    | train.trainer:train_and_evaluation:404 - location_update_rmse:19.43797876085554,index:53
2026-02-20 11:10:09.598 | DEBUG    | train.trainer:train_and_evaluation:406 - velocity_update_rmse:4.9884203266311475,index:53
2026-02-20 11:43:53.457 | DEBUG    | train.trainer:train_and_evaluation:396 - train_loss:0.01333403251821477,index:0
2026-02-20 11:43:53.457 | DEBUG    | train.trainer:train_and_evaluation:398 - validation_loss:0.011084210545228856,index:0
2026-02-20 11:43:53.457 | DEBUG    | train.trainer:train_and_evaluation:400 - location_prediction_rmse:51.06436274937221,index:0
2026-02-20 11:43:53.457 | DEBUG    | train.trainer:train_and_evaluation:402 - velocity_prediction_rmse:19.76645004733578,index:0
2026-02-20 11:43:53.457 | DEBUG    | train.trainer:train_and_evaluation:404 - location_update_rmse:25.139243017343375,index:0
2026-02-20 11:43:53.457 | DEBUG    | train.trainer:train_and_evaluation:406 - velocity_update_rmse:20.66699367250715,index:0
2026-02-20 11:56:03.286 | DEBUG    | train.trainer:train_and_evaluation:396 - train_loss:0.00906169612938666,index:1
2026-02-20 11:56:03.286 | DEBUG    | train.trainer:train_and_evaluation:398 - validation_loss:0.010647108758502936,index:1
2026-02-20 11:56:03.286 | DEBUG    | train.trainer:train_and_evaluation:400 - location_prediction_rmse:47.91229365757533,index:1
2026-02-20 11:56:03.286 | DEBUG    | train.trainer:train_and_evaluation:402 - velocity_prediction_rmse:18.475779543866167,index:1
2026-02-20 11:56:03.286 | DEBUG    | train.trainer:train_and_evaluation:404 - location_update_rmse:25.026623776404413,index:1
2026-02-20 11:56:03.286 | DEBUG    | train.trainer:train_and_evaluation:406 - velocity_update_rmse:18.905998694241703,index:1
2026-02-20 12:08:10.113 | DEBUG    | train.trainer:train_and_evaluation:396 - train_loss:0.00851320284681016,index:2
2026-02-20 12:08:10.114 | DEBUG    | train.trainer:train_and_evaluation:398 - validation_loss:0.006112854867600478,index:2
2026-02-20 12:08:10.114 | DEBUG    | train.trainer:train_and_evaluation:400 - location_prediction_rmse:40.52517814384712,index:2
2026-02-20 12:08:10.114 | DEBUG    | train.trainer:train_and_evaluation:402 - velocity_prediction_rmse:14.158815838635622,index:2
2026-02-20 12:08:10.114 | DEBUG    | train.trainer:train_and_evaluation:404 - location_update_rmse:24.88419735499791,index:2
2026-02-20 12:08:10.114 | DEBUG    | train.trainer:train_and_evaluation:406 - velocity_update_rmse:14.128933507059957,index:2
2026-02-20 12:20:21.328 | DEBUG    | train.trainer:train_and_evaluation:396 - train_loss:0.008306247964552552,index:3
2026-02-20 12:20:21.328 | DEBUG    | train.trainer:train_and_evaluation:398 - validation_loss:0.011716410072397564,index:3
2026-02-20 12:20:21.328 | DEBUG    | train.trainer:train_and_evaluation:400 - location_prediction_rmse:52.71770696283697,index:3
2026-02-20 12:20:21.328 | DEBUG    | train.trainer:train_and_evaluation:402 - velocity_prediction_rmse:20.09708467944638,index:3
2026-02-20 12:20:21.328 | DEBUG    | train.trainer:train_and_evaluation:404 - location_update_rmse:25.164873217488385,index:3
2026-02-20 12:20:21.328 | DEBUG    | train.trainer:train_and_evaluation:406 - velocity_update_rmse:21.539295469221177,index:3
2026-02-20 12:32:31.595 | DEBUG    | train.trainer:train_and_evaluation:396 - train_loss:0.006836884785990441,index:4
2026-02-20 12:32:31.595 | DEBUG    | train.trainer:train_and_evaluation:398 - validation_loss:0.008277754726727584,index:4
2026-02-20 12:32:31.595 | DEBUG    | train.trainer:train_and_evaluation:400 - location_prediction_rmse:45.049114876212656,index:4
2026-02-20 12:32:31.595 | DEBUG    | train.trainer:train_and_evaluation:402 - velocity_prediction_rmse:16.60101113308917,index:4
2026-02-20 12:32:31.596 | DEBUG    | train.trainer:train_and_evaluation:404 - location_update_rmse:24.980928609030588,index:4
2026-02-20 12:32:31.596 | DEBUG    | train.trainer:train_and_evaluation:406 - velocity_update_rmse:16.774524621020305,index:4
2026-02-20 12:44:47.615 | DEBUG    | train.trainer:train_and_evaluation:396 - train_loss:0.006565653039168075,index:5
2026-02-20 12:44:47.615 | DEBUG    | train.trainer:train_and_evaluation:398 - validation_loss:0.00883349471989057,index:5
2026-02-20 12:44:47.615 | DEBUG    | train.trainer:train_and_evaluation:400 - location_prediction_rmse:46.58101298405574,index:5
2026-02-20 12:44:47.615 | DEBUG    | train.trainer:train_and_evaluation:402 - velocity_prediction_rmse:17.265552089607322,index:5
2026-02-20 12:44:47.615 | DEBUG    | train.trainer:train_and_evaluation:404 - location_update_rmse:25.02305699421809,index:5
2026-02-20 12:44:47.615 | DEBUG    | train.trainer:train_and_evaluation:406 - velocity_update_rmse:17.800146250043596,index:5
2026-02-20 12:57:03.579 | DEBUG    | train.trainer:train_and_evaluation:396 - train_loss:0.0065068632502372345,index:6
2026-02-20 12:57:03.580 | DEBUG    | train.trainer:train_and_evaluation:398 - validation_loss:0.006667511240888776,index:6
2026-02-20 12:57:03.580 | DEBUG    | train.trainer:train_and_evaluation:400 - location_prediction_rmse:42.94981399116935,index:6
2026-02-20 12:57:03.580 | DEBUG    | train.trainer:train_and_evaluation:402 - velocity_prediction_rmse:15.139740410899067,index:6
2026-02-20 12:57:03.580 | DEBUG    | train.trainer:train_and_evaluation:404 - location_update_rmse:24.96048649379185,index:6
2026-02-20 12:57:03.580 | DEBUG    | train.trainer:train_and_evaluation:406 - velocity_update_rmse:15.485816292919955,index:6
2026-02-20 13:09:29.479 | DEBUG    | train.trainer:train_and_evaluation:396 - train_loss:0.005374330113783279,index:7
2026-02-20 13:09:29.480 | DEBUG    | train.trainer:train_and_evaluation:398 - validation_loss:0.013654036884948324,index:7
2026-02-20 13:09:29.480 | DEBUG    | train.trainer:train_and_evaluation:400 - location_prediction_rmse:54.075407331697235,index:7
2026-02-20 13:09:29.480 | DEBUG    | train.trainer:train_and_evaluation:402 - velocity_prediction_rmse:21.49309946657537,index:7
2026-02-20 13:09:29.480 | DEBUG    | train.trainer:train_and_evaluation:404 - location_update_rmse:25.147011184482785,index:7
2026-02-20 13:09:29.480 | DEBUG    | train.trainer:train_and_evaluation:406 - velocity_update_rmse:21.808579162974933,index:7
2026-02-20 13:21:56.659 | DEBUG    | train.trainer:train_and_evaluation:396 - train_loss:0.00533559772181024,index:8
2026-02-20 13:21:56.659 | DEBUG    | train.trainer:train_and_evaluation:398 - validation_loss:0.006785057255982902,index:8
2026-02-20 13:21:56.659 | DEBUG    | train.trainer:train_and_evaluation:400 - location_prediction_rmse:43.255911597786366,index:8
2026-02-20 13:21:56.659 | DEBUG    | train.trainer:train_and_evaluation:402 - velocity_prediction_rmse:15.235268778434166,index:8
2026-02-20 13:21:56.659 | DEBUG    | train.trainer:train_and_evaluation:404 - location_update_rmse:24.980842750255878,index:8
2026-02-20 13:21:56.659 | DEBUG    | train.trainer:train_and_evaluation:406 - velocity_update_rmse:15.633080153098474,index:8
2026-02-20 13:34:15.422 | DEBUG    | train.trainer:train_and_evaluation:396 - train_loss:0.00508402644376754,index:9
2026-02-20 13:34:15.422 | DEBUG    | train.trainer:train_and_evaluation:398 - validation_loss:0.004852906667069624,index:9
2026-02-20 13:34:15.422 | DEBUG    | train.trainer:train_and_evaluation:400 - location_prediction_rmse:39.309417143601635,index:9
2026-02-20 13:34:15.422 | DEBUG    | train.trainer:train_and_evaluation:402 - velocity_prediction_rmse:12.64305710037986,index:9
2026-02-20 13:34:15.422 | DEBUG    | train.trainer:train_and_evaluation:404 - location_update_rmse:24.893618082738186,index:9
2026-02-20 13:34:15.422 | DEBUG    | train.trainer:train_and_evaluation:406 - velocity_update_rmse:12.706615758937794,index:9
2026-02-20 13:46:36.702 | DEBUG    | train.trainer:train_and_evaluation:396 - train_loss:0.005113752455671912,index:10
2026-02-20 13:46:36.702 | DEBUG    | train.trainer:train_and_evaluation:398 - validation_loss:0.006510291450726032,index:10
2026-02-20 13:46:36.702 | DEBUG    | train.trainer:train_and_evaluation:400 - location_prediction_rmse:42.68911460792626,index:10
2026-02-20 13:46:36.702 | DEBUG    | train.trainer:train_and_evaluation:402 - velocity_prediction_rmse:14.884006717074048,index:10
2026-02-20 13:46:36.702 | DEBUG    | train.trainer:train_and_evaluation:404 - location_update_rmse:24.946846432528652,index:10
2026-02-20 13:46:36.702 | DEBUG    | train.trainer:train_and_evaluation:406 - velocity_update_rmse:15.013072385525966,index:10
2026-02-20 13:58:56.459 | DEBUG    | train.trainer:train_and_evaluation:396 - train_loss:0.0052015925537501236,index:11
2026-02-20 13:58:56.459 | DEBUG    | train.trainer:train_and_evaluation:398 - validation_loss:0.004795647413101416,index:11
2026-02-20 13:58:56.459 | DEBUG    | train.trainer:train_and_evaluation:400 - location_prediction_rmse:39.08685240609305,index:11
2026-02-20 13:58:56.459 | DEBUG    | train.trainer:train_and_evaluation:402 - velocity_prediction_rmse:12.556665655964023,index:11
2026-02-20 13:58:56.459 | DEBUG    | train.trainer:train_and_evaluation:404 - location_update_rmse:24.867871639754746,index:11
2026-02-20 13:58:56.459 | DEBUG    | train.trainer:train_and_evaluation:406 - velocity_update_rmse:12.540853353437486,index:11
2026-02-21 23:08:15.715 | DEBUG    | train.trainer:train_and_evaluation:396 - train_loss:0.005582554197990448,index:0
2026-02-21 23:08:15.728 | DEBUG    | train.trainer:train_and_evaluation:398 - validation_loss:0.007600239944231062,index:0
2026-02-21 23:08:15.728 | DEBUG    | train.trainer:train_and_evaluation:400 - location_prediction_rmse:44.78741924998524,index:0
2026-02-21 23:08:15.728 | DEBUG    | train.trainer:train_and_evaluation:402 - velocity_prediction_rmse:16.064929821465043,index:0
2026-02-21 23:08:15.728 | DEBUG    | train.trainer:train_and_evaluation:404 - location_update_rmse:25.005463542938234,index:0
2026-02-21 23:08:15.728 | DEBUG    | train.trainer:train_and_evaluation:406 - velocity_update_rmse:16.114333084441803,index:0
2026-02-21 23:24:48.768 | DEBUG    | train.trainer:train_and_evaluation:396 - train_loss:-0.6956008947120754,index:1
2026-02-21 23:24:48.768 | DEBUG    | train.trainer:train_and_evaluation:398 - validation_loss:0.00512947000825399,index:1
2026-02-21 23:24:48.768 | DEBUG    | train.trainer:train_and_evaluation:400 - location_prediction_rmse:39.24244752401834,index:1
2026-02-21 23:24:48.768 | DEBUG    | train.trainer:train_and_evaluation:402 - velocity_prediction_rmse:13.169399900541201,index:1
2026-02-21 23:24:48.768 | DEBUG    | train.trainer:train_and_evaluation:404 - location_update_rmse:24.892541055574522,index:1
2026-02-21 23:24:48.768 | DEBUG    | train.trainer:train_and_evaluation:406 - velocity_update_rmse:13.938425190370161,index:1
2026-02-21 23:41:08.004 | DEBUG    | train.trainer:train_and_evaluation:396 - train_loss:-1.4566211744837954,index:2
2026-02-21 23:41:08.004 | DEBUG    | train.trainer:train_and_evaluation:398 - validation_loss:0.0047010769107977725,index:2
2026-02-21 23:41:08.004 | DEBUG    | train.trainer:train_and_evaluation:400 - location_prediction_rmse:38.53863897176889,index:2
2026-02-21 23:41:08.004 | DEBUG    | train.trainer:train_and_evaluation:402 - velocity_prediction_rmse:12.430624714526502,index:2
2026-02-21 23:41:08.004 | DEBUG    | train.trainer:train_and_evaluation:404 - location_update_rmse:24.890515160613006,index:2
2026-02-21 23:41:08.004 | DEBUG    | train.trainer:train_and_evaluation:406 - velocity_update_rmse:13.629891682404738,index:2
2026-02-21 23:57:20.917 | DEBUG    | train.trainer:train_and_evaluation:396 - train_loss:-2.199200612899366,index:3
2026-02-21 23:57:20.917 | DEBUG    | train.trainer:train_and_evaluation:398 - validation_loss:0.004872568514451364,index:3
2026-02-21 23:57:20.917 | DEBUG    | train.trainer:train_and_evaluation:400 - location_prediction_rmse:38.38711881448934,index:3
2026-02-21 23:57:20.917 | DEBUG    | train.trainer:train_and_evaluation:402 - velocity_prediction_rmse:12.511754558060195,index:3
2026-02-21 23:57:20.917 | DEBUG    | train.trainer:train_and_evaluation:404 - location_update_rmse:24.872960518428258,index:3
2026-02-21 23:57:20.917 | DEBUG    | train.trainer:train_and_evaluation:406 - velocity_update_rmse:13.265555269429973,index:3
2026-02-22 00:13:37.615 | DEBUG    | train.trainer:train_and_evaluation:396 - train_loss:-2.946217458435631,index:4
2026-02-22 00:13:37.615 | DEBUG    | train.trainer:train_and_evaluation:398 - validation_loss:0.006420651806472381,index:4
2026-02-22 00:13:37.615 | DEBUG    | train.trainer:train_and_evaluation:400 - location_prediction_rmse:41.99292810293344,index:4
2026-02-22 00:13:37.615 | DEBUG    | train.trainer:train_and_evaluation:402 - velocity_prediction_rmse:14.597172905429378,index:4
2026-02-22 00:13:37.615 | DEBUG    | train.trainer:train_and_evaluation:404 - location_update_rmse:24.920753519666064,index:4
2026-02-22 00:13:37.615 | DEBUG    | train.trainer:train_and_evaluation:406 - velocity_update_rmse:15.112986072917561,index:4
2026-02-22 00:29:50.366 | DEBUG    | train.trainer:train_and_evaluation:396 - train_loss:-3.681748252432425,index:5
2026-02-22 00:29:50.367 | DEBUG    | train.trainer:train_and_evaluation:398 - validation_loss:0.0009255870310672825,index:5
2026-02-22 00:29:50.367 | DEBUG    | train.trainer:train_and_evaluation:400 - location_prediction_rmse:27.54804726401528,index:5
2026-02-22 00:29:50.367 | DEBUG    | train.trainer:train_and_evaluation:402 - velocity_prediction_rmse:5.133075587513683,index:5
2026-02-22 00:29:50.367 | DEBUG    | train.trainer:train_and_evaluation:404 - location_update_rmse:20.00115799516112,index:5
2026-02-22 00:29:50.367 | DEBUG    | train.trainer:train_and_evaluation:406 - velocity_update_rmse:5.311246614665776,index:5
2026-02-22 00:45:57.900 | DEBUG    | train.trainer:train_and_evaluation:396 - train_loss:-4.451654680718432,index:6
2026-02-22 00:45:57.900 | DEBUG    | train.trainer:train_and_evaluation:398 - validation_loss:0.0009939196545683145,index:6
2026-02-22 00:45:57.900 | DEBUG    | train.trainer:train_and_evaluation:400 - location_prediction_rmse:28.20517349201244,index:6
2026-02-22 00:45:57.900 | DEBUG    | train.trainer:train_and_evaluation:402 - velocity_prediction_rmse:5.359049833371089,index:6
2026-02-22 00:45:57.900 | DEBUG    | train.trainer:train_and_evaluation:404 - location_update_rmse:20.14035771715772,index:6
2026-02-22 00:45:57.900 | DEBUG    | train.trainer:train_and_evaluation:406 - velocity_update_rmse:5.429132088671674,index:6
2026-02-22 11:14:45.073 | DEBUG    | train.trainer:train_and_evaluation:396 - train_loss:-5.183246684979652,index:0
2026-02-22 11:14:45.081 | DEBUG    | train.trainer:train_and_evaluation:398 - validation_loss:0.0009176117173318654,index:0
2026-02-22 11:14:45.081 | DEBUG    | train.trainer:train_and_evaluation:400 - location_prediction_rmse:27.091786348531535,index:0
2026-02-22 11:14:45.081 | DEBUG    | train.trainer:train_and_evaluation:402 - velocity_prediction_rmse:5.059527889922425,index:0
2026-02-22 11:14:45.081 | DEBUG    | train.trainer:train_and_evaluation:404 - location_update_rmse:19.840888254773485,index:0
2026-02-22 11:14:45.081 | DEBUG    | train.trainer:train_and_evaluation:406 - velocity_update_rmse:5.170446668614398,index:0
2026-02-22 11:30:54.551 | DEBUG    | train.trainer:train_and_evaluation:396 - train_loss:-5.960003329528557,index:1
2026-02-22 11:30:54.551 | DEBUG    | train.trainer:train_and_evaluation:398 - validation_loss:0.0011164064552656703,index:1
2026-02-22 11:30:54.551 | DEBUG    | train.trainer:train_and_evaluation:400 - location_prediction_rmse:29.11106303372226,index:1
2026-02-22 11:30:54.551 | DEBUG    | train.trainer:train_and_evaluation:402 - velocity_prediction_rmse:5.677282740519597,index:1
2026-02-22 11:30:54.551 | DEBUG    | train.trainer:train_and_evaluation:404 - location_update_rmse:20.724941561772273,index:1
2026-02-22 11:30:54.551 | DEBUG    | train.trainer:train_and_evaluation:406 - velocity_update_rmse:6.029492043086461,index:1
2026-02-26 16:06:56.275 | DEBUG    | train.trainer:train_and_evaluation:397 - train_loss:0.014716442286306839,index:0
2026-02-26 16:06:56.277 | DEBUG    | train.trainer:train_and_evaluation:399 - validation_loss:0.012007262810481364,index:0
2026-02-26 16:06:56.277 | DEBUG    | train.trainer:train_and_evaluation:401 - location_prediction_rmse:52.69085119142637,index:0
2026-02-26 16:06:56.277 | DEBUG    | train.trainer:train_and_evaluation:403 - velocity_prediction_rmse:20.67871032976842,index:0
2026-02-26 16:06:56.278 | DEBUG    | train.trainer:train_and_evaluation:405 - location_update_rmse:25.158298133598578,index:0
2026-02-26 16:06:56.278 | DEBUG    | train.trainer:train_and_evaluation:407 - velocity_update_rmse:20.359619876316614,index:0
2026-02-26 16:50:56.987 | DEBUG    | train.trainer:train_and_evaluation:397 - train_loss:0.015252519359352876,index:0
2026-02-26 16:50:56.988 | DEBUG    | train.trainer:train_and_evaluation:399 - validation_loss:0.012448437054191235,index:0
2026-02-26 16:50:56.988 | DEBUG    | train.trainer:train_and_evaluation:401 - location_prediction_rmse:54.14580538739215,index:0
2026-02-26 16:50:56.988 | DEBUG    | train.trainer:train_and_evaluation:403 - velocity_prediction_rmse:21.04055752010136,index:0
2026-02-26 16:50:56.989 | DEBUG    | train.trainer:train_and_evaluation:405 - location_update_rmse:25.188369980487195,index:0
2026-02-26 16:50:56.989 | DEBUG    | train.trainer:train_and_evaluation:407 - velocity_update_rmse:20.727089418264537,index:0
2026-02-26 21:22:34.231 | DEBUG    | train.trainer:train_and_evaluation:399 - train_loss:0.017364048416736527,index:0
2026-02-26 21:22:34.231 | DEBUG    | train.trainer:train_and_evaluation:401 - validation_loss:0.014960782097417165,index:0
2026-02-26 21:22:34.231 | DEBUG    | train.trainer:train_and_evaluation:403 - location_prediction_rmse:57.68917707086919,index:0
2026-02-26 21:22:34.231 | DEBUG    | train.trainer:train_and_evaluation:405 - velocity_prediction_rmse:23.25854412833413,index:0
2026-02-26 21:22:34.231 | DEBUG    | train.trainer:train_and_evaluation:407 - location_update_rmse:25.273992500305177,index:0
2026-02-26 21:22:34.232 | DEBUG    | train.trainer:train_and_evaluation:409 - velocity_update_rmse:22.94611129110986,index:0
2026-02-26 23:57:39.065 | DEBUG    | train.trainer:train_and_evaluation:399 - train_loss:0.015480323667781284,index:0
2026-02-26 23:57:39.066 | DEBUG    | train.trainer:train_and_evaluation:401 - validation_loss:0.01458132282416285,index:0
2026-02-26 23:57:39.066 | DEBUG    | train.trainer:train_and_evaluation:403 - location_prediction_rmse:55.14944151742118,index:0
2026-02-26 23:57:39.066 | DEBUG    | train.trainer:train_and_evaluation:405 - velocity_prediction_rmse:22.69959746371259,index:0
2026-02-26 23:57:39.066 | DEBUG    | train.trainer:train_and_evaluation:407 - location_update_rmse:25.19414722631266,index:0
2026-02-26 23:57:39.066 | DEBUG    | train.trainer:train_and_evaluation:409 - velocity_update_rmse:22.470498658064958,index:0
2026-02-27 12:23:48.554 | DEBUG    | train.trainer:train_and_evaluation:399 - train_loss:0.00938835842296792,index:0
2026-02-27 12:23:48.555 | DEBUG    | train.trainer:train_and_evaluation:401 - validation_loss:0.0017773575797692392,index:0
2026-02-27 12:23:48.555 | DEBUG    | train.trainer:train_and_evaluation:403 - location_prediction_rmse:53.57818584064861,index:0
2026-02-27 12:23:48.555 | DEBUG    | train.trainer:train_and_evaluation:405 - velocity_prediction_rmse:21.559396647987786,index:0
2026-02-27 12:23:48.555 | DEBUG    | train.trainer:train_and_evaluation:407 - location_update_rmse:25.16926890698108,index:0
2026-02-27 12:23:48.555 | DEBUG    | train.trainer:train_and_evaluation:409 - velocity_update_rmse:21.02090477639502,index:0
2026-02-27 12:50:12.471 | DEBUG    | train.trainer:train_and_evaluation:399 - train_loss:0.000987752962299075,index:1
2026-02-27 12:50:12.471 | DEBUG    | train.trainer:train_and_evaluation:401 - validation_loss:0.0017741392253818769,index:1
2026-02-27 12:50:12.472 | DEBUG    | train.trainer:train_and_evaluation:403 - location_prediction_rmse:54.099226869017215,index:1
2026-02-27 12:50:12.472 | DEBUG    | train.trainer:train_and_evaluation:405 - velocity_prediction_rmse:21.65914399450952,index:1
2026-02-27 12:50:12.472 | DEBUG    | train.trainer:train_and_evaluation:407 - location_update_rmse:25.236571246346273,index:1
2026-02-27 12:50:12.472 | DEBUG    | train.trainer:train_and_evaluation:409 - velocity_update_rmse:20.69610869564853,index:1
2026-02-27 13:20:27.237 | DEBUG    | train.trainer:train_and_evaluation:399 - train_loss:0.0011136577493144305,index:2
2026-02-27 13:20:27.238 | DEBUG    | train.trainer:train_and_evaluation:401 - validation_loss:0.0015893611970682537,index:2
2026-02-27 13:20:27.238 | DEBUG    | train.trainer:train_and_evaluation:403 - location_prediction_rmse:52.160217894669415,index:2
2026-02-27 13:20:27.240 | DEBUG    | train.trainer:train_and_evaluation:405 - velocity_prediction_rmse:20.472231924874443,index:2
2026-02-27 13:20:27.241 | DEBUG    | train.trainer:train_and_evaluation:407 - location_update_rmse:25.217766468341534,index:2
2026-02-27 13:20:27.241 | DEBUG    | train.trainer:train_and_evaluation:409 - velocity_update_rmse:20.375647030819902,index:2
2026-02-27 13:50:06.572 | DEBUG    | train.trainer:train_and_evaluation:399 - train_loss:0.0010212249354263293,index:3
2026-02-27 13:50:06.572 | DEBUG    | train.trainer:train_and_evaluation:401 - validation_loss:0.0013525971975644467,index:3
2026-02-27 13:50:06.573 | DEBUG    | train.trainer:train_and_evaluation:403 - location_prediction_rmse:48.91806697090904,index:3
2026-02-27 13:50:06.573 | DEBUG    | train.trainer:train_and_evaluation:405 - velocity_prediction_rmse:18.4091486117604,index:3
2026-02-27 13:50:06.573 | DEBUG    | train.trainer:train_and_evaluation:407 - location_update_rmse:25.1472013764853,index:3
2026-02-27 13:50:06.573 | DEBUG    | train.trainer:train_and_evaluation:409 - velocity_update_rmse:17.92134250630389,index:3
2026-02-27 14:14:48.585 | DEBUG    | train.trainer:train_and_evaluation:399 - train_loss:0.0009721473305726649,index:4
2026-02-27 14:14:48.586 | DEBUG    | train.trainer:train_and_evaluation:401 - validation_loss:0.0013042694008666101,index:4
2026-02-27 14:14:48.586 | DEBUG    | train.trainer:train_and_evaluation:403 - location_prediction_rmse:49.42984510526552,index:4
2026-02-27 14:14:48.586 | DEBUG    | train.trainer:train_and_evaluation:405 - velocity_prediction_rmse:18.25521046942407,index:4
2026-02-27 14:14:48.586 | DEBUG    | train.trainer:train_and_evaluation:407 - location_update_rmse:25.149924532292964,index:4
2026-02-27 14:14:48.586 | DEBUG    | train.trainer:train_and_evaluation:409 - velocity_update_rmse:17.709748151695337,index:4
2026-02-28 10:46:10.747 | DEBUG    | train.trainer:train_and_evaluation:474 - train_loss:0.009922184338115135,index:0
2026-02-28 10:46:10.749 | DEBUG    | train.trainer:train_and_evaluation:476 - validation_loss:0.0014780386518316016,index:0
2026-02-28 10:46:10.750 | DEBUG    | train.trainer:train_and_evaluation:478 - location_prediction_rmse:49.97998147733919,index:0
2026-02-28 10:46:10.750 | DEBUG    | train.trainer:train_and_evaluation:480 - velocity_prediction_rmse:19.559475651730548,index:0
2026-02-28 10:46:10.750 | DEBUG    | train.trainer:train_and_evaluation:482 - location_update_rmse:25.82127272941254,index:0
2026-02-28 10:46:10.750 | DEBUG    | train.trainer:train_and_evaluation:484 - velocity_update_rmse:16.394113980387594,index:0
2026-02-28 11:32:35.199 | DEBUG    | train.trainer:train_and_evaluation:474 - train_loss:0.0008160716095873075,index:1
2026-02-28 11:32:35.200 | DEBUG    | train.trainer:train_and_evaluation:476 - validation_loss:0.0010381387370500387,index:1
2026-02-28 11:32:35.200 | DEBUG    | train.trainer:train_and_evaluation:478 - location_prediction_rmse:44.849456599308894,index:1
2026-02-28 11:32:35.202 | DEBUG    | train.trainer:train_and_evaluation:480 - velocity_prediction_rmse:14.983490912468879,index:1
2026-02-28 11:32:35.202 | DEBUG    | train.trainer:train_and_evaluation:482 - location_update_rmse:26.125498364626708,index:1
2026-02-28 11:32:35.202 | DEBUG    | train.trainer:train_and_evaluation:484 - velocity_update_rmse:13.646025276812878,index:1
2026-02-28 12:20:06.054 | DEBUG    | train.trainer:train_and_evaluation:474 - train_loss:0.0006176274968519075,index:2
2026-02-28 12:20:06.055 | DEBUG    | train.trainer:train_and_evaluation:476 - validation_loss:0.0009019660241300608,index:2
2026-02-28 12:20:06.056 | DEBUG    | train.trainer:train_and_evaluation:478 - location_prediction_rmse:43.257968656938154,index:2
2026-02-28 12:20:06.057 | DEBUG    | train.trainer:train_and_evaluation:480 - velocity_prediction_rmse:13.82015159355415,index:2
2026-02-28 12:20:06.057 | DEBUG    | train.trainer:train_and_evaluation:482 - location_update_rmse:26.14634994821234,index:2
2026-02-28 12:20:06.057 | DEBUG    | train.trainer:train_and_evaluation:484 - velocity_update_rmse:13.882076249384617,index:2
2026-02-28 13:14:43.238 | DEBUG    | train.trainer:train_and_evaluation:474 - train_loss:0.0006453323414134102,index:3
2026-02-28 13:14:43.239 | DEBUG    | train.trainer:train_and_evaluation:476 - validation_loss:0.0006350735298826124,index:3
2026-02-28 13:14:43.239 | DEBUG    | train.trainer:train_and_evaluation:478 - location_prediction_rmse:40.58467213641156,index:3
2026-02-28 13:14:43.239 | DEBUG    | train.trainer:train_and_evaluation:480 - velocity_prediction_rmse:11.292536864228301,index:3
2026-02-28 13:14:43.239 | DEBUG    | train.trainer:train_and_evaluation:482 - location_update_rmse:26.0896225131737,index:3
2026-02-28 13:14:43.239 | DEBUG    | train.trainer:train_and_evaluation:484 - velocity_update_rmse:11.199227933150071,index:3
2026-02-28 14:09:10.870 | DEBUG    | train.trainer:train_and_evaluation:474 - train_loss:0.0005398587723830932,index:4
2026-02-28 14:09:10.871 | DEBUG    | train.trainer:train_and_evaluation:476 - validation_loss:0.0006694627904005676,index:4
2026-02-28 14:09:10.871 | DEBUG    | train.trainer:train_and_evaluation:478 - location_prediction_rmse:40.75219047546387,index:4
2026-02-28 14:09:10.871 | DEBUG    | train.trainer:train_and_evaluation:480 - velocity_prediction_rmse:11.718656465928634,index:4
2026-02-28 14:09:10.871 | DEBUG    | train.trainer:train_and_evaluation:482 - location_update_rmse:25.96439687875601,index:4
2026-02-28 14:09:10.871 | DEBUG    | train.trainer:train_and_evaluation:484 - velocity_update_rmse:11.830349459595732,index:4
2026-02-28 14:51:53.905 | DEBUG    | train.trainer:train_and_evaluation:474 - train_loss:0.0005656884726060805,index:5
2026-02-28 14:51:53.906 | DEBUG    | train.trainer:train_and_evaluation:476 - validation_loss:0.0005912046328380162,index:5
2026-02-28 14:51:53.906 | DEBUG    | train.trainer:train_and_evaluation:478 - location_prediction_rmse:39.386726109850535,index:5
2026-02-28 14:51:53.906 | DEBUG    | train.trainer:train_and_evaluation:480 - velocity_prediction_rmse:10.784875006308923,index:5
2026-02-28 14:51:53.907 | DEBUG    | train.trainer:train_and_evaluation:482 - location_update_rmse:26.139043922424317,index:5
2026-02-28 14:51:53.907 | DEBUG    | train.trainer:train_and_evaluation:484 - velocity_update_rmse:10.006927745630453,index:5
2026-02-28 15:42:53.738 | DEBUG    | train.trainer:train_and_evaluation:474 - train_loss:0.007903556050636786,index:0
2026-02-28 15:42:53.738 | DEBUG    | train.trainer:train_and_evaluation:476 - validation_loss:0.0016467139247234317,index:0
2026-02-28 15:42:53.738 | DEBUG    | train.trainer:train_and_evaluation:478 - location_prediction_rmse:51.323362163501784,index:0
2026-02-28 15:42:53.739 | DEBUG    | train.trainer:train_and_evaluation:480 - velocity_prediction_rmse:20.75090154354389,index:0
2026-02-28 15:42:53.739 | DEBUG    | train.trainer:train_and_evaluation:482 - location_update_rmse:25.89626064992213,index:0
2026-02-28 15:42:53.739 | DEBUG    | train.trainer:train_and_evaluation:484 - velocity_update_rmse:16.738449043441605,index:0
2026-02-28 16:28:31.888 | DEBUG    | train.trainer:train_and_evaluation:474 - train_loss:0.0008033042461609731,index:1
2026-02-28 16:28:31.888 | DEBUG    | train.trainer:train_and_evaluation:476 - validation_loss:0.0009923471644223965,index:1
2026-02-28 16:28:31.889 | DEBUG    | train.trainer:train_and_evaluation:478 - location_prediction_rmse:44.35860381996238,index:1
2026-02-28 16:28:31.889 | DEBUG    | train.trainer:train_and_evaluation:480 - velocity_prediction_rmse:14.821936222327935,index:1
2026-02-28 16:28:31.889 | DEBUG    | train.trainer:train_and_evaluation:482 - location_update_rmse:26.181248977786893,index:1
2026-02-28 16:28:31.890 | DEBUG    | train.trainer:train_and_evaluation:484 - velocity_update_rmse:12.421864245278496,index:1
2026-03-01 13:26:27.405 | DEBUG    | train.trainer:train_and_evaluation:497 - train_loss:-55.24446996374444,index:0
2026-03-01 13:26:27.407 | DEBUG    | train.trainer:train_and_evaluation:499 - validation_loss:0.0025756577054642468,index:0
2026-03-01 13:26:27.407 | DEBUG    | train.trainer:train_and_evaluation:501 - location_prediction_rmse:63.57320081606016,index:0
2026-03-01 13:26:27.408 | DEBUG    | train.trainer:train_and_evaluation:503 - velocity_prediction_rmse:25.533428149799725,index:0
2026-03-01 13:26:27.408 | DEBUG    | train.trainer:train_and_evaluation:505 - location_update_rmse:24.736965754163133,index:0
2026-03-01 13:26:27.408 | DEBUG    | train.trainer:train_and_evaluation:507 - velocity_update_rmse:21.501740046700277,index:0
2026-03-01 14:13:01.480 | DEBUG    | train.trainer:train_and_evaluation:497 - train_loss:-55.260227521540045,index:1
2026-03-01 14:13:01.481 | DEBUG    | train.trainer:train_and_evaluation:499 - validation_loss:0.0017559460908491778,index:1
2026-03-01 14:13:01.481 | DEBUG    | train.trainer:train_and_evaluation:501 - location_prediction_rmse:53.614639108678794,index:1
2026-03-01 14:13:01.481 | DEBUG    | train.trainer:train_and_evaluation:503 - velocity_prediction_rmse:21.351989126519843,index:1
2026-03-01 14:13:01.481 | DEBUG    | train.trainer:train_and_evaluation:505 - location_update_rmse:24.472879855396982,index:1
2026-03-01 14:13:01.481 | DEBUG    | train.trainer:train_and_evaluation:507 - velocity_update_rmse:18.209679119193947,index:1
2026-03-01 14:57:39.609 | DEBUG    | train.trainer:train_and_evaluation:497 - train_loss:-55.26025612799676,index:2
2026-03-01 14:57:39.610 | DEBUG    | train.trainer:train_and_evaluation:499 - validation_loss:0.0018597770258170236,index:2
2026-03-01 14:57:39.610 | DEBUG    | train.trainer:train_and_evaluation:501 - location_prediction_rmse:54.38681886274736,index:2
2026-03-01 14:57:39.610 | DEBUG    | train.trainer:train_and_evaluation:503 - velocity_prediction_rmse:21.640021452222552,index:2
2026-03-01 14:57:39.610 | DEBUG    | train.trainer:train_and_evaluation:505 - location_update_rmse:24.283483751317956,index:2
2026-03-01 14:57:39.611 | DEBUG    | train.trainer:train_and_evaluation:507 - velocity_update_rmse:18.443753793108595,index:2
2026-03-01 15:47:47.407 | DEBUG    | train.trainer:train_and_evaluation:497 - train_loss:-55.26059117704958,index:3
2026-03-01 15:47:47.407 | DEBUG    | train.trainer:train_and_evaluation:499 - validation_loss:0.0034193795805817447,index:3
2026-03-01 15:47:47.407 | DEBUG    | train.trainer:train_and_evaluation:501 - location_prediction_rmse:68.07966948708335,index:3
2026-03-01 15:47:47.408 | DEBUG    | train.trainer:train_and_evaluation:503 - velocity_prediction_rmse:29.307611821143183,index:3
2026-03-01 15:47:47.408 | DEBUG    | train.trainer:train_and_evaluation:505 - location_update_rmse:24.983411010909865,index:3
2026-03-01 15:47:47.408 | DEBUG    | train.trainer:train_and_evaluation:507 - velocity_update_rmse:24.864636849413863,index:3
2026-03-01 16:37:35.138 | DEBUG    | train.trainer:train_and_evaluation:497 - train_loss:-55.26064373435555,index:4
2026-03-01 16:37:35.138 | DEBUG    | train.trainer:train_and_evaluation:499 - validation_loss:0.0012780812081681298,index:4
2026-03-01 16:37:35.138 | DEBUG    | train.trainer:train_and_evaluation:501 - location_prediction_rmse:48.86840848063375,index:4
2026-03-01 16:37:35.139 | DEBUG    | train.trainer:train_and_evaluation:503 - velocity_prediction_rmse:17.777653135048165,index:4
2026-03-01 16:37:35.139 | DEBUG    | train.trainer:train_and_evaluation:505 - location_update_rmse:24.12563369876736,index:4
2026-03-01 16:37:35.139 | DEBUG    | train.trainer:train_and_evaluation:507 - velocity_update_rmse:15.181950863324678,index:4
2026-03-01 23:37:41.975 | DEBUG    | train.trainer:train_and_evaluation:499 - train_loss:0.0017872370069332876,index:0
2026-03-01 23:37:41.978 | DEBUG    | train.trainer:train_and_evaluation:501 - validation_loss:0.035498563663485194,index:0
2026-03-01 23:37:41.980 | DEBUG    | train.trainer:train_and_evaluation:503 - location_prediction_rmse:310.86483195881266,index:0
2026-03-01 23:37:41.981 | DEBUG    | train.trainer:train_and_evaluation:505 - velocity_prediction_rmse:56.723143124213586,index:0
2026-03-01 23:37:41.982 | DEBUG    | train.trainer:train_and_evaluation:507 - location_update_rmse:227.292091518444,index:0
2026-03-01 23:37:41.982 | DEBUG    | train.trainer:train_and_evaluation:509 - velocity_update_rmse:50.42408718570248,index:0
2026-03-03 15:55:42.375 | DEBUG    | train.trainer:train_and_evaluation:468 - train_loss:0.10165665932410335,index:0
2026-03-03 15:55:42.378 | DEBUG    | train.trainer:train_and_evaluation:470 - validation_loss:0.0009522000919921313,index:0
2026-03-03 15:55:42.378 | DEBUG    | train.trainer:train_and_evaluation:472 - location_prediction_rmse:48.89011941763071,index:0
2026-03-03 15:55:42.378 | DEBUG    | train.trainer:train_and_evaluation:474 - velocity_prediction_rmse:13.634641062139154,index:0
2026-03-03 15:55:42.379 | DEBUG    | train.trainer:train_and_evaluation:476 - location_update_rmse:31.794482555179805,index:0
2026-03-03 15:55:42.379 | DEBUG    | train.trainer:train_and_evaluation:478 - velocity_update_rmse:7.811875215991512,index:0
